filename,date,time,lat,lon,depth,wavelength,ag,abs_ag
NES-LTER_AE2426_ag_202411061634_003m_R1.sb,20241106,16:34:45,41.1959,-70.8836,2.9,300.0,1.219997,0.053629
NES-LTER_AE2426_ag_202411061634_003m_R1.sb,20241106,16:34:45,41.1959,-70.8836,2.9,301.0,1.19127,0.05238
NES-LTER_AE2426_ag_202411061634_003m_R1.sb,20241106,16:34:45,41.1959,-70.8836,2.9,302.0,1.16298,0.05115
NES-LTER_AE2426_ag_202411061634_003m_R1.sb,20241106,16:34:45,41.1959,-70.8836,2.9,303.0,1.13607,0.04998
NES-LTER_AE2426_ag_202411061634_003m_R1.sb,20241106,16:34:45,41.1959,-70.8836,2.9,304.0,1.109551,0.048827
NES-LTER_AE2426_ag_202411061634_003m_R1.sb,20241106,16:34:45,41.1959,-70.8836,2.9,305.0,1.085332,0.047774
NES-LTER_AE2426_ag_202411061634_003m_R1.sb,20241106,16:34:45,41.1959,-70.8836,2.9,306.0,1.060952,0.046714
NES-LTER_AE2426_ag_202411061634_003m_R1.sb,20241106,16:34:45,41.1959,-70.8836,2.9,307.0,1.038182,0.045724
NES-LTER_AE2426_ag_202411061634_003m_R1.sb,20241106,16:34:45,41.1959,-70.8836,2.9,308.0,1.016148,0.044766
NES-LTER_AE2426_ag_202411061634_003m_R1.sb,20241106,16:34:45,41.1959,-70.8836,2.9,309.0,0.995678,0.043876
NES-LTER_AE2426_ag_202411061634_003m_R1.sb,20241106,16:34:45,41.1959,-70.8836,2.9,310.0,0.975806,0.043012
NES-LTER_AE2426_ag_202411061634_003m_R1.sb,20241106,16:34:45,41.1959,-70.8836,2.9,311.0,0.956072,0.042154
NES-LTER_AE2426_ag_202411061634_003m_R1.sb,20241106,16:34:45,41.1959,-70.8836,2.9,312.0,0.936545,0.041305
NES-LTER_AE2426_ag_202411061634_003m_R1.sb,20241106,16:34:45,41.1959,-70.8836,2.9,313.0,0.917662,0.040484
NES-LTER_AE2426_ag_202411061634_003m_R1.sb,20241106,16:34:45,41.1959,-70.8836,2.9,314.0,0.89917,0.03968
NES-LTER_AE2426_ag_202411061634_003m_R1.sb,20241106,16:34:45,41.1959,-70.8836,2.9,315.0,0.881943,0.038931
NES-LTER_AE2426_ag_202411061634_003m_R1.sb,20241106,16:34:45,41.1959,-70.8836,2.9,316.0,0.864348,0.038166
NES-LTER_AE2426_ag_202411061634_003m_R1.sb,20241106,16:34:45,41.1959,-70.8836,2.9,317.0,0.847696,0.037442
NES-LTER_AE2426_ag_202411061634_003m_R1.sb,20241106,16:34:45,41.1959,-70.8836,2.9,318.0,0.831021,0.036717
NES-LTER_AE2426_ag_202411061634_003m_R1.sb,20241106,16:34:45,41.1959,-70.8836,2.9,319.0,0.815128,0.036026
NES-LTER_AE2426_ag_202411061634_003m_R1.sb,20241106,16:34:45,41.1959,-70.8836,2.9,320.0,0.799488,0.035346
NES-LTER_AE2426_ag_202411061634_003m_R1.sb,20241106,16:34:45,41.1959,-70.8836,2.9,321.0,0.783871,0.034667
NES-LTER_AE2426_ag_202411061634_003m_R1.sb,20241106,16:34:45,41.1959,-70.8836,2.9,322.0,0.76876,0.03401
NES-LTER_AE2426_ag_202411061634_003m_R1.sb,20241106,16:34:45,41.1959,-70.8836,2.9,323.0,0.753626,0.033352
NES-LTER_AE2426_ag_202411061634_003m_R1.sb,20241106,16:34:45,41.1959,-70.8836,2.9,324.0,0.739596,0.032742
NES-LTER_AE2426_ag_202411061634_003m_R1.sb,20241106,16:34:45,41.1959,-70.8836,2.9,325.0,0.725819,0.032143
NES-LTER_AE2426_ag_202411061634_003m_R1.sb,20241106,16:34:45,41.1959,-70.8836,2.9,326.0,0.712594,0.031568
NES-LTER_AE2426_ag_202411061634_003m_R1.sb,20241106,16:34:45,41.1959,-70.8836,2.9,327.0,0.698955,0.030975
NES-LTER_AE2426_ag_202411061634_003m_R1.sb,20241106,16:34:45,41.1959,-70.8836,2.9,328.0,0.685983,0.030411
NES-LTER_AE2426_ag_202411061634_003m_R1.sb,20241106,16:34:45,41.1959,-70.8836,2.9,329.0,0.673126,0.029852
NES-LTER_AE2426_ag_202411061634_003m_R1.sb,20241106,16:34:45,41.1959,-70.8836,2.9,330.0,0.660913,0.029321
NES-LTER_AE2426_ag_202411061634_003m_R1.sb,20241106,16:34:45,41.1959,-70.8836,2.9,331.0,0.648286,0.028772
NES-LTER_AE2426_ag_202411061634_003m_R1.sb,20241106,16:34:45,41.1959,-70.8836,2.9,332.0,0.635889,0.028233
NES-LTER_AE2426_ag_202411061634_003m_R1.sb,20241106,16:34:45,41.1959,-70.8836,2.9,333.0,0.623538,0.027696
NES-LTER_AE2426_ag_202411061634_003m_R1.sb,20241106,16:34:45,41.1959,-70.8836,2.9,334.0,0.612337,0.027209
NES-LTER_AE2426_ag_202411061634_003m_R1.sb,20241106,16:34:45,41.1959,-70.8836,2.9,335.0,0.600952,0.026714
NES-LTER_AE2426_ag_202411061634_003m_R1.sb,20241106,16:34:45,41.1959,-70.8836,2.9,336.0,0.590372,0.026254
NES-LTER_AE2426_ag_202411061634_003m_R1.sb,20241106,16:34:45,41.1959,-70.8836,2.9,337.0,0.57901,0.02576
NES-LTER_AE2426_ag_202411061634_003m_R1.sb,20241106,16:34:45,41.1959,-70.8836,2.9,338.0,0.56866,0.02531
NES-LTER_AE2426_ag_202411061634_003m_R1.sb,20241106,16:34:45,41.1959,-70.8836,2.9,339.0,0.557643,0.024831
NES-LTER_AE2426_ag_202411061634_003m_R1.sb,20241106,16:34:45,41.1959,-70.8836,2.9,340.0,0.547822,0.024404
NES-LTER_AE2426_ag_202411061634_003m_R1.sb,20241106,16:34:45,41.1959,-70.8836,2.9,341.0,0.537541,0.023957
NES-LTER_AE2426_ag_202411061634_003m_R1.sb,20241106,16:34:45,41.1959,-70.8836,2.9,342.0,0.528065,0.023545
NES-LTER_AE2426_ag_202411061634_003m_R1.sb,20241106,16:34:45,41.1959,-70.8836,2.9,343.0,0.518566,0.023132
NES-LTER_AE2426_ag_202411061634_003m_R1.sb,20241106,16:34:45,41.1959,-70.8836,2.9,344.0,0.509343,0.022731
NES-LTER_AE2426_ag_202411061634_003m_R1.sb,20241106,16:34:45,41.1959,-70.8836,2.9,345.0,0.499844,0.022318
NES-LTER_AE2426_ag_202411061634_003m_R1.sb,20241106,16:34:45,41.1959,-70.8836,2.9,346.0,0.49046,0.02191
NES-LTER_AE2426_ag_202411061634_003m_R1.sb,20241106,16:34:45,41.1959,-70.8836,2.9,347.0,0.481605,0.021525
NES-LTER_AE2426_ag_202411061634_003m_R1.sb,20241106,16:34:45,41.1959,-70.8836,2.9,348.0,0.473578,0.021176
NES-LTER_AE2426_ag_202411061634_003m_R1.sb,20241106,16:34:45,41.1959,-70.8836,2.9,349.0,0.46493,0.0208
NES-LTER_AE2426_ag_202411061634_003m_R1.sb,20241106,16:34:45,41.1959,-70.8836,2.9,350.0,0.456604,0.020438
NES-LTER_AE2426_ag_202411061634_003m_R1.sb,20241106,16:34:45,41.1959,-70.8836,2.9,351.0,0.44883,0.0201
NES-LTER_AE2426_ag_202411061634_003m_R1.sb,20241106,16:34:45,41.1959,-70.8836,2.9,352.0,0.441171,0.019767
NES-LTER_AE2426_ag_202411061634_003m_R1.sb,20241106,16:34:45,41.1959,-70.8836,2.9,353.0,0.433627,0.019439
NES-LTER_AE2426_ag_202411061634_003m_R1.sb,20241106,16:34:45,41.1959,-70.8836,2.9,354.0,0.426083,0.019111
NES-LTER_AE2426_ag_202411061634_003m_R1.sb,20241106,16:34:45,41.1959,-70.8836,2.9,355.0,0.41916,0.01881
NES-LTER_AE2426_ag_202411061634_003m_R1.sb,20241106,16:34:45,41.1959,-70.8836,2.9,356.0,0.412191,0.018507
NES-LTER_AE2426_ag_202411061634_003m_R1.sb,20241106,16:34:45,41.1959,-70.8836,2.9,357.0,0.404762,0.018184
NES-LTER_AE2426_ag_202411061634_003m_R1.sb,20241106,16:34:45,41.1959,-70.8836,2.9,358.0,0.397678,0.017876
NES-LTER_AE2426_ag_202411061634_003m_R1.sb,20241106,16:34:45,41.1959,-70.8836,2.9,359.0,0.390847,0.017579
NES-LTER_AE2426_ag_202411061634_003m_R1.sb,20241106,16:34:45,41.1959,-70.8836,2.9,360.0,0.384315,0.017295
NES-LTER_AE2426_ag_202411061634_003m_R1.sb,20241106,16:34:45,41.1959,-70.8836,2.9,361.0,0.377875,0.017015
NES-LTER_AE2426_ag_202411061634_003m_R1.sb,20241106,16:34:45,41.1959,-70.8836,2.9,362.0,0.371941,0.016757
NES-LTER_AE2426_ag_202411061634_003m_R1.sb,20241106,16:34:45,41.1959,-70.8836,2.9,363.0,0.36626,0.01651
NES-LTER_AE2426_ag_202411061634_003m_R1.sb,20241106,16:34:45,41.1959,-70.8836,2.9,364.0,0.360257,0.016249
NES-LTER_AE2426_ag_202411061634_003m_R1.sb,20241106,16:34:45,41.1959,-70.8836,2.9,365.0,0.354162,0.015984
NES-LTER_AE2426_ag_202411061634_003m_R1.sb,20241106,16:34:45,41.1959,-70.8836,2.9,366.0,0.348481,0.015737
NES-LTER_AE2426_ag_202411061634_003m_R1.sb,20241106,16:34:45,41.1959,-70.8836,2.9,367.0,0.343329,0.015513
NES-LTER_AE2426_ag_202411061634_003m_R1.sb,20241106,16:34:45,41.1959,-70.8836,2.9,368.0,0.338131,0.015287
NES-LTER_AE2426_ag_202411061634_003m_R1.sb,20241106,16:34:45,41.1959,-70.8836,2.9,369.0,0.332473,0.015041
NES-LTER_AE2426_ag_202411061634_003m_R1.sb,20241106,16:34:45,41.1959,-70.8836,2.9,370.0,0.327275,0.014815
NES-LTER_AE2426_ag_202411061634_003m_R1.sb,20241106,16:34:45,41.1959,-70.8836,2.9,371.0,0.322422,0.014604
NES-LTER_AE2426_ag_202411061634_003m_R1.sb,20241106,16:34:45,41.1959,-70.8836,2.9,372.0,0.316626,0.014352
NES-LTER_AE2426_ag_202411061634_003m_R1.sb,20241106,16:34:45,41.1959,-70.8836,2.9,373.0,0.310715,0.014095
NES-LTER_AE2426_ag_202411061634_003m_R1.sb,20241106,16:34:45,41.1959,-70.8836,2.9,374.0,0.304827,0.013839
NES-LTER_AE2426_ag_202411061634_003m_R1.sb,20241106,16:34:45,41.1959,-70.8836,2.9,375.0,0.300319,0.013643
NES-LTER_AE2426_ag_202411061634_003m_R1.sb,20241106,16:34:45,41.1959,-70.8836,2.9,376.0,0.295558,0.013436
NES-LTER_AE2426_ag_202411061634_003m_R1.sb,20241106,16:34:45,41.1959,-70.8836,2.9,377.0,0.290659,0.013223
NES-LTER_AE2426_ag_202411061634_003m_R1.sb,20241106,16:34:45,41.1959,-70.8836,2.9,378.0,0.285898,0.013016
NES-LTER_AE2426_ag_202411061634_003m_R1.sb,20241106,16:34:45,41.1959,-70.8836,2.9,379.0,0.28139,0.01282
NES-LTER_AE2426_ag_202411061634_003m_R1.sb,20241106,16:34:45,41.1959,-70.8836,2.9,380.0,0.277342,0.012644
NES-LTER_AE2426_ag_202411061634_003m_R1.sb,20241106,16:34:45,41.1959,-70.8836,2.9,381.0,0.273409,0.012473
NES-LTER_AE2426_ag_202411061634_003m_R1.sb,20241106,16:34:45,41.1959,-70.8836,2.9,382.0,0.269246,0.012292
NES-LTER_AE2426_ag_202411061634_003m_R1.sb,20241106,16:34:45,41.1959,-70.8836,2.9,383.0,0.264899,0.012103
NES-LTER_AE2426_ag_202411061634_003m_R1.sb,20241106,16:34:45,41.1959,-70.8836,2.9,384.0,0.260414,0.011908
NES-LTER_AE2426_ag_202411061634_003m_R1.sb,20241106,16:34:45,41.1959,-70.8836,2.9,385.0,0.255952,0.011714
NES-LTER_AE2426_ag_202411061634_003m_R1.sb,20241106,16:34:45,41.1959,-70.8836,2.9,386.0,0.25241,0.01156
NES-LTER_AE2426_ag_202411061634_003m_R1.sb,20241106,16:34:45,41.1959,-70.8836,2.9,387.0,0.248914,0.011408
NES-LTER_AE2426_ag_202411061634_003m_R1.sb,20241106,16:34:45,41.1959,-70.8836,2.9,388.0,0.245694,0.011268
NES-LTER_AE2426_ag_202411061634_003m_R1.sb,20241106,16:34:45,41.1959,-70.8836,2.9,389.0,0.242129,0.011113
NES-LTER_AE2426_ag_202411061634_003m_R1.sb,20241106,16:34:45,41.1959,-70.8836,2.9,390.0,0.238495,0.010955
NES-LTER_AE2426_ag_202411061634_003m_R1.sb,20241106,16:34:45,41.1959,-70.8836,2.9,391.0,0.235022,0.010804
NES-LTER_AE2426_ag_202411061634_003m_R1.sb,20241106,16:34:45,41.1959,-70.8836,2.9,392.0,0.231526,0.010652
NES-LTER_AE2426_ag_202411061634_003m_R1.sb,20241106,16:34:45,41.1959,-70.8836,2.9,393.0,0.22849,0.01052
NES-LTER_AE2426_ag_202411061634_003m_R1.sb,20241106,16:34:45,41.1959,-70.8836,2.9,394.0,0.225431,0.010387
NES-LTER_AE2426_ag_202411061634_003m_R1.sb,20241106,16:34:45,41.1959,-70.8836,2.9,395.0,0.222119,0.010243
NES-LTER_AE2426_ag_202411061634_003m_R1.sb,20241106,16:34:45,41.1959,-70.8836,2.9,396.0,0.218623,0.010091
NES-LTER_AE2426_ag_202411061634_003m_R1.sb,20241106,16:34:45,41.1959,-70.8836,2.9,397.0,0.215403,0.009951
NES-LTER_AE2426_ag_202411061634_003m_R1.sb,20241106,16:34:45,41.1959,-70.8836,2.9,398.0,0.212919,0.009843
NES-LTER_AE2426_ag_202411061634_003m_R1.sb,20241106,16:34:45,41.1959,-70.8836,2.9,399.0,0.210343,0.009731
NES-LTER_AE2426_ag_202411061634_003m_R1.sb,20241106,16:34:45,41.1959,-70.8836,2.9,400.0,0.20779,0.00962
NES-LTER_AE2426_ag_202411061634_003m_R1.sb,20241106,16:34:45,41.1959,-70.8836,2.9,401.0,0.204892,0.009494
NES-LTER_AE2426_ag_202411061634_003m_R1.sb,20241106,16:34:45,41.1959,-70.8836,2.9,402.0,0.201971,0.009367
NES-LTER_AE2426_ag_202411061634_003m_R1.sb,20241106,16:34:45,41.1959,-70.8836,2.9,403.0,0.199648,0.009266
NES-LTER_AE2426_ag_202411061634_003m_R1.sb,20241106,16:34:45,41.1959,-70.8836,2.9,404.0,0.197141,0.009157
NES-LTER_AE2426_ag_202411061634_003m_R1.sb,20241106,16:34:45,41.1959,-70.8836,2.9,405.0,0.194933,0.009061
NES-LTER_AE2426_ag_202411061634_003m_R1.sb,20241106,16:34:45,41.1959,-70.8836,2.9,406.0,0.192357,0.008949
NES-LTER_AE2426_ag_202411061634_003m_R1.sb,20241106,16:34:45,41.1959,-70.8836,2.9,407.0,0.189988,0.008846
NES-LTER_AE2426_ag_202411061634_003m_R1.sb,20241106,16:34:45,41.1959,-70.8836,2.9,408.0,0.187435,0.008735
NES-LTER_AE2426_ag_202411061634_003m_R1.sb,20241106,16:34:45,41.1959,-70.8836,2.9,409.0,0.184675,0.008615
NES-LTER_AE2426_ag_202411061634_003m_R1.sb,20241106,16:34:45,41.1959,-70.8836,2.9,410.0,0.182237,0.008509
NES-LTER_AE2426_ag_202411061634_003m_R1.sb,20241106,16:34:45,41.1959,-70.8836,2.9,411.0,0.18019,0.00842
NES-LTER_AE2426_ag_202411061634_003m_R1.sb,20241106,16:34:45,41.1959,-70.8836,2.9,412.0,0.177982,0.008324
NES-LTER_AE2426_ag_202411061634_003m_R1.sb,20241106,16:34:45,41.1959,-70.8836,2.9,413.0,0.175728,0.008226
NES-LTER_AE2426_ag_202411061634_003m_R1.sb,20241106,16:34:45,41.1959,-70.8836,2.9,414.0,0.173198,0.008116
NES-LTER_AE2426_ag_202411061634_003m_R1.sb,20241106,16:34:45,41.1959,-70.8836,2.9,415.0,0.171128,0.008026
NES-LTER_AE2426_ag_202411061634_003m_R1.sb,20241106,16:34:45,41.1959,-70.8836,2.9,416.0,0.168575,0.007915
NES-LTER_AE2426_ag_202411061634_003m_R1.sb,20241106,16:34:45,41.1959,-70.8836,2.9,417.0,0.166045,0.007805
NES-LTER_AE2426_ag_202411061634_003m_R1.sb,20241106,16:34:45,41.1959,-70.8836,2.9,418.0,0.163538,0.007696
NES-LTER_AE2426_ag_202411061634_003m_R1.sb,20241106,16:34:45,41.1959,-70.8836,2.9,419.0,0.161445,0.007605
NES-LTER_AE2426_ag_202411061634_003m_R1.sb,20241106,16:34:45,41.1959,-70.8836,2.9,420.0,0.15949,0.00752
NES-LTER_AE2426_ag_202411061634_003m_R1.sb,20241106,16:34:45,41.1959,-70.8836,2.9,421.0,0.157259,0.007423
NES-LTER_AE2426_ag_202411061634_003m_R1.sb,20241106,16:34:45,41.1959,-70.8836,2.9,422.0,0.155281,0.007337
NES-LTER_AE2426_ag_202411061634_003m_R1.sb,20241106,16:34:45,41.1959,-70.8836,2.9,423.0,0.15282,0.00723
NES-LTER_AE2426_ag_202411061634_003m_R1.sb,20241106,16:34:45,41.1959,-70.8836,2.9,424.0,0.150543,0.007131
NES-LTER_AE2426_ag_202411061634_003m_R1.sb,20241106,16:34:45,41.1959,-70.8836,2.9,425.0,0.147668,0.007006
NES-LTER_AE2426_ag_202411061634_003m_R1.sb,20241106,16:34:45,41.1959,-70.8836,2.9,426.0,0.145437,0.006909
NES-LTER_AE2426_ag_202411061634_003m_R1.sb,20241106,16:34:45,41.1959,-70.8836,2.9,427.0,0.14316,0.00681
NES-LTER_AE2426_ag_202411061634_003m_R1.sb,20241106,16:34:45,41.1959,-70.8836,2.9,428.0,0.140906,0.006712
NES-LTER_AE2426_ag_202411061634_003m_R1.sb,20241106,16:34:45,41.1959,-70.8836,2.9,429.0,0.138744,0.006618
NES-LTER_AE2426_ag_202411061634_003m_R1.sb,20241106,16:34:45,41.1959,-70.8836,2.9,430.0,0.136513,0.006521
NES-LTER_AE2426_ag_202411061634_003m_R1.sb,20241106,16:34:45,41.1959,-70.8836,2.9,431.0,0.134811,0.006447
NES-LTER_AE2426_ag_202411061634_003m_R1.sb,20241106,16:34:45,41.1959,-70.8836,2.9,432.0,0.132442,0.006344
NES-LTER_AE2426_ag_202411061634_003m_R1.sb,20241106,16:34:45,41.1959,-70.8836,2.9,433.0,0.130579,0.006263
NES-LTER_AE2426_ag_202411061634_003m_R1.sb,20241106,16:34:45,41.1959,-70.8836,2.9,434.0,0.128118,0.006156
NES-LTER_AE2426_ag_202411061634_003m_R1.sb,20241106,16:34:45,41.1959,-70.8836,2.9,435.0,0.126232,0.006074
NES-LTER_AE2426_ag_202411061634_003m_R1.sb,20241106,16:34:45,41.1959,-70.8836,2.9,436.0,0.123909,0.005973
NES-LTER_AE2426_ag_202411061634_003m_R1.sb,20241106,16:34:45,41.1959,-70.8836,2.9,437.0,0.121862,0.005884
NES-LTER_AE2426_ag_202411061634_003m_R1.sb,20241106,16:34:45,41.1959,-70.8836,2.9,438.0,0.120229,0.005813
NES-LTER_AE2426_ag_202411061634_003m_R1.sb,20241106,16:34:45,41.1959,-70.8836,2.9,439.0,0.118136,0.005722
NES-LTER_AE2426_ag_202411061634_003m_R1.sb,20241106,16:34:45,41.1959,-70.8836,2.9,440.0,0.115997,0.005629
NES-LTER_AE2426_ag_202411061634_003m_R1.sb,20241106,16:34:45,41.1959,-70.8836,2.9,441.0,0.113467,0.005519
NES-LTER_AE2426_ag_202411061634_003m_R1.sb,20241106,16:34:45,41.1959,-70.8836,2.9,442.0,0.11142,0.00543
NES-LTER_AE2426_ag_202411061634_003m_R1.sb,20241106,16:34:45,41.1959,-70.8836,2.9,443.0,0.109557,0.005349
NES-LTER_AE2426_ag_202411061634_003m_R1.sb,20241106,16:34:45,41.1959,-70.8836,2.9,444.0,0.107924,0.005278
NES-LTER_AE2426_ag_202411061634_003m_R1.sb,20241106,16:34:45,41.1959,-70.8836,2.9,445.0,0.106475,0.005215
NES-LTER_AE2426_ag_202411061634_003m_R1.sb,20241106,16:34:45,41.1959,-70.8836,2.9,446.0,0.104773,0.005141
NES-LTER_AE2426_ag_202411061634_003m_R1.sb,20241106,16:34:45,41.1959,-70.8836,2.9,447.0,0.103324,0.005078
NES-LTER_AE2426_ag_202411061634_003m_R1.sb,20241106,16:34:45,41.1959,-70.8836,2.9,448.0,0.101737,0.005009
NES-LTER_AE2426_ag_202411061634_003m_R1.sb,20241106,16:34:45,41.1959,-70.8836,2.9,449.0,0.100311,0.004947
NES-LTER_AE2426_ag_202411061634_003m_R1.sb,20241106,16:34:45,41.1959,-70.8836,2.9,450.0,0.098379,0.004863
NES-LTER_AE2426_ag_202411061634_003m_R1.sb,20241106,16:34:45,41.1959,-70.8836,2.9,451.0,0.096884,0.004798
NES-LTER_AE2426_ag_202411061634_003m_R1.sb,20241106,16:34:45,41.1959,-70.8836,2.9,452.0,0.09532,0.00473
NES-LTER_AE2426_ag_202411061634_003m_R1.sb,20241106,16:34:45,41.1959,-70.8836,2.9,453.0,0.094216,0.004682
NES-LTER_AE2426_ag_202411061634_003m_R1.sb,20241106,16:34:45,41.1959,-70.8836,2.9,454.0,0.092307,0.004599
NES-LTER_AE2426_ag_202411061634_003m_R1.sb,20241106,16:34:45,41.1959,-70.8836,2.9,455.0,0.090996,0.004542
NES-LTER_AE2426_ag_202411061634_003m_R1.sb,20241106,16:34:45,41.1959,-70.8836,2.9,456.0,0.089593,0.004481
NES-LTER_AE2426_ag_202411061634_003m_R1.sb,20241106,16:34:45,41.1959,-70.8836,2.9,457.0,0.088604,0.004438
NES-LTER_AE2426_ag_202411061634_003m_R1.sb,20241106,16:34:45,41.1959,-70.8836,2.9,458.0,0.087339,0.004383
NES-LTER_AE2426_ag_202411061634_003m_R1.sb,20241106,16:34:45,41.1959,-70.8836,2.9,459.0,0.086166,0.004332
NES-LTER_AE2426_ag_202411061634_003m_R1.sb,20241106,16:34:45,41.1959,-70.8836,2.9,460.0,0.084487,0.004259
NES-LTER_AE2426_ag_202411061634_003m_R1.sb,20241106,16:34:45,41.1959,-70.8836,2.9,461.0,0.083199,0.004203
NES-LTER_AE2426_ag_202411061634_003m_R1.sb,20241106,16:34:45,41.1959,-70.8836,2.9,462.0,0.081681,0.004137
NES-LTER_AE2426_ag_202411061634_003m_R1.sb,20241106,16:34:45,41.1959,-70.8836,2.9,463.0,0.080853,0.004101
NES-LTER_AE2426_ag_202411061634_003m_R1.sb,20241106,16:34:45,41.1959,-70.8836,2.9,464.0,0.079427,0.004039
NES-LTER_AE2426_ag_202411061634_003m_R1.sb,20241106,16:34:45,41.1959,-70.8836,2.9,465.0,0.077656,0.003962
NES-LTER_AE2426_ag_202411061634_003m_R1.sb,20241106,16:34:45,41.1959,-70.8836,2.9,466.0,0.075839,0.003883
NES-LTER_AE2426_ag_202411061634_003m_R1.sb,20241106,16:34:45,41.1959,-70.8836,2.9,467.0,0.07416,0.00381
NES-LTER_AE2426_ag_202411061634_003m_R1.sb,20241106,16:34:45,41.1959,-70.8836,2.9,468.0,0.072642,0.003744
NES-LTER_AE2426_ag_202411061634_003m_R1.sb,20241106,16:34:45,41.1959,-70.8836,2.9,469.0,0.071216,0.003682
NES-LTER_AE2426_ag_202411061634_003m_R1.sb,20241106,16:34:45,41.1959,-70.8836,2.9,470.0,0.069698,0.003616
NES-LTER_AE2426_ag_202411061634_003m_R1.sb,20241106,16:34:45,41.1959,-70.8836,2.9,471.0,0.068479,0.003563
NES-LTER_AE2426_ag_202411061634_003m_R1.sb,20241106,16:34:45,41.1959,-70.8836,2.9,472.0,0.066892,0.003494
NES-LTER_AE2426_ag_202411061634_003m_R1.sb,20241106,16:34:45,41.1959,-70.8836,2.9,473.0,0.06542,0.00343
NES-LTER_AE2426_ag_202411061634_003m_R1.sb,20241106,16:34:45,41.1959,-70.8836,2.9,474.0,0.063948,0.003366
NES-LTER_AE2426_ag_202411061634_003m_R1.sb,20241106,16:34:45,41.1959,-70.8836,2.9,475.0,0.062729,0.003313
NES-LTER_AE2426_ag_202411061634_003m_R1.sb,20241106,16:34:45,41.1959,-70.8836,2.9,476.0,0.061556,0.003262
NES-LTER_AE2426_ag_202411061634_003m_R1.sb,20241106,16:34:45,41.1959,-70.8836,2.9,477.0,0.0599,0.00319
NES-LTER_AE2426_ag_202411061634_003m_R1.sb,20241106,16:34:45,41.1959,-70.8836,2.9,478.0,0.058566,0.003132
NES-LTER_AE2426_ag_202411061634_003m_R1.sb,20241106,16:34:45,41.1959,-70.8836,2.9,479.0,0.057117,0.003069
NES-LTER_AE2426_ag_202411061634_003m_R1.sb,20241106,16:34:45,41.1959,-70.8836,2.9,480.0,0.05622,0.00303
NES-LTER_AE2426_ag_202411061634_003m_R1.sb,20241106,16:34:45,41.1959,-70.8836,2.9,481.0,0.055185,0.002985
NES-LTER_AE2426_ag_202411061634_003m_R1.sb,20241106,16:34:45,41.1959,-70.8836,2.9,482.0,0.054265,0.002945
NES-LTER_AE2426_ag_202411061634_003m_R1.sb,20241106,16:34:45,41.1959,-70.8836,2.9,483.0,0.053115,0.002895
NES-LTER_AE2426_ag_202411061634_003m_R1.sb,20241106,16:34:45,41.1959,-70.8836,2.9,484.0,0.052264,0.002858
NES-LTER_AE2426_ag_202411061634_003m_R1.sb,20241106,16:34:45,41.1959,-70.8836,2.9,485.0,0.051137,0.002809
NES-LTER_AE2426_ag_202411061634_003m_R1.sb,20241106,16:34:45,41.1959,-70.8836,2.9,486.0,0.0507,0.00279
NES-LTER_AE2426_ag_202411061634_003m_R1.sb,20241106,16:34:45,41.1959,-70.8836,2.9,487.0,0.049435,0.002735
NES-LTER_AE2426_ag_202411061634_003m_R1.sb,20241106,16:34:45,41.1959,-70.8836,2.9,488.0,0.048584,0.002698
NES-LTER_AE2426_ag_202411061634_003m_R1.sb,20241106,16:34:45,41.1959,-70.8836,2.9,489.0,0.047342,0.002644
NES-LTER_AE2426_ag_202411061634_003m_R1.sb,20241106,16:34:45,41.1959,-70.8836,2.9,490.0,0.046537,0.002609
NES-LTER_AE2426_ag_202411061634_003m_R1.sb,20241106,16:34:45,41.1959,-70.8836,2.9,491.0,0.04587,0.00258
NES-LTER_AE2426_ag_202411061634_003m_R1.sb,20241106,16:34:45,41.1959,-70.8836,2.9,492.0,0.045433,0.002561
NES-LTER_AE2426_ag_202411061634_003m_R1.sb,20241106,16:34:45,41.1959,-70.8836,2.9,493.0,0.04472,0.00253
NES-LTER_AE2426_ag_202411061634_003m_R1.sb,20241106,16:34:45,41.1959,-70.8836,2.9,494.0,0.043892,0.002494
NES-LTER_AE2426_ag_202411061634_003m_R1.sb,20241106,16:34:45,41.1959,-70.8836,2.9,495.0,0.042765,0.002445
NES-LTER_AE2426_ag_202411061634_003m_R1.sb,20241106,16:34:45,41.1959,-70.8836,2.9,496.0,0.042121,0.002417
NES-LTER_AE2426_ag_202411061634_003m_R1.sb,20241106,16:34:45,41.1959,-70.8836,2.9,497.0,0.041661,0.002397
NES-LTER_AE2426_ag_202411061634_003m_R1.sb,20241106,16:34:45,41.1959,-70.8836,2.9,498.0,0.041109,0.002373
NES-LTER_AE2426_ag_202411061634_003m_R1.sb,20241106,16:34:45,41.1959,-70.8836,2.9,499.0,0.040488,0.002346
NES-LTER_AE2426_ag_202411061634_003m_R1.sb,20241106,16:34:45,41.1959,-70.8836,2.9,500.0,0.039453,0.002301
NES-LTER_AE2426_ag_202411061634_003m_R1.sb,20241106,16:34:45,41.1959,-70.8836,2.9,501.0,0.0392,0.00229
NES-LTER_AE2426_ag_202411061634_003m_R1.sb,20241106,16:34:45,41.1959,-70.8836,2.9,502.0,0.038648,0.002266
NES-LTER_AE2426_ag_202411061634_003m_R1.sb,20241106,16:34:45,41.1959,-70.8836,2.9,503.0,0.038004,0.002238
NES-LTER_AE2426_ag_202411061634_003m_R1.sb,20241106,16:34:45,41.1959,-70.8836,2.9,504.0,0.037199,0.002203
NES-LTER_AE2426_ag_202411061634_003m_R1.sb,20241106,16:34:45,41.1959,-70.8836,2.9,505.0,0.036601,0.002177
NES-LTER_AE2426_ag_202411061634_003m_R1.sb,20241106,16:34:45,41.1959,-70.8836,2.9,506.0,0.036256,0.002162
NES-LTER_AE2426_ag_202411061634_003m_R1.sb,20241106,16:34:45,41.1959,-70.8836,2.9,507.0,0.035865,0.002145
NES-LTER_AE2426_ag_202411061634_003m_R1.sb,20241106,16:34:45,41.1959,-70.8836,2.9,508.0,0.035313,0.002121
NES-LTER_AE2426_ag_202411061634_003m_R1.sb,20241106,16:34:45,41.1959,-70.8836,2.9,509.0,0.034738,0.002096
NES-LTER_AE2426_ag_202411061634_003m_R1.sb,20241106,16:34:45,41.1959,-70.8836,2.9,510.0,0.033956,0.002062
NES-LTER_AE2426_ag_202411061634_003m_R1.sb,20241106,16:34:45,41.1959,-70.8836,2.9,511.0,0.033634,0.002048
NES-LTER_AE2426_ag_202411061634_003m_R1.sb,20241106,16:34:45,41.1959,-70.8836,2.9,512.0,0.033335,0.002035
NES-LTER_AE2426_ag_202411061634_003m_R1.sb,20241106,16:34:45,41.1959,-70.8836,2.9,513.0,0.032852,0.002014
NES-LTER_AE2426_ag_202411061634_003m_R1.sb,20241106,16:34:45,41.1959,-70.8836,2.9,514.0,0.032001,0.001977
NES-LTER_AE2426_ag_202411061634_003m_R1.sb,20241106,16:34:45,41.1959,-70.8836,2.9,515.0,0.031334,0.001948
NES-LTER_AE2426_ag_202411061634_003m_R1.sb,20241106,16:34:45,41.1959,-70.8836,2.9,516.0,0.031012,0.001934
NES-LTER_AE2426_ag_202411061634_003m_R1.sb,20241106,16:34:45,41.1959,-70.8836,2.9,517.0,0.030966,0.001932
NES-LTER_AE2426_ag_202411061634_003m_R1.sb,20241106,16:34:45,41.1959,-70.8836,2.9,518.0,0.030506,0.001912
NES-LTER_AE2426_ag_202411061634_003m_R1.sb,20241106,16:34:45,41.1959,-70.8836,2.9,519.0,0.030322,0.001904
NES-LTER_AE2426_ag_202411061634_003m_R1.sb,20241106,16:34:45,41.1959,-70.8836,2.9,520.0,0.029747,0.001879
NES-LTER_AE2426_ag_202411061634_003m_R1.sb,20241106,16:34:45,41.1959,-70.8836,2.9,521.0,0.029793,0.001881
NES-LTER_AE2426_ag_202411061634_003m_R1.sb,20241106,16:34:45,41.1959,-70.8836,2.9,522.0,0.029149,0.001853
NES-LTER_AE2426_ag_202411061634_003m_R1.sb,20241106,16:34:45,41.1959,-70.8836,2.9,523.0,0.028643,0.001831
NES-LTER_AE2426_ag_202411061634_003m_R1.sb,20241106,16:34:45,41.1959,-70.8836,2.9,524.0,0.028114,0.001808
NES-LTER_AE2426_ag_202411061634_003m_R1.sb,20241106,16:34:45,41.1959,-70.8836,2.9,525.0,0.027746,0.001792
NES-LTER_AE2426_ag_202411061634_003m_R1.sb,20241106,16:34:45,41.1959,-70.8836,2.9,526.0,0.027447,0.001779
NES-LTER_AE2426_ag_202411061634_003m_R1.sb,20241106,16:34:45,41.1959,-70.8836,2.9,527.0,0.026987,0.001759
NES-LTER_AE2426_ag_202411061634_003m_R1.sb,20241106,16:34:45,41.1959,-70.8836,2.9,528.0,0.026527,0.001739
NES-LTER_AE2426_ag_202411061634_003m_R1.sb,20241106,16:34:45,41.1959,-70.8836,2.9,529.0,0.026527,0.001739
NES-LTER_AE2426_ag_202411061634_003m_R1.sb,20241106,16:34:45,41.1959,-70.8836,2.9,530.0,0.026021,0.001717
NES-LTER_AE2426_ag_202411061634_003m_R1.sb,20241106,16:34:45,41.1959,-70.8836,2.9,531.0,0.025722,0.001704
NES-LTER_AE2426_ag_202411061634_003m_R1.sb,20241106,16:34:45,41.1959,-70.8836,2.9,532.0,0.024917,0.001669
NES-LTER_AE2426_ag_202411061634_003m_R1.sb,20241106,16:34:45,41.1959,-70.8836,2.9,533.0,0.024825,0.001665
NES-LTER_AE2426_ag_202411061634_003m_R1.sb,20241106,16:34:45,41.1959,-70.8836,2.9,534.0,0.024549,0.001653
NES-LTER_AE2426_ag_202411061634_003m_R1.sb,20241106,16:34:45,41.1959,-70.8836,2.9,535.0,0.023974,0.001628
NES-LTER_AE2426_ag_202411061634_003m_R1.sb,20241106,16:34:45,41.1959,-70.8836,2.9,536.0,0.023675,0.001615
NES-LTER_AE2426_ag_202411061634_003m_R1.sb,20241106,16:34:45,41.1959,-70.8836,2.9,537.0,0.023261,0.001597
NES-LTER_AE2426_ag_202411061634_003m_R1.sb,20241106,16:34:45,41.1959,-70.8836,2.9,538.0,0.023491,0.001607
NES-LTER_AE2426_ag_202411061634_003m_R1.sb,20241106,16:34:45,41.1959,-70.8836,2.9,539.0,0.022824,0.001578
NES-LTER_AE2426_ag_202411061634_003m_R1.sb,20241106,16:34:45,41.1959,-70.8836,2.9,540.0,0.022755,0.001575
NES-LTER_AE2426_ag_202411061634_003m_R1.sb,20241106,16:34:45,41.1959,-70.8836,2.9,541.0,0.022341,0.001557
NES-LTER_AE2426_ag_202411061634_003m_R1.sb,20241106,16:34:45,41.1959,-70.8836,2.9,542.0,0.022226,0.001552
NES-LTER_AE2426_ag_202411061634_003m_R1.sb,20241106,16:34:45,41.1959,-70.8836,2.9,543.0,0.022042,0.001544
NES-LTER_AE2426_ag_202411061634_003m_R1.sb,20241106,16:34:45,41.1959,-70.8836,2.9,544.0,0.021766,0.001532
NES-LTER_AE2426_ag_202411061634_003m_R1.sb,20241106,16:34:45,41.1959,-70.8836,2.9,545.0,0.02172,0.00153
NES-LTER_AE2426_ag_202411061634_003m_R1.sb,20241106,16:34:45,41.1959,-70.8836,2.9,546.0,0.02126,0.00151
NES-LTER_AE2426_ag_202411061634_003m_R1.sb,20241106,16:34:45,41.1959,-70.8836,2.9,547.0,0.021099,0.001503
NES-LTER_AE2426_ag_202411061634_003m_R1.sb,20241106,16:34:45,41.1959,-70.8836,2.9,548.0,0.020455,0.001475
NES-LTER_AE2426_ag_202411061634_003m_R1.sb,20241106,16:34:45,41.1959,-70.8836,2.9,549.0,0.020064,0.001458
NES-LTER_AE2426_ag_202411061634_003m_R1.sb,20241106,16:34:45,41.1959,-70.8836,2.9,550.0,0.019696,0.001442
NES-LTER_AE2426_ag_202411061634_003m_R1.sb,20241106,16:34:45,41.1959,-70.8836,2.9,551.0,0.019282,0.001424
NES-LTER_AE2426_ag_202411061634_003m_R1.sb,20241106,16:34:45,41.1959,-70.8836,2.9,552.0,0.019029,0.001413
NES-LTER_AE2426_ag_202411061634_003m_R1.sb,20241106,16:34:45,41.1959,-70.8836,2.9,553.0,0.018776,0.001402
NES-LTER_AE2426_ag_202411061634_003m_R1.sb,20241106,16:34:45,41.1959,-70.8836,2.9,554.0,0.018845,0.001405
NES-LTER_AE2426_ag_202411061634_003m_R1.sb,20241106,16:34:45,41.1959,-70.8836,2.9,555.0,0.018408,0.001386
NES-LTER_AE2426_ag_202411061634_003m_R1.sb,20241106,16:34:45,41.1959,-70.8836,2.9,556.0,0.017925,0.001365
NES-LTER_AE2426_ag_202411061634_003m_R1.sb,20241106,16:34:45,41.1959,-70.8836,2.9,557.0,0.017557,0.001349
NES-LTER_AE2426_ag_202411061634_003m_R1.sb,20241106,16:34:45,41.1959,-70.8836,2.9,558.0,0.017235,0.001335
NES-LTER_AE2426_ag_202411061634_003m_R1.sb,20241106,16:34:45,41.1959,-70.8836,2.9,559.0,0.017074,0.001328
NES-LTER_AE2426_ag_202411061634_003m_R1.sb,20241106,16:34:45,41.1959,-70.8836,2.9,560.0,0.016729,0.001313
NES-LTER_AE2426_ag_202411061634_003m_R1.sb,20241106,16:34:45,41.1959,-70.8836,2.9,561.0,0.016568,0.001306
NES-LTER_AE2426_ag_202411061634_003m_R1.sb,20241106,16:34:45,41.1959,-70.8836,2.9,562.0,0.016223,0.001291
NES-LTER_AE2426_ag_202411061634_003m_R1.sb,20241106,16:34:45,41.1959,-70.8836,2.9,563.0,0.016016,0.001282
NES-LTER_AE2426_ag_202411061634_003m_R1.sb,20241106,16:34:45,41.1959,-70.8836,2.9,564.0,0.015717,0.001269
NES-LTER_AE2426_ag_202411061634_003m_R1.sb,20241106,16:34:45,41.1959,-70.8836,2.9,565.0,0.01574,0.00127
NES-LTER_AE2426_ag_202411061634_003m_R1.sb,20241106,16:34:45,41.1959,-70.8836,2.9,566.0,0.015418,0.001256
NES-LTER_AE2426_ag_202411061634_003m_R1.sb,20241106,16:34:45,41.1959,-70.8836,2.9,567.0,0.015188,0.001246
NES-LTER_AE2426_ag_202411061634_003m_R1.sb,20241106,16:34:45,41.1959,-70.8836,2.9,568.0,0.014751,0.001227
NES-LTER_AE2426_ag_202411061634_003m_R1.sb,20241106,16:34:45,41.1959,-70.8836,2.9,569.0,0.014797,0.001229
NES-LTER_AE2426_ag_202411061634_003m_R1.sb,20241106,16:34:45,41.1959,-70.8836,2.9,570.0,0.014935,0.001235
NES-LTER_AE2426_ag_202411061634_003m_R1.sb,20241106,16:34:45,41.1959,-70.8836,2.9,571.0,0.014797,0.001229
NES-LTER_AE2426_ag_202411061634_003m_R1.sb,20241106,16:34:45,41.1959,-70.8836,2.9,572.0,0.014475,0.001215
NES-LTER_AE2426_ag_202411061634_003m_R1.sb,20241106,16:34:45,41.1959,-70.8836,2.9,573.0,0.014084,0.001198
NES-LTER_AE2426_ag_202411061634_003m_R1.sb,20241106,16:34:45,41.1959,-70.8836,2.9,574.0,0.013831,0.001187
NES-LTER_AE2426_ag_202411061634_003m_R1.sb,20241106,16:34:45,41.1959,-70.8836,2.9,575.0,0.013578,0.001176
NES-LTER_AE2426_ag_202411061634_003m_R1.sb,20241106,16:34:45,41.1959,-70.8836,2.9,576.0,0.013256,0.001162
NES-LTER_AE2426_ag_202411061634_003m_R1.sb,20241106,16:34:45,41.1959,-70.8836,2.9,577.0,0.012865,0.001145
NES-LTER_AE2426_ag_202411061634_003m_R1.sb,20241106,16:34:45,41.1959,-70.8836,2.9,578.0,0.012405,0.001125
NES-LTER_AE2426_ag_202411061634_003m_R1.sb,20241106,16:34:45,41.1959,-70.8836,2.9,579.0,0.012175,0.001115
NES-LTER_AE2426_ag_202411061634_003m_R1.sb,20241106,16:34:45,41.1959,-70.8836,2.9,580.0,0.012014,0.001108
NES-LTER_AE2426_ag_202411061634_003m_R1.sb,20241106,16:34:45,41.1959,-70.8836,2.9,581.0,0.011761,0.001097
NES-LTER_AE2426_ag_202411061634_003m_R1.sb,20241106,16:34:45,41.1959,-70.8836,2.9,582.0,0.011577,0.001089
NES-LTER_AE2426_ag_202411061634_003m_R1.sb,20241106,16:34:45,41.1959,-70.8836,2.9,583.0,0.011577,0.001089
NES-LTER_AE2426_ag_202411061634_003m_R1.sb,20241106,16:34:45,41.1959,-70.8836,2.9,584.0,0.01137,0.00108
NES-LTER_AE2426_ag_202411061634_003m_R1.sb,20241106,16:34:45,41.1959,-70.8836,2.9,585.0,0.010657,0.001049
NES-LTER_AE2426_ag_202411061634_003m_R1.sb,20241106,16:34:45,41.1959,-70.8836,2.9,586.0,0.010128,0.001026
NES-LTER_AE2426_ag_202411061634_003m_R1.sb,20241106,16:34:45,41.1959,-70.8836,2.9,587.0,0.010243,0.001031
NES-LTER_AE2426_ag_202411061634_003m_R1.sb,20241106,16:34:45,41.1959,-70.8836,2.9,588.0,0.010473,0.001041
NES-LTER_AE2426_ag_202411061634_003m_R1.sb,20241106,16:34:45,41.1959,-70.8836,2.9,589.0,0.010105,0.001025
NES-LTER_AE2426_ag_202411061634_003m_R1.sb,20241106,16:34:45,41.1959,-70.8836,2.9,590.0,0.009438,0.000996
NES-LTER_AE2426_ag_202411061634_003m_R1.sb,20241106,16:34:45,41.1959,-70.8836,2.9,591.0,0.00907,0.00098
NES-LTER_AE2426_ag_202411061634_003m_R1.sb,20241106,16:34:45,41.1959,-70.8836,2.9,592.0,0.009162,0.000984
NES-LTER_AE2426_ag_202411061634_003m_R1.sb,20241106,16:34:45,41.1959,-70.8836,2.9,593.0,0.008909,0.000973
NES-LTER_AE2426_ag_202411061634_003m_R1.sb,20241106,16:34:45,41.1959,-70.8836,2.9,594.0,0.008541,0.000957
NES-LTER_AE2426_ag_202411061634_003m_R1.sb,20241106,16:34:45,41.1959,-70.8836,2.9,595.0,0.007782,0.000924
NES-LTER_AE2426_ag_202411061634_003m_R1.sb,20241106,16:34:45,41.1959,-70.8836,2.9,596.0,0.007437,0.000909
NES-LTER_AE2426_ag_202411061634_003m_R1.sb,20241106,16:34:45,41.1959,-70.8836,2.9,597.0,0.007046,0.000892
NES-LTER_AE2426_ag_202411061634_003m_R1.sb,20241106,16:34:45,41.1959,-70.8836,2.9,598.0,0.00654,0.00087
NES-LTER_AE2426_ag_202411061634_003m_R1.sb,20241106,16:34:45,41.1959,-70.8836,2.9,599.0,0.006149,0.000853
NES-LTER_AE2426_ag_202411061634_003m_R1.sb,20241106,16:34:45,41.1959,-70.8836,2.9,600.0,0.00562,0.00083
NES-LTER_AE2426_ag_202411061634_003m_R1.sb,20241106,16:34:45,41.1959,-70.8836,2.9,601.0,0.005459,0.000823
NES-LTER_AE2426_ag_202411061634_003m_R1.sb,20241106,16:34:45,41.1959,-70.8836,2.9,602.0,0.004907,0.000799
NES-LTER_AE2426_ag_202411061634_003m_R1.sb,20241106,16:34:45,41.1959,-70.8836,2.9,603.0,0.004861,0.000797
NES-LTER_AE2426_ag_202411061634_003m_R1.sb,20241106,16:34:45,41.1959,-70.8836,2.9,604.0,0.004769,0.000793
NES-LTER_AE2426_ag_202411061634_003m_R1.sb,20241106,16:34:45,41.1959,-70.8836,2.9,605.0,0.005206,0.000812
NES-LTER_AE2426_ag_202411061634_003m_R1.sb,20241106,16:34:45,41.1959,-70.8836,2.9,606.0,0.005459,0.000823
NES-LTER_AE2426_ag_202411061634_003m_R1.sb,20241106,16:34:45,41.1959,-70.8836,2.9,607.0,0.00608,0.00085
NES-LTER_AE2426_ag_202411061634_003m_R1.sb,20241106,16:34:45,41.1959,-70.8836,2.9,608.0,0.006218,0.000856
NES-LTER_AE2426_ag_202411061634_003m_R1.sb,20241106,16:34:45,41.1959,-70.8836,2.9,609.0,0.006379,0.000863
NES-LTER_AE2426_ag_202411061634_003m_R1.sb,20241106,16:34:45,41.1959,-70.8836,2.9,610.0,0.006379,0.000863
NES-LTER_AE2426_ag_202411061634_003m_R1.sb,20241106,16:34:45,41.1959,-70.8836,2.9,611.0,0.006655,0.000875
NES-LTER_AE2426_ag_202411061634_003m_R1.sb,20241106,16:34:45,41.1959,-70.8836,2.9,612.0,0.006701,0.000877
NES-LTER_AE2426_ag_202411061634_003m_R1.sb,20241106,16:34:45,41.1959,-70.8836,2.9,613.0,0.006655,0.000875
NES-LTER_AE2426_ag_202411061634_003m_R1.sb,20241106,16:34:45,41.1959,-70.8836,2.9,614.0,0.00654,0.00087
NES-LTER_AE2426_ag_202411061634_003m_R1.sb,20241106,16:34:45,41.1959,-70.8836,2.9,615.0,0.00654,0.00087
NES-LTER_AE2426_ag_202411061634_003m_R1.sb,20241106,16:34:45,41.1959,-70.8836,2.9,616.0,0.006333,0.000861
NES-LTER_AE2426_ag_202411061634_003m_R1.sb,20241106,16:34:45,41.1959,-70.8836,2.9,617.0,0.005919,0.000843
NES-LTER_AE2426_ag_202411061634_003m_R1.sb,20241106,16:34:45,41.1959,-70.8836,2.9,618.0,0.005597,0.000829
NES-LTER_AE2426_ag_202411061634_003m_R1.sb,20241106,16:34:45,41.1959,-70.8836,2.9,619.0,0.005574,0.000828
NES-LTER_AE2426_ag_202411061634_003m_R1.sb,20241106,16:34:45,41.1959,-70.8836,2.9,620.0,0.005689,0.000833
NES-LTER_AE2426_ag_202411061634_003m_R1.sb,20241106,16:34:45,41.1959,-70.8836,2.9,621.0,0.005919,0.000843
NES-LTER_AE2426_ag_202411061634_003m_R1.sb,20241106,16:34:45,41.1959,-70.8836,2.9,622.0,0.005965,0.000845
NES-LTER_AE2426_ag_202411061634_003m_R1.sb,20241106,16:34:45,41.1959,-70.8836,2.9,623.0,0.00585,0.00084
NES-LTER_AE2426_ag_202411061634_003m_R1.sb,20241106,16:34:45,41.1959,-70.8836,2.9,624.0,0.005574,0.000828
NES-LTER_AE2426_ag_202411061634_003m_R1.sb,20241106,16:34:45,41.1959,-70.8836,2.9,625.0,0.005367,0.000819
NES-LTER_AE2426_ag_202411061634_003m_R1.sb,20241106,16:34:45,41.1959,-70.8836,2.9,626.0,0.005436,0.000822
NES-LTER_AE2426_ag_202411061634_003m_R1.sb,20241106,16:34:45,41.1959,-70.8836,2.9,627.0,0.005597,0.000829
NES-LTER_AE2426_ag_202411061634_003m_R1.sb,20241106,16:34:45,41.1959,-70.8836,2.9,628.0,0.00585,0.00084
NES-LTER_AE2426_ag_202411061634_003m_R1.sb,20241106,16:34:45,41.1959,-70.8836,2.9,629.0,0.005505,0.000825
NES-LTER_AE2426_ag_202411061634_003m_R1.sb,20241106,16:34:45,41.1959,-70.8836,2.9,630.0,0.00493,0.0008
NES-LTER_AE2426_ag_202411061634_003m_R1.sb,20241106,16:34:45,41.1959,-70.8836,2.9,631.0,0.004424,0.000778
NES-LTER_AE2426_ag_202411061634_003m_R1.sb,20241106,16:34:45,41.1959,-70.8836,2.9,632.0,0.004424,0.000778
NES-LTER_AE2426_ag_202411061634_003m_R1.sb,20241106,16:34:45,41.1959,-70.8836,2.9,633.0,0.004493,0.000781
NES-LTER_AE2426_ag_202411061634_003m_R1.sb,20241106,16:34:45,41.1959,-70.8836,2.9,634.0,0.004447,0.000779
NES-LTER_AE2426_ag_202411061634_003m_R1.sb,20241106,16:34:45,41.1959,-70.8836,2.9,635.0,0.004079,0.000763
NES-LTER_AE2426_ag_202411061634_003m_R1.sb,20241106,16:34:45,41.1959,-70.8836,2.9,636.0,0.00401,0.00076
NES-LTER_AE2426_ag_202411061634_003m_R1.sb,20241106,16:34:45,41.1959,-70.8836,2.9,637.0,0.004079,0.000763
NES-LTER_AE2426_ag_202411061634_003m_R1.sb,20241106,16:34:45,41.1959,-70.8836,2.9,638.0,0.004125,0.000765
NES-LTER_AE2426_ag_202411061634_003m_R1.sb,20241106,16:34:45,41.1959,-70.8836,2.9,639.0,0.004217,0.000769
NES-LTER_AE2426_ag_202411061634_003m_R1.sb,20241106,16:34:45,41.1959,-70.8836,2.9,640.0,0.00401,0.00076
NES-LTER_AE2426_ag_202411061634_003m_R1.sb,20241106,16:34:45,41.1959,-70.8836,2.9,641.0,0.004056,0.000762
NES-LTER_AE2426_ag_202411061634_003m_R1.sb,20241106,16:34:45,41.1959,-70.8836,2.9,642.0,0.003757,0.000749
NES-LTER_AE2426_ag_202411061634_003m_R1.sb,20241106,16:34:45,41.1959,-70.8836,2.9,643.0,0.003297,0.000729
NES-LTER_AE2426_ag_202411061634_003m_R1.sb,20241106,16:34:45,41.1959,-70.8836,2.9,644.0,0.003044,0.000718
NES-LTER_AE2426_ag_202411061634_003m_R1.sb,20241106,16:34:45,41.1959,-70.8836,2.9,645.0,0.002906,0.000712
NES-LTER_AE2426_ag_202411061634_003m_R1.sb,20241106,16:34:45,41.1959,-70.8836,2.9,646.0,0.003228,0.000726
NES-LTER_AE2426_ag_202411061634_003m_R1.sb,20241106,16:34:45,41.1959,-70.8836,2.9,647.0,0.003136,0.000722
NES-LTER_AE2426_ag_202411061634_003m_R1.sb,20241106,16:34:45,41.1959,-70.8836,2.9,648.0,0.002722,0.000704
NES-LTER_AE2426_ag_202411061634_003m_R1.sb,20241106,16:34:45,41.1959,-70.8836,2.9,649.0,0.002423,0.000691
NES-LTER_AE2426_ag_202411061634_003m_R1.sb,20241106,16:34:45,41.1959,-70.8836,2.9,650.0,0.002331,0.000687
NES-LTER_AE2426_ag_202411061634_003m_R1.sb,20241106,16:34:45,41.1959,-70.8836,2.9,651.0,0.002354,0.000688
NES-LTER_AE2426_ag_202411061634_003m_R1.sb,20241106,16:34:45,41.1959,-70.8836,2.9,652.0,0.002239,0.000683
NES-LTER_AE2426_ag_202411061634_003m_R1.sb,20241106,16:34:45,41.1959,-70.8836,2.9,653.0,0.001825,0.000665
NES-LTER_AE2426_ag_202411061634_003m_R1.sb,20241106,16:34:45,41.1959,-70.8836,2.9,654.0,0.001549,0.000653
NES-LTER_AE2426_ag_202411061634_003m_R1.sb,20241106,16:34:45,41.1959,-70.8836,2.9,655.0,0.001204,0.000638
NES-LTER_AE2426_ag_202411061634_003m_R1.sb,20241106,16:34:45,41.1959,-70.8836,2.9,656.0,0.000514,0.000608
NES-LTER_AE2426_ag_202411061634_003m_R1.sb,20241106,16:34:45,41.1959,-70.8836,2.9,657.0,0.00033,0.0006
NES-LTER_AE2426_ag_202411061634_003m_R1.sb,20241106,16:34:45,41.1959,-70.8836,2.9,658.0,-0.000153,0.000579
NES-LTER_AE2426_ag_202411061634_003m_R1.sb,20241106,16:34:45,41.1959,-70.8836,2.9,659.0,8e-06,0.000586
NES-LTER_AE2426_ag_202411061634_003m_R1.sb,20241106,16:34:45,41.1959,-70.8836,2.9,660.0,-0.00013,0.00058
NES-LTER_AE2426_ag_202411061634_003m_R1.sb,20241106,16:34:45,41.1959,-70.8836,2.9,661.0,-0.00036,0.00057
NES-LTER_AE2426_ag_202411061634_003m_R1.sb,20241106,16:34:45,41.1959,-70.8836,2.9,662.0,-0.000383,0.000569
NES-LTER_AE2426_ag_202411061634_003m_R1.sb,20241106,16:34:45,41.1959,-70.8836,2.9,663.0,-0.00036,0.00057
NES-LTER_AE2426_ag_202411061634_003m_R1.sb,20241106,16:34:45,41.1959,-70.8836,2.9,664.0,-0.000268,0.000574
NES-LTER_AE2426_ag_202411061634_003m_R1.sb,20241106,16:34:45,41.1959,-70.8836,2.9,665.0,0.000261,0.000597
NES-LTER_AE2426_ag_202411061634_003m_R1.sb,20241106,16:34:45,41.1959,-70.8836,2.9,666.0,0.000146,0.000592
NES-LTER_AE2426_ag_202411061634_003m_R1.sb,20241106,16:34:45,41.1959,-70.8836,2.9,667.0,0.000284,0.000598
NES-LTER_AE2426_ag_202411061634_003m_R1.sb,20241106,16:34:45,41.1959,-70.8836,2.9,668.0,0.000215,0.000595
NES-LTER_AE2426_ag_202411061634_003m_R1.sb,20241106,16:34:45,41.1959,-70.8836,2.9,669.0,0.000284,0.000598
NES-LTER_AE2426_ag_202411061634_003m_R1.sb,20241106,16:34:45,41.1959,-70.8836,2.9,670.0,0.000307,0.000599
NES-LTER_AE2426_ag_202411061634_003m_R1.sb,20241106,16:34:45,41.1959,-70.8836,2.9,671.0,-6.1e-05,0.000583
NES-LTER_AE2426_ag_202411061634_003m_R1.sb,20241106,16:34:45,41.1959,-70.8836,2.9,672.0,-0.000383,0.000569
NES-LTER_AE2426_ag_202411061634_003m_R1.sb,20241106,16:34:45,41.1959,-70.8836,2.9,673.0,-0.000475,0.000565
NES-LTER_AE2426_ag_202411061634_003m_R1.sb,20241106,16:34:45,41.1959,-70.8836,2.9,674.0,-0.000751,0.000553
NES-LTER_AE2426_ag_202411061634_003m_R1.sb,20241106,16:34:45,41.1959,-70.8836,2.9,675.0,-0.000866,0.000548
NES-LTER_AE2426_ag_202411061634_003m_R1.sb,20241106,16:34:45,41.1959,-70.8836,2.9,676.0,-0.001326,0.000528
NES-LTER_AE2426_ag_202411061634_003m_R1.sb,20241106,16:34:45,41.1959,-70.8836,2.9,677.0,-0.001786,0.000508
NES-LTER_AE2426_ag_202411061634_003m_R1.sb,20241106,16:34:45,41.1959,-70.8836,2.9,678.0,-0.002085,0.000495
NES-LTER_AE2426_ag_202411061634_003m_R1.sb,20241106,16:34:45,41.1959,-70.8836,2.9,679.0,-0.002315,0.000485
NES-LTER_AE2426_ag_202411061634_003m_R1.sb,20241106,16:34:45,41.1959,-70.8836,2.9,680.0,-0.002177,0.000491
NES-LTER_AE2426_ag_202411061634_003m_R1.sb,20241106,16:34:45,41.1959,-70.8836,2.9,681.0,-0.0022,0.00049
NES-LTER_AE2426_ag_202411061634_003m_R1.sb,20241106,16:34:45,41.1959,-70.8836,2.9,682.0,-0.002407,0.000481
NES-LTER_AE2426_ag_202411061634_003m_R1.sb,20241106,16:34:45,41.1959,-70.8836,2.9,683.0,-0.00289,0.00046
NES-LTER_AE2426_ag_202411061634_003m_R1.sb,20241106,16:34:45,41.1959,-70.8836,2.9,684.0,-0.003097,0.000451
NES-LTER_AE2426_ag_202411061634_003m_R1.sb,20241106,16:34:45,41.1959,-70.8836,2.9,685.0,-0.002936,0.000458
NES-LTER_AE2426_ag_202411061634_003m_R1.sb,20241106,16:34:45,41.1959,-70.8836,2.9,686.0,-0.002982,0.000456
NES-LTER_AE2426_ag_202411061634_003m_R1.sb,20241106,16:34:45,41.1959,-70.8836,2.9,687.0,-0.002867,0.000461
NES-LTER_AE2426_ag_202411061634_003m_R1.sb,20241106,16:34:45,41.1959,-70.8836,2.9,688.0,-0.003626,0.000428
NES-LTER_AE2426_ag_202411061634_003m_R1.sb,20241106,16:34:45,41.1959,-70.8836,2.9,689.0,-0.003856,0.000418
NES-LTER_AE2426_ag_202411061634_003m_R1.sb,20241106,16:34:45,41.1959,-70.8836,2.9,690.0,-0.004753,0.000379
NES-LTER_AE2426_ag_202411061634_003m_R1.sb,20241106,16:34:45,41.1959,-70.8836,2.9,691.0,-0.005098,0.000364
NES-LTER_AE2426_ag_202411061634_003m_R1.sb,20241106,16:34:45,41.1959,-70.8836,2.9,692.0,-0.00588,0.00033
NES-LTER_AE2426_ag_202411061634_003m_R1.sb,20241106,16:34:45,41.1959,-70.8836,2.9,693.0,-0.006386,0.000308
NES-LTER_AE2426_ag_202411061634_003m_R1.sb,20241106,16:34:45,41.1959,-70.8836,2.9,694.0,-0.006616,0.000298
NES-LTER_AE2426_ag_202411061634_003m_R1.sb,20241106,16:34:45,41.1959,-70.8836,2.9,695.0,-0.006639,0.000297
NES-LTER_AE2426_ag_202411061634_003m_R1.sb,20241106,16:34:45,41.1959,-70.8836,2.9,696.0,-0.006869,0.000287
NES-LTER_AE2426_ag_202411061634_003m_R1.sb,20241106,16:34:45,41.1959,-70.8836,2.9,697.0,-0.007398,0.000264
NES-LTER_AE2426_ag_202411061634_003m_R1.sb,20241106,16:34:45,41.1959,-70.8836,2.9,698.0,-0.007973,0.000239
NES-LTER_AE2426_ag_202411061634_003m_R1.sb,20241106,16:34:45,41.1959,-70.8836,2.9,699.0,-0.008364,0.000222
NES-LTER_AE2426_ag_202411061634_003m_R1.sb,20241106,16:34:45,41.1959,-70.8836,2.9,700.0,-0.008502,0.000216
NES-LTER_AE2426_ag_202411061634_003m_R1.sb,20241106,16:34:45,41.1959,-70.8836,2.9,701.0,-0.008962,0.000196
NES-LTER_AE2426_ag_202411061634_003m_R1.sb,20241106,16:34:45,41.1959,-70.8836,2.9,702.0,-0.009307,0.000181
NES-LTER_AE2426_ag_202411061634_003m_R1.sb,20241106,16:34:45,41.1959,-70.8836,2.9,703.0,-0.010158,0.000144
NES-LTER_AE2426_ag_202411061634_003m_R1.sb,20241106,16:34:45,41.1959,-70.8836,2.9,704.0,-0.010779,0.000117
NES-LTER_AE2426_ag_202411061634_003m_R1.sb,20241106,16:34:45,41.1959,-70.8836,2.9,705.0,-0.011515,8.5e-05
NES-LTER_AE2426_ag_202411061634_003m_R1.sb,20241106,16:34:45,41.1959,-70.8836,2.9,706.0,-0.012067,6.1e-05
NES-LTER_AE2426_ag_202411061634_003m_R1.sb,20241106,16:34:45,41.1959,-70.8836,2.9,707.0,-0.012251,5.3e-05
NES-LTER_AE2426_ag_202411061634_003m_R1.sb,20241106,16:34:45,41.1959,-70.8836,2.9,708.0,-0.012964,2.2e-05
NES-LTER_AE2426_ag_202411061634_003m_R1.sb,20241106,16:34:45,41.1959,-70.8836,2.9,709.0,-0.013355,5e-06
NES-LTER_AE2426_ag_202411061634_003m_R1.sb,20241106,16:34:45,41.1959,-70.8836,2.9,710.0,-0.014413,-4.1e-05
NES-LTER_AE2426_ag_202411061634_003m_R1.sb,20241106,16:34:45,41.1959,-70.8836,2.9,711.0,-0.015218,-7.6e-05
NES-LTER_AE2426_ag_202411061634_003m_R1.sb,20241106,16:34:45,41.1959,-70.8836,2.9,712.0,-0.016483,-0.000131
NES-LTER_AE2426_ag_202411061634_003m_R1.sb,20241106,16:34:45,41.1959,-70.8836,2.9,713.0,-0.017265,-0.000165
NES-LTER_AE2426_ag_202411061634_003m_R1.sb,20241106,16:34:45,41.1959,-70.8836,2.9,714.0,-0.017978,-0.000196
NES-LTER_AE2426_ag_202411061634_003m_R1.sb,20241106,16:34:45,41.1959,-70.8836,2.9,715.0,-0.018461,-0.000217
NES-LTER_AE2426_ag_202411061634_003m_R1.sb,20241106,16:34:45,41.1959,-70.8836,2.9,716.0,-0.019427,-0.000259
NES-LTER_AE2426_ag_202411061634_003m_R1.sb,20241106,16:34:45,41.1959,-70.8836,2.9,717.0,-0.020462,-0.000304
NES-LTER_AE2426_ag_202411061634_003m_R1.sb,20241106,16:34:45,41.1959,-70.8836,2.9,718.0,-0.021681,-0.000357
NES-LTER_AE2426_ag_202411061634_003m_R1.sb,20241106,16:34:45,41.1959,-70.8836,2.9,719.0,-0.022647,-0.000399
NES-LTER_AE2426_ag_202411061634_003m_R1.sb,20241106,16:34:45,41.1959,-70.8836,2.9,720.0,-0.023429,-0.000433
NES-LTER_AE2426_ag_202411061634_003m_R1.sb,20241106,16:34:45,41.1959,-70.8836,2.9,721.0,-0.024257,-0.000469
NES-LTER_AE2426_ag_202411061634_003m_R1.sb,20241106,16:34:45,41.1959,-70.8836,2.9,722.0,-0.025039,-0.000503
NES-LTER_AE2426_ag_202411061634_003m_R1.sb,20241106,16:34:45,41.1959,-70.8836,2.9,723.0,-0.025959,-0.000543
NES-LTER_AE2426_ag_202411061634_003m_R1.sb,20241106,16:34:45,41.1959,-70.8836,2.9,724.0,-0.027132,-0.000594
NES-LTER_AE2426_ag_202411061634_003m_R1.sb,20241106,16:34:45,41.1959,-70.8836,2.9,725.0,-0.028926,-0.000672
NES-LTER_AE2426_ag_202411061634_003m_R1.sb,20241106,16:34:45,41.1959,-70.8836,2.9,726.0,-0.030996,-0.000762
NES-LTER_AE2426_ag_202411061634_003m_R1.sb,20241106,16:34:45,41.1959,-70.8836,2.9,727.0,-0.033204,-0.000858
NES-LTER_AE2426_ag_202411061634_003m_R1.sb,20241106,16:34:45,41.1959,-70.8836,2.9,728.0,-0.035757,-0.000969
NES-LTER_AE2426_ag_202411061634_003m_R1.sb,20241106,16:34:45,41.1959,-70.8836,2.9,729.0,-0.039161,-0.001117
NES-LTER_AE2426_ag_202411061634_003m_R1.sb,20241106,16:34:45,41.1959,-70.8836,2.9,730.0,-0.042519,-0.001263
NES-LTER_AE2426_ag_202411061634_003m_R1.sb,20241106,16:34:45,41.1959,-70.8836,2.9,731.0,-0.045693,-0.001401
NES-LTER_AE2426_ag_202411061634_003m_R1.sb,20241106,16:34:45,41.1959,-70.8836,2.9,732.0,-0.048269,-0.001513
NES-LTER_AE2426_ag_202411061634_003m_R1.sb,20241106,16:34:45,41.1959,-70.8836,2.9,733.0,-0.050155,-0.001595
NES-LTER_AE2426_ag_202411061634_003m_R1.sb,20241106,16:34:45,41.1959,-70.8836,2.9,734.0,-0.050776,-0.001622
NES-LTER_AE2426_ag_202411061634_003m_R1.sb,20241106,16:34:45,41.1959,-70.8836,2.9,735.0,-0.050109,-0.001593
NES-LTER_AE2426_ag_202411061634_003m_R1.sb,20241106,16:34:45,41.1959,-70.8836,2.9,736.0,-0.048706,-0.001532
NES-LTER_AE2426_ag_202411061634_003m_R1.sb,20241106,16:34:45,41.1959,-70.8836,2.9,737.0,-0.046751,-0.001447
NES-LTER_AE2426_ag_202411061634_003m_R1.sb,20241106,16:34:45,41.1959,-70.8836,2.9,738.0,-0.04383,-0.00132
NES-LTER_AE2426_ag_202411061634_003m_R1.sb,20241106,16:34:45,41.1959,-70.8836,2.9,739.0,-0.040794,-0.001188
NES-LTER_AE2426_ag_202411061634_003m_R1.sb,20241106,16:34:45,41.1959,-70.8836,2.9,740.0,-0.036838,-0.001016
NES-LTER_AE2426_ag_202411061634_003m_R1.sb,20241106,16:34:45,41.1959,-70.8836,2.9,741.0,-0.032859,-0.000843
NES-LTER_AE2426_ag_202411061634_003m_R1.sb,20241106,16:34:45,41.1959,-70.8836,2.9,742.0,-0.028972,-0.000674
NES-LTER_AE2426_ag_202411061634_003m_R1.sb,20241106,16:34:45,41.1959,-70.8836,2.9,743.0,-0.026005,-0.000545
NES-LTER_AE2426_ag_202411061634_003m_R1.sb,20241106,16:34:45,41.1959,-70.8836,2.9,744.0,-0.023452,-0.000434
NES-LTER_AE2426_ag_202411061634_003m_R1.sb,20241106,16:34:45,41.1959,-70.8836,2.9,745.0,-0.020623,-0.000311
NES-LTER_AE2426_ag_202411061634_003m_R1.sb,20241106,16:34:45,41.1959,-70.8836,2.9,746.0,-0.017978,-0.000196
NES-LTER_AE2426_ag_202411061634_003m_R1.sb,20241106,16:34:45,41.1959,-70.8836,2.9,747.0,-0.015655,-9.5e-05
NES-LTER_AE2426_ag_202411061634_003m_R1.sb,20241106,16:34:45,41.1959,-70.8836,2.9,748.0,-0.013309,7e-06
NES-LTER_AE2426_ag_202411061634_003m_R1.sb,20241106,16:34:45,41.1959,-70.8836,2.9,749.0,-0.011676,7.8e-05
NES-LTER_AE2426_ag_202411061634_003m_R1.sb,20241106,16:34:45,41.1959,-70.8836,2.9,750.0,-0.00979,0.00016
NES-LTER_AE2426_ag_202411061634_003m_R1.sb,20241106,16:34:45,41.1959,-70.8836,2.9,751.0,-0.008525,0.000215
NES-LTER_AE2426_ag_202411061634_003m_R1.sb,20241106,16:34:45,41.1959,-70.8836,2.9,752.0,-0.006915,0.000285
NES-LTER_AE2426_ag_202411061634_003m_R1.sb,20241106,16:34:45,41.1959,-70.8836,2.9,753.0,-0.005834,0.000332
NES-LTER_AE2426_ag_202411061634_003m_R1.sb,20241106,16:34:45,41.1959,-70.8836,2.9,754.0,-0.00473,0.00038
NES-LTER_AE2426_ag_202411061634_003m_R1.sb,20241106,16:34:45,41.1959,-70.8836,2.9,755.0,-0.003833,0.000419
NES-LTER_AE2426_ag_202411061634_003m_R1.sb,20241106,16:34:45,41.1959,-70.8836,2.9,756.0,-0.003051,0.000453
NES-LTER_AE2426_ag_202411061634_003m_R1.sb,20241106,16:34:45,41.1959,-70.8836,2.9,757.0,-0.002591,0.000473
NES-LTER_AE2426_ag_202411061634_003m_R1.sb,20241106,16:34:45,41.1959,-70.8836,2.9,758.0,-0.001786,0.000508
NES-LTER_AE2426_ag_202411061634_003m_R1.sb,20241106,16:34:45,41.1959,-70.8836,2.9,759.0,-0.000912,0.000546
NES-LTER_AE2426_ag_202411061634_003m_R1.sb,20241106,16:34:45,41.1959,-70.8836,2.9,760.0,-0.00013,0.00058
NES-LTER_AE2426_ag_202411061634_003m_R1.sb,20241106,16:34:45,41.1959,-70.8836,2.9,761.0,0.000468,0.000606
NES-LTER_AE2426_ag_202411061634_003m_R1.sb,20241106,16:34:45,41.1959,-70.8836,2.9,762.0,0.000997,0.000629
NES-LTER_AE2426_ag_202411061634_003m_R1.sb,20241106,16:34:45,41.1959,-70.8836,2.9,763.0,0.00171,0.00066
NES-LTER_AE2426_ag_202411061634_003m_R1.sb,20241106,16:34:45,41.1959,-70.8836,2.9,764.0,0.00217,0.00068
NES-LTER_AE2426_ag_202411061634_003m_R1.sb,20241106,16:34:45,41.1959,-70.8836,2.9,765.0,0.00286,0.00071
NES-LTER_AE2426_ag_202411061634_003m_R1.sb,20241106,16:34:45,41.1959,-70.8836,2.9,766.0,0.002814,0.000708
NES-LTER_AE2426_ag_202411061634_003m_R1.sb,20241106,16:34:45,41.1959,-70.8836,2.9,767.0,0.003297,0.000729
NES-LTER_AE2426_ag_202411061634_003m_R1.sb,20241106,16:34:45,41.1959,-70.8836,2.9,768.0,0.003665,0.000745
NES-LTER_AE2426_ag_202411061634_003m_R1.sb,20241106,16:34:45,41.1959,-70.8836,2.9,769.0,0.004378,0.000776
NES-LTER_AE2426_ag_202411061634_003m_R1.sb,20241106,16:34:45,41.1959,-70.8836,2.9,770.0,0.0047,0.00079
NES-LTER_AE2426_ag_202411061634_003m_R1.sb,20241106,16:34:45,41.1959,-70.8836,2.9,771.0,0.004769,0.000793
NES-LTER_AE2426_ag_202411061634_003m_R1.sb,20241106,16:34:45,41.1959,-70.8836,2.9,772.0,0.005229,0.000813
NES-LTER_AE2426_ag_202411061634_003m_R1.sb,20241106,16:34:45,41.1959,-70.8836,2.9,773.0,0.00585,0.00084
NES-LTER_AE2426_ag_202411061634_003m_R1.sb,20241106,16:34:45,41.1959,-70.8836,2.9,774.0,0.006103,0.000851
NES-LTER_AE2426_ag_202411061634_003m_R1.sb,20241106,16:34:45,41.1959,-70.8836,2.9,775.0,0.006241,0.000857
NES-LTER_AE2426_ag_202411061634_003m_R1.sb,20241106,16:34:45,41.1959,-70.8836,2.9,776.0,0.00608,0.00085
NES-LTER_AE2426_ag_202411061634_003m_R1.sb,20241106,16:34:45,41.1959,-70.8836,2.9,777.0,0.006149,0.000853
NES-LTER_AE2426_ag_202411061634_003m_R1.sb,20241106,16:34:45,41.1959,-70.8836,2.9,778.0,0.00608,0.00085
NES-LTER_AE2426_ag_202411061634_003m_R1.sb,20241106,16:34:45,41.1959,-70.8836,2.9,779.0,0.006287,0.000859
NES-LTER_AE2426_ag_202411061634_003m_R1.sb,20241106,16:34:45,41.1959,-70.8836,2.9,780.0,0.005988,0.000846
NES-LTER_AE2426_ag_202411061634_003m_R1.sb,20241106,16:34:45,41.1959,-70.8836,2.9,781.0,0.00585,0.00084
NES-LTER_AE2426_ag_202411061634_003m_R1.sb,20241106,16:34:45,41.1959,-70.8836,2.9,782.0,0.005252,0.000814
NES-LTER_AE2426_ag_202411061634_003m_R1.sb,20241106,16:34:45,41.1959,-70.8836,2.9,783.0,0.004999,0.000803
NES-LTER_AE2426_ag_202411061634_003m_R1.sb,20241106,16:34:45,41.1959,-70.8836,2.9,784.0,0.004861,0.000797
NES-LTER_AE2426_ag_202411061634_003m_R1.sb,20241106,16:34:45,41.1959,-70.8836,2.9,785.0,0.004677,0.000789
NES-LTER_AE2426_ag_202411061634_003m_R1.sb,20241106,16:34:45,41.1959,-70.8836,2.9,786.0,0.004263,0.000771
NES-LTER_AE2426_ag_202411061634_003m_R1.sb,20241106,16:34:45,41.1959,-70.8836,2.9,787.0,0.00401,0.00076
NES-LTER_AE2426_ag_202411061634_003m_R1.sb,20241106,16:34:45,41.1959,-70.8836,2.9,788.0,0.00355,0.00074
NES-LTER_AE2426_ag_202411061634_003m_R1.sb,20241106,16:34:45,41.1959,-70.8836,2.9,789.0,0.003665,0.000745
NES-LTER_AE2426_ag_202411061634_003m_R1.sb,20241106,16:34:45,41.1959,-70.8836,2.9,790.0,0.003182,0.000724
NES-LTER_AE2426_ag_202411061634_003m_R1.sb,20241106,16:34:45,41.1959,-70.8836,2.9,791.0,0.002952,0.000714
NES-LTER_AE2426_ag_202411061634_003m_R1.sb,20241106,16:34:45,41.1959,-70.8836,2.9,792.0,0.002331,0.000687
NES-LTER_AE2426_ag_202411061634_003m_R1.sb,20241106,16:34:45,41.1959,-70.8836,2.9,793.0,0.001618,0.000656
NES-LTER_AE2426_ag_202411061634_003m_R1.sb,20241106,16:34:45,41.1959,-70.8836,2.9,794.0,0.000882,0.000624
NES-LTER_AE2426_ag_202411061634_003m_R1.sb,20241106,16:34:45,41.1959,-70.8836,2.9,795.0,0.000169,0.000593
NES-LTER_AE2426_ag_202411061634_003m_R1.sb,20241106,16:34:45,41.1959,-70.8836,2.9,796.0,-0.000613,0.000559
NES-LTER_AE2426_ag_202411061634_003m_R1.sb,20241106,16:34:45,41.1959,-70.8836,2.9,797.0,-0.001671,0.000513
NES-LTER_AE2426_ag_202411061634_003m_R1.sb,20241106,16:34:45,41.1959,-70.8836,2.9,798.0,-0.002936,0.000458
NES-LTER_AE2426_ag_202411061634_003m_R1.sb,20241106,16:34:45,41.1959,-70.8836,2.9,799.0,-0.003764,0.000422
NES-LTER_AE2426_ag_202411061634_003m_R1.sb,20241106,16:34:45,41.1959,-70.8836,2.9,800.0,-0.004385,0.000395
NES-LTER_AE2426_ag_202411061634_003m_R1.sb,20241106,16:34:45,41.1959,-70.8836,2.9,801.0,-0.005305,0.000355
NES-LTER_AE2426_ag_202411061634_003m_R1.sb,20241106,16:34:45,41.1959,-70.8836,2.9,802.0,-0.006685,0.000295
NES-LTER_AE2426_ag_202411061634_003m_R1.sb,20241106,16:34:45,41.1959,-70.8836,2.9,803.0,-0.007766,0.000248
NES-LTER_AE2426_ag_202411061634_003m_R1.sb,20241106,16:34:45,41.1959,-70.8836,2.9,804.0,-0.008962,0.000196
NES-LTER_AE2426_ag_202411061634_003m_R1.sb,20241106,16:34:45,41.1959,-70.8836,2.9,805.0,-0.010526,0.000128
NES-LTER_AE2426_ag_202411061634_003m_R1.sb,20241106,16:34:45,41.1959,-70.8836,2.9,806.0,-0.012251,5.3e-05
NES-LTER_AE2426_ag_202411061634_003m_R1.sb,20241106,16:34:45,41.1959,-70.8836,2.9,807.0,-0.013309,7e-06
NES-LTER_AE2426_ag_202411061634_003m_R1.sb,20241106,16:34:45,41.1959,-70.8836,2.9,808.0,-0.01462,-5e-05
NES-LTER_AE2426_ag_202411061634_003m_R1.sb,20241106,16:34:45,41.1959,-70.8836,2.9,809.0,-0.016138,-0.000116
NES-LTER_AE2426_ag_202411061634_003m_R1.sb,20241106,16:34:45,41.1959,-70.8836,2.9,810.0,-0.017886,-0.000192
NES-LTER_AE2426_ag_202411061634_003m_R1.sb,20241106,16:34:45,41.1959,-70.8836,2.9,811.0,-0.019358,-0.000256
NES-LTER_AE2426_ag_202411061634_003m_R1.sb,20241106,16:34:45,41.1959,-70.8836,2.9,812.0,-0.020715,-0.000315
NES-LTER_AE2426_ag_202411061634_003m_R1.sb,20241106,16:34:45,41.1959,-70.8836,2.9,813.0,-0.021957,-0.000369
NES-LTER_AE2426_ag_202411061634_003m_R1.sb,20241106,16:34:45,41.1959,-70.8836,2.9,814.0,-0.022854,-0.000408
NES-LTER_AE2426_ag_202411061634_003m_R1.sb,20241106,16:34:45,41.1959,-70.8836,2.9,815.0,-0.023613,-0.000441
NES-LTER_AE2426_ag_202411061634_003m_R1.sb,20241106,16:34:45,41.1959,-70.8836,2.9,816.0,-0.024303,-0.000471
NES-LTER_AE2426_ag_202411061634_003m_R1.sb,20241106,16:34:45,41.1959,-70.8836,2.9,817.0,-0.025706,-0.000532
NES-LTER_AE2426_ag_202411061634_003m_R1.sb,20241106,16:34:45,41.1959,-70.8836,2.9,818.0,-0.027684,-0.000618
NES-LTER_AE2426_ag_202411061634_003m_R1.sb,20241106,16:34:45,41.1959,-70.8836,2.9,819.0,-0.029547,-0.000699
NES-LTER_AE2426_ag_202411061634_003m_R1.sb,20241106,16:34:45,41.1959,-70.8836,2.9,820.0,-0.031456,-0.000782
NES-LTER_AE2426_ag_202411061634_003m_R1.sb,20241106,16:34:45,41.1959,-70.8836,2.9,821.0,-0.033411,-0.000867
NES-LTER_AE2426_ag_202411061634_003m_R1.sb,20241106,16:34:45,41.1959,-70.8836,2.9,822.0,-0.036194,-0.000988
NES-LTER_AE2426_ag_202411061634_003m_R1.sb,20241106,16:34:45,41.1959,-70.8836,2.9,823.0,-0.038977,-0.001109
NES-LTER_AE2426_ag_202411061634_003m_R1.sb,20241106,16:34:45,41.1959,-70.8836,2.9,824.0,-0.04222,-0.00125
NES-LTER_AE2426_ag_202411061634_003m_R1.sb,20241106,16:34:45,41.1959,-70.8836,2.9,825.0,-0.046636,-0.001442
NES-LTER_AE2426_ag_202411061634_003m_R1.sb,20241106,16:34:45,41.1959,-70.8836,2.9,826.0,-0.051075,-0.001635
NES-LTER_AE2426_ag_202411061634_003m_R1.sb,20241106,16:34:45,41.1959,-70.8836,2.9,827.0,-0.056595,-0.001875
NES-LTER_AE2426_ag_202411061634_003m_R1.sb,20241106,16:34:45,41.1959,-70.8836,2.9,828.0,-0.06177,-0.0021
NES-LTER_AE2426_ag_202411061634_003m_R1.sb,20241106,16:34:45,41.1959,-70.8836,2.9,829.0,-0.06706,-0.00233
NES-LTER_AE2426_ag_202411061634_003m_R1.sb,20241106,16:34:45,41.1959,-70.8836,2.9,830.0,-0.070418,-0.002476
NES-LTER_AE2426_ag_202411061634_003m_R1.sb,20241106,16:34:45,41.1959,-70.8836,2.9,831.0,-0.072534,-0.002568
NES-LTER_AE2426_ag_202411061634_003m_R1.sb,20241106,16:34:45,41.1959,-70.8836,2.9,832.0,-0.073316,-0.002602
NES-LTER_AE2426_ag_202411061634_003m_R1.sb,20241106,16:34:45,41.1959,-70.8836,2.9,833.0,-0.072465,-0.002565
NES-LTER_AE2426_ag_202411061634_003m_R1.sb,20241106,16:34:45,41.1959,-70.8836,2.9,834.0,-0.070625,-0.002485
NES-LTER_AE2426_ag_202411061634_003m_R1.sb,20241106,16:34:45,41.1959,-70.8836,2.9,835.0,-0.067727,-0.002359
NES-LTER_AE2426_ag_202411061634_003m_R1.sb,20241106,16:34:45,41.1959,-70.8836,2.9,836.0,-0.063978,-0.002196
NES-LTER_AE2426_ag_202411061634_003m_R1.sb,20241106,16:34:45,41.1959,-70.8836,2.9,837.0,-0.059654,-0.002008
NES-LTER_AE2426_ag_202411061634_003m_R1.sb,20241106,16:34:45,41.1959,-70.8836,2.9,838.0,-0.055514,-0.001828
NES-LTER_AE2426_ag_202411061634_003m_R1.sb,20241106,16:34:45,41.1959,-70.8836,2.9,839.0,-0.051995,-0.001675
NES-LTER_AE2426_ag_202411061634_003m_R1.sb,20241106,16:34:45,41.1959,-70.8836,2.9,840.0,-0.048913,-0.001541
NES-LTER_AE2426_ag_202411061634_003m_R1.sb,20241106,16:34:45,41.1959,-70.8836,2.9,841.0,-0.046061,-0.001417
NES-LTER_AE2426_ag_202411061634_003m_R1.sb,20241106,16:34:45,41.1959,-70.8836,2.9,842.0,-0.043876,-0.001322
NES-LTER_AE2426_ag_202411061634_003m_R1.sb,20241106,16:34:45,41.1959,-70.8836,2.9,843.0,-0.041576,-0.001222
NES-LTER_AE2426_ag_202411061634_003m_R1.sb,20241106,16:34:45,41.1959,-70.8836,2.9,844.0,-0.039092,-0.001114
NES-LTER_AE2426_ag_202411061634_003m_R1.sb,20241106,16:34:45,41.1959,-70.8836,2.9,845.0,-0.038425,-0.001085
NES-LTER_AE2426_ag_202411061634_003m_R1.sb,20241106,16:34:45,41.1959,-70.8836,2.9,846.0,-0.038011,-0.001067
NES-LTER_AE2426_ag_202411061634_003m_R1.sb,20241106,16:34:45,41.1959,-70.8836,2.9,847.0,-0.036884,-0.001018
NES-LTER_AE2426_ag_202411061634_003m_R1.sb,20241106,16:34:45,41.1959,-70.8836,2.9,848.0,-0.034446,-0.000912
NES-LTER_AE2426_ag_202411061634_003m_R1.sb,20241106,16:34:45,41.1959,-70.8836,2.9,849.0,-0.031732,-0.000794
NES-LTER_AE2426_ag_202411061634_003m_R1.sb,20241106,16:34:45,41.1959,-70.8836,2.9,850.0,-0.031203,-0.000771
NES-LTER_AE2426_ag_202411070844_003m_R1.sb,20241107,08:44:42,41.0317,-70.8808,2.9,300.0,1.190334,0.052428
NES-LTER_AE2426_ag_202411070844_003m_R1.sb,20241107,08:44:42,41.0317,-70.8808,2.9,301.0,1.161768,0.051186
NES-LTER_AE2426_ag_202411070844_003m_R1.sb,20241107,08:44:42,41.0317,-70.8808,2.9,302.0,1.134444,0.049998
NES-LTER_AE2426_ag_202411070844_003m_R1.sb,20241107,08:44:42,41.0317,-70.8808,2.9,303.0,1.10827,0.04886
NES-LTER_AE2426_ag_202411070844_003m_R1.sb,20241107,08:44:42,41.0317,-70.8808,2.9,304.0,1.082947,0.047759
NES-LTER_AE2426_ag_202411070844_003m_R1.sb,20241107,08:44:42,41.0317,-70.8808,2.9,305.0,1.059165,0.046725
NES-LTER_AE2426_ag_202411070844_003m_R1.sb,20241107,08:44:42,41.0317,-70.8808,2.9,306.0,1.035958,0.045716
NES-LTER_AE2426_ag_202411070844_003m_R1.sb,20241107,08:44:42,41.0317,-70.8808,2.9,307.0,1.013763,0.044751
NES-LTER_AE2426_ag_202411070844_003m_R1.sb,20241107,08:44:42,41.0317,-70.8808,2.9,308.0,0.991936,0.043802
NES-LTER_AE2426_ag_202411070844_003m_R1.sb,20241107,08:44:42,41.0317,-70.8808,2.9,309.0,0.971765,0.042925
NES-LTER_AE2426_ag_202411070844_003m_R1.sb,20241107,08:44:42,41.0317,-70.8808,2.9,310.0,0.951847,0.042059
NES-LTER_AE2426_ag_202411070844_003m_R1.sb,20241107,08:44:42,41.0317,-70.8808,2.9,311.0,0.932596,0.041222
NES-LTER_AE2426_ag_202411070844_003m_R1.sb,20241107,08:44:42,41.0317,-70.8808,2.9,312.0,0.913437,0.040389
NES-LTER_AE2426_ag_202411070844_003m_R1.sb,20241107,08:44:42,41.0317,-70.8808,2.9,313.0,0.895244,0.039598
NES-LTER_AE2426_ag_202411070844_003m_R1.sb,20241107,08:44:42,41.0317,-70.8808,2.9,314.0,0.877258,0.038816
NES-LTER_AE2426_ag_202411070844_003m_R1.sb,20241107,08:44:42,41.0317,-70.8808,2.9,315.0,0.860215,0.038075
NES-LTER_AE2426_ag_202411070844_003m_R1.sb,20241107,08:44:42,41.0317,-70.8808,2.9,316.0,0.842827,0.037319
NES-LTER_AE2426_ag_202411070844_003m_R1.sb,20241107,08:44:42,41.0317,-70.8808,2.9,317.0,0.826474,0.036608
NES-LTER_AE2426_ag_202411070844_003m_R1.sb,20241107,08:44:42,41.0317,-70.8808,2.9,318.0,0.810305,0.035905
NES-LTER_AE2426_ag_202411070844_003m_R1.sb,20241107,08:44:42,41.0317,-70.8808,2.9,319.0,0.794596,0.035222
NES-LTER_AE2426_ag_202411070844_003m_R1.sb,20241107,08:44:42,41.0317,-70.8808,2.9,320.0,0.779186,0.034552
NES-LTER_AE2426_ag_202411070844_003m_R1.sb,20241107,08:44:42,41.0317,-70.8808,2.9,321.0,0.764075,0.033895
NES-LTER_AE2426_ag_202411070844_003m_R1.sb,20241107,08:44:42,41.0317,-70.8808,2.9,322.0,0.749585,0.033265
NES-LTER_AE2426_ag_202411070844_003m_R1.sb,20241107,08:44:42,41.0317,-70.8808,2.9,323.0,0.735118,0.032636
NES-LTER_AE2426_ag_202411070844_003m_R1.sb,20241107,08:44:42,41.0317,-70.8808,2.9,324.0,0.721571,0.032047
NES-LTER_AE2426_ag_202411070844_003m_R1.sb,20241107,08:44:42,41.0317,-70.8808,2.9,325.0,0.708599,0.031483
NES-LTER_AE2426_ag_202411070844_003m_R1.sb,20241107,08:44:42,41.0317,-70.8808,2.9,326.0,0.695443,0.030911
NES-LTER_AE2426_ag_202411070844_003m_R1.sb,20241107,08:44:42,41.0317,-70.8808,2.9,327.0,0.681988,0.030326
NES-LTER_AE2426_ag_202411070844_003m_R1.sb,20241107,08:44:42,41.0317,-70.8808,2.9,328.0,0.668694,0.029748
NES-LTER_AE2426_ag_202411070844_003m_R1.sb,20241107,08:44:42,41.0317,-70.8808,2.9,329.0,0.656182,0.029204
NES-LTER_AE2426_ag_202411070844_003m_R1.sb,20241107,08:44:42,41.0317,-70.8808,2.9,330.0,0.644107,0.028679
NES-LTER_AE2426_ag_202411070844_003m_R1.sb,20241107,08:44:42,41.0317,-70.8808,2.9,331.0,0.631848,0.028146
NES-LTER_AE2426_ag_202411070844_003m_R1.sb,20241107,08:44:42,41.0317,-70.8808,2.9,332.0,0.619888,0.027626
NES-LTER_AE2426_ag_202411070844_003m_R1.sb,20241107,08:44:42,41.0317,-70.8808,2.9,333.0,0.608089,0.027113
NES-LTER_AE2426_ag_202411070844_003m_R1.sb,20241107,08:44:42,41.0317,-70.8808,2.9,334.0,0.59698,0.02663
NES-LTER_AE2426_ag_202411070844_003m_R1.sb,20241107,08:44:42,41.0317,-70.8808,2.9,335.0,0.585687,0.026139
NES-LTER_AE2426_ag_202411070844_003m_R1.sb,20241107,08:44:42,41.0317,-70.8808,2.9,336.0,0.574969,0.025673
NES-LTER_AE2426_ag_202411070844_003m_R1.sb,20241107,08:44:42,41.0317,-70.8808,2.9,337.0,0.564159,0.025203
NES-LTER_AE2426_ag_202411070844_003m_R1.sb,20241107,08:44:42,41.0317,-70.8808,2.9,338.0,0.554614,0.024788
NES-LTER_AE2426_ag_202411070844_003m_R1.sb,20241107,08:44:42,41.0317,-70.8808,2.9,339.0,0.544333,0.024341
NES-LTER_AE2426_ag_202411070844_003m_R1.sb,20241107,08:44:42,41.0317,-70.8808,2.9,340.0,0.535064,0.023938
NES-LTER_AE2426_ag_202411070844_003m_R1.sb,20241107,08:44:42,41.0317,-70.8808,2.9,341.0,0.524921,0.023497
NES-LTER_AE2426_ag_202411070844_003m_R1.sb,20241107,08:44:42,41.0317,-70.8808,2.9,342.0,0.515859,0.023103
NES-LTER_AE2426_ag_202411070844_003m_R1.sb,20241107,08:44:42,41.0317,-70.8808,2.9,343.0,0.506659,0.022703
NES-LTER_AE2426_ag_202411070844_003m_R1.sb,20241107,08:44:42,41.0317,-70.8808,2.9,344.0,0.49785,0.02232
NES-LTER_AE2426_ag_202411070844_003m_R1.sb,20241107,08:44:42,41.0317,-70.8808,2.9,345.0,0.488742,0.021924
NES-LTER_AE2426_ag_202411070844_003m_R1.sb,20241107,08:44:42,41.0317,-70.8808,2.9,346.0,0.479772,0.021534
NES-LTER_AE2426_ag_202411070844_003m_R1.sb,20241107,08:44:42,41.0317,-70.8808,2.9,347.0,0.471147,0.021159
NES-LTER_AE2426_ag_202411070844_003m_R1.sb,20241107,08:44:42,41.0317,-70.8808,2.9,348.0,0.462821,0.020797
NES-LTER_AE2426_ag_202411070844_003m_R1.sb,20241107,08:44:42,41.0317,-70.8808,2.9,349.0,0.454909,0.020453
NES-LTER_AE2426_ag_202411070844_003m_R1.sb,20241107,08:44:42,41.0317,-70.8808,2.9,350.0,0.446951,0.020107
NES-LTER_AE2426_ag_202411070844_003m_R1.sb,20241107,08:44:42,41.0317,-70.8808,2.9,351.0,0.440028,0.019806
NES-LTER_AE2426_ag_202411070844_003m_R1.sb,20241107,08:44:42,41.0317,-70.8808,2.9,352.0,0.43207,0.01946
NES-LTER_AE2426_ag_202411070844_003m_R1.sb,20241107,08:44:42,41.0317,-70.8808,2.9,353.0,0.425101,0.019157
NES-LTER_AE2426_ag_202411070844_003m_R1.sb,20241107,08:44:42,41.0317,-70.8808,2.9,354.0,0.41735,0.01882
NES-LTER_AE2426_ag_202411070844_003m_R1.sb,20241107,08:44:42,41.0317,-70.8808,2.9,355.0,0.410726,0.018532
NES-LTER_AE2426_ag_202411070844_003m_R1.sb,20241107,08:44:42,41.0317,-70.8808,2.9,356.0,0.403757,0.018229
NES-LTER_AE2426_ag_202411070844_003m_R1.sb,20241107,08:44:42,41.0317,-70.8808,2.9,357.0,0.396604,0.017918
NES-LTER_AE2426_ag_202411070844_003m_R1.sb,20241107,08:44:42,41.0317,-70.8808,2.9,358.0,0.389727,0.017619
NES-LTER_AE2426_ag_202411070844_003m_R1.sb,20241107,08:44:42,41.0317,-70.8808,2.9,359.0,0.382919,0.017323
NES-LTER_AE2426_ag_202411070844_003m_R1.sb,20241107,08:44:42,41.0317,-70.8808,2.9,360.0,0.376571,0.017047
NES-LTER_AE2426_ag_202411070844_003m_R1.sb,20241107,08:44:42,41.0317,-70.8808,2.9,361.0,0.370039,0.016763
NES-LTER_AE2426_ag_202411070844_003m_R1.sb,20241107,08:44:42,41.0317,-70.8808,2.9,362.0,0.364289,0.016513
NES-LTER_AE2426_ag_202411070844_003m_R1.sb,20241107,08:44:42,41.0317,-70.8808,2.9,363.0,0.358677,0.016269
NES-LTER_AE2426_ag_202411070844_003m_R1.sb,20241107,08:44:42,41.0317,-70.8808,2.9,364.0,0.353088,0.016026
NES-LTER_AE2426_ag_202411070844_003m_R1.sb,20241107,08:44:42,41.0317,-70.8808,2.9,365.0,0.347039,0.015763
NES-LTER_AE2426_ag_202411070844_003m_R1.sb,20241107,08:44:42,41.0317,-70.8808,2.9,366.0,0.341335,0.015515
NES-LTER_AE2426_ag_202411070844_003m_R1.sb,20241107,08:44:42,41.0317,-70.8808,2.9,367.0,0.336137,0.015289
NES-LTER_AE2426_ag_202411070844_003m_R1.sb,20241107,08:44:42,41.0317,-70.8808,2.9,368.0,0.330778,0.015056
NES-LTER_AE2426_ag_202411070844_003m_R1.sb,20241107,08:44:42,41.0317,-70.8808,2.9,369.0,0.325488,0.014826
NES-LTER_AE2426_ag_202411070844_003m_R1.sb,20241107,08:44:42,41.0317,-70.8808,2.9,370.0,0.320244,0.014598
NES-LTER_AE2426_ag_202411070844_003m_R1.sb,20241107,08:44:42,41.0317,-70.8808,2.9,371.0,0.315391,0.014387
NES-LTER_AE2426_ag_202411070844_003m_R1.sb,20241107,08:44:42,41.0317,-70.8808,2.9,372.0,0.309411,0.014127
NES-LTER_AE2426_ag_202411070844_003m_R1.sb,20241107,08:44:42,41.0317,-70.8808,2.9,373.0,0.303615,0.013875
NES-LTER_AE2426_ag_202411070844_003m_R1.sb,20241107,08:44:42,41.0317,-70.8808,2.9,374.0,0.297957,0.013629
NES-LTER_AE2426_ag_202411070844_003m_R1.sb,20241107,08:44:42,41.0317,-70.8808,2.9,375.0,0.293449,0.013433
NES-LTER_AE2426_ag_202411070844_003m_R1.sb,20241107,08:44:42,41.0317,-70.8808,2.9,376.0,0.288619,0.013223
NES-LTER_AE2426_ag_202411070844_003m_R1.sb,20241107,08:44:42,41.0317,-70.8808,2.9,377.0,0.283766,0.013012
NES-LTER_AE2426_ag_202411070844_003m_R1.sb,20241107,08:44:42,41.0317,-70.8808,2.9,378.0,0.279189,0.012813
NES-LTER_AE2426_ag_202411070844_003m_R1.sb,20241107,08:44:42,41.0317,-70.8808,2.9,379.0,0.274704,0.012618
NES-LTER_AE2426_ag_202411070844_003m_R1.sb,20241107,08:44:42,41.0317,-70.8808,2.9,380.0,0.270863,0.012451
NES-LTER_AE2426_ag_202411070844_003m_R1.sb,20241107,08:44:42,41.0317,-70.8808,2.9,381.0,0.266378,0.012256
NES-LTER_AE2426_ag_202411070844_003m_R1.sb,20241107,08:44:42,41.0317,-70.8808,2.9,382.0,0.262422,0.012084
NES-LTER_AE2426_ag_202411070844_003m_R1.sb,20241107,08:44:42,41.0317,-70.8808,2.9,383.0,0.257638,0.011876
NES-LTER_AE2426_ag_202411070844_003m_R1.sb,20241107,08:44:42,41.0317,-70.8808,2.9,384.0,0.25359,0.0117
NES-LTER_AE2426_ag_202411070844_003m_R1.sb,20241107,08:44:42,41.0317,-70.8808,2.9,385.0,0.249634,0.011528
NES-LTER_AE2426_ag_202411070844_003m_R1.sb,20241107,08:44:42,41.0317,-70.8808,2.9,386.0,0.245977,0.011369
NES-LTER_AE2426_ag_202411070844_003m_R1.sb,20241107,08:44:42,41.0317,-70.8808,2.9,387.0,0.242504,0.011218
NES-LTER_AE2426_ag_202411070844_003m_R1.sb,20241107,08:44:42,41.0317,-70.8808,2.9,388.0,0.239192,0.011074
NES-LTER_AE2426_ag_202411070844_003m_R1.sb,20241107,08:44:42,41.0317,-70.8808,2.9,389.0,0.23588,0.01093
NES-LTER_AE2426_ag_202411070844_003m_R1.sb,20241107,08:44:42,41.0317,-70.8808,2.9,390.0,0.232476,0.010782
NES-LTER_AE2426_ag_202411070844_003m_R1.sb,20241107,08:44:42,41.0317,-70.8808,2.9,391.0,0.228359,0.010603
NES-LTER_AE2426_ag_202411070844_003m_R1.sb,20241107,08:44:42,41.0317,-70.8808,2.9,392.0,0.224541,0.010437
NES-LTER_AE2426_ag_202411070844_003m_R1.sb,20241107,08:44:42,41.0317,-70.8808,2.9,393.0,0.221114,0.010288
NES-LTER_AE2426_ag_202411070844_003m_R1.sb,20241107,08:44:42,41.0317,-70.8808,2.9,394.0,0.218078,0.010156
NES-LTER_AE2426_ag_202411070844_003m_R1.sb,20241107,08:44:42,41.0317,-70.8808,2.9,395.0,0.214904,0.010018
NES-LTER_AE2426_ag_202411070844_003m_R1.sb,20241107,08:44:42,41.0317,-70.8808,2.9,396.0,0.211868,0.009886
NES-LTER_AE2426_ag_202411070844_003m_R1.sb,20241107,08:44:42,41.0317,-70.8808,2.9,397.0,0.20897,0.00976
NES-LTER_AE2426_ag_202411070844_003m_R1.sb,20241107,08:44:42,41.0317,-70.8808,2.9,398.0,0.206555,0.009655
NES-LTER_AE2426_ag_202411070844_003m_R1.sb,20241107,08:44:42,41.0317,-70.8808,2.9,399.0,0.203565,0.009525
NES-LTER_AE2426_ag_202411070844_003m_R1.sb,20241107,08:44:42,41.0317,-70.8808,2.9,400.0,0.200782,0.009404
NES-LTER_AE2426_ag_202411070844_003m_R1.sb,20241107,08:44:42,41.0317,-70.8808,2.9,401.0,0.198022,0.009284
NES-LTER_AE2426_ag_202411070844_003m_R1.sb,20241107,08:44:42,41.0317,-70.8808,2.9,402.0,0.195331,0.009167
NES-LTER_AE2426_ag_202411070844_003m_R1.sb,20241107,08:44:42,41.0317,-70.8808,2.9,403.0,0.192594,0.009048
NES-LTER_AE2426_ag_202411070844_003m_R1.sb,20241107,08:44:42,41.0317,-70.8808,2.9,404.0,0.189673,0.008921
NES-LTER_AE2426_ag_202411070844_003m_R1.sb,20241107,08:44:42,41.0317,-70.8808,2.9,405.0,0.187304,0.008818
NES-LTER_AE2426_ag_202411070844_003m_R1.sb,20241107,08:44:42,41.0317,-70.8808,2.9,406.0,0.184912,0.008714
NES-LTER_AE2426_ag_202411070844_003m_R1.sb,20241107,08:44:42,41.0317,-70.8808,2.9,407.0,0.18275,0.00862
NES-LTER_AE2426_ag_202411070844_003m_R1.sb,20241107,08:44:42,41.0317,-70.8808,2.9,408.0,0.180059,0.008503
NES-LTER_AE2426_ag_202411070844_003m_R1.sb,20241107,08:44:42,41.0317,-70.8808,2.9,409.0,0.177414,0.008388
NES-LTER_AE2426_ag_202411070844_003m_R1.sb,20241107,08:44:42,41.0317,-70.8808,2.9,410.0,0.175022,0.008284
NES-LTER_AE2426_ag_202411070844_003m_R1.sb,20241107,08:44:42,41.0317,-70.8808,2.9,411.0,0.172837,0.008189
NES-LTER_AE2426_ag_202411070844_003m_R1.sb,20241107,08:44:42,41.0317,-70.8808,2.9,412.0,0.170284,0.008078
NES-LTER_AE2426_ag_202411070844_003m_R1.sb,20241107,08:44:42,41.0317,-70.8808,2.9,413.0,0.167547,0.007959
NES-LTER_AE2426_ag_202411070844_003m_R1.sb,20241107,08:44:42,41.0317,-70.8808,2.9,414.0,0.165017,0.007849
NES-LTER_AE2426_ag_202411070844_003m_R1.sb,20241107,08:44:42,41.0317,-70.8808,2.9,415.0,0.162809,0.007753
NES-LTER_AE2426_ag_202411070844_003m_R1.sb,20241107,08:44:42,41.0317,-70.8808,2.9,416.0,0.160187,0.007639
NES-LTER_AE2426_ag_202411070844_003m_R1.sb,20241107,08:44:42,41.0317,-70.8808,2.9,417.0,0.157634,0.007528
NES-LTER_AE2426_ag_202411070844_003m_R1.sb,20241107,08:44:42,41.0317,-70.8808,2.9,418.0,0.155035,0.007415
NES-LTER_AE2426_ag_202411070844_003m_R1.sb,20241107,08:44:42,41.0317,-70.8808,2.9,419.0,0.15331,0.00734
NES-LTER_AE2426_ag_202411070844_003m_R1.sb,20241107,08:44:42,41.0317,-70.8808,2.9,420.0,0.150964,0.007238
NES-LTER_AE2426_ag_202411070844_003m_R1.sb,20241107,08:44:42,41.0317,-70.8808,2.9,421.0,0.148342,0.007124
NES-LTER_AE2426_ag_202411070844_003m_R1.sb,20241107,08:44:42,41.0317,-70.8808,2.9,422.0,0.145858,0.007016
NES-LTER_AE2426_ag_202411070844_003m_R1.sb,20241107,08:44:42,41.0317,-70.8808,2.9,423.0,0.143512,0.006914
NES-LTER_AE2426_ag_202411070844_003m_R1.sb,20241107,08:44:42,41.0317,-70.8808,2.9,424.0,0.141235,0.006815
NES-LTER_AE2426_ag_202411070844_003m_R1.sb,20241107,08:44:42,41.0317,-70.8808,2.9,425.0,0.138475,0.006695
NES-LTER_AE2426_ag_202411070844_003m_R1.sb,20241107,08:44:42,41.0317,-70.8808,2.9,426.0,0.135853,0.006581
NES-LTER_AE2426_ag_202411070844_003m_R1.sb,20241107,08:44:42,41.0317,-70.8808,2.9,427.0,0.133507,0.006479
NES-LTER_AE2426_ag_202411070844_003m_R1.sb,20241107,08:44:42,41.0317,-70.8808,2.9,428.0,0.131253,0.006381
NES-LTER_AE2426_ag_202411070844_003m_R1.sb,20241107,08:44:42,41.0317,-70.8808,2.9,429.0,0.129298,0.006296
NES-LTER_AE2426_ag_202411070844_003m_R1.sb,20241107,08:44:42,41.0317,-70.8808,2.9,430.0,0.12709,0.0062
NES-LTER_AE2426_ag_202411070844_003m_R1.sb,20241107,08:44:42,41.0317,-70.8808,2.9,431.0,0.125181,0.006117
NES-LTER_AE2426_ag_202411070844_003m_R1.sb,20241107,08:44:42,41.0317,-70.8808,2.9,432.0,0.122996,0.006022
NES-LTER_AE2426_ag_202411070844_003m_R1.sb,20241107,08:44:42,41.0317,-70.8808,2.9,433.0,0.12111,0.00594
NES-LTER_AE2426_ag_202411070844_003m_R1.sb,20241107,08:44:42,41.0317,-70.8808,2.9,434.0,0.118971,0.005847
NES-LTER_AE2426_ag_202411070844_003m_R1.sb,20241107,08:44:42,41.0317,-70.8808,2.9,435.0,0.11697,0.00576
NES-LTER_AE2426_ag_202411070844_003m_R1.sb,20241107,08:44:42,41.0317,-70.8808,2.9,436.0,0.115015,0.005675
NES-LTER_AE2426_ag_202411070844_003m_R1.sb,20241107,08:44:42,41.0317,-70.8808,2.9,437.0,0.112784,0.005578
NES-LTER_AE2426_ag_202411070844_003m_R1.sb,20241107,08:44:42,41.0317,-70.8808,2.9,438.0,0.11099,0.0055
NES-LTER_AE2426_ag_202411070844_003m_R1.sb,20241107,08:44:42,41.0317,-70.8808,2.9,439.0,0.108782,0.005404
NES-LTER_AE2426_ag_202411070844_003m_R1.sb,20241107,08:44:42,41.0317,-70.8808,2.9,440.0,0.106643,0.005311
NES-LTER_AE2426_ag_202411070844_003m_R1.sb,20241107,08:44:42,41.0317,-70.8808,2.9,441.0,0.104251,0.005207
NES-LTER_AE2426_ag_202411070844_003m_R1.sb,20241107,08:44:42,41.0317,-70.8808,2.9,442.0,0.10248,0.00513
NES-LTER_AE2426_ag_202411070844_003m_R1.sb,20241107,08:44:42,41.0317,-70.8808,2.9,443.0,0.101031,0.005067
NES-LTER_AE2426_ag_202411070844_003m_R1.sb,20241107,08:44:42,41.0317,-70.8808,2.9,444.0,0.099352,0.004994
NES-LTER_AE2426_ag_202411070844_003m_R1.sb,20241107,08:44:42,41.0317,-70.8808,2.9,445.0,0.097627,0.004919
NES-LTER_AE2426_ag_202411070844_003m_R1.sb,20241107,08:44:42,41.0317,-70.8808,2.9,446.0,0.095672,0.004834
NES-LTER_AE2426_ag_202411070844_003m_R1.sb,20241107,08:44:42,41.0317,-70.8808,2.9,447.0,0.094292,0.004774
NES-LTER_AE2426_ag_202411070844_003m_R1.sb,20241107,08:44:42,41.0317,-70.8808,2.9,448.0,0.092958,0.004716
NES-LTER_AE2426_ag_202411070844_003m_R1.sb,20241107,08:44:42,41.0317,-70.8808,2.9,449.0,0.0919,0.00467
NES-LTER_AE2426_ag_202411070844_003m_R1.sb,20241107,08:44:42,41.0317,-70.8808,2.9,450.0,0.090037,0.004589
NES-LTER_AE2426_ag_202411070844_003m_R1.sb,20241107,08:44:42,41.0317,-70.8808,2.9,451.0,0.088404,0.004518
NES-LTER_AE2426_ag_202411070844_003m_R1.sb,20241107,08:44:42,41.0317,-70.8808,2.9,452.0,0.086863,0.004451
NES-LTER_AE2426_ag_202411070844_003m_R1.sb,20241107,08:44:42,41.0317,-70.8808,2.9,453.0,0.086219,0.004423
NES-LTER_AE2426_ag_202411070844_003m_R1.sb,20241107,08:44:42,41.0317,-70.8808,2.9,454.0,0.084862,0.004364
NES-LTER_AE2426_ag_202411070844_003m_R1.sb,20241107,08:44:42,41.0317,-70.8808,2.9,455.0,0.08362,0.00431
NES-LTER_AE2426_ag_202411070844_003m_R1.sb,20241107,08:44:42,41.0317,-70.8808,2.9,456.0,0.082332,0.004254
NES-LTER_AE2426_ag_202411070844_003m_R1.sb,20241107,08:44:42,41.0317,-70.8808,2.9,457.0,0.080998,0.004196
NES-LTER_AE2426_ag_202411070844_003m_R1.sb,20241107,08:44:42,41.0317,-70.8808,2.9,458.0,0.079365,0.004125
NES-LTER_AE2426_ag_202411070844_003m_R1.sb,20241107,08:44:42,41.0317,-70.8808,2.9,459.0,0.077962,0.004064
NES-LTER_AE2426_ag_202411070844_003m_R1.sb,20241107,08:44:42,41.0317,-70.8808,2.9,460.0,0.07695,0.00402
NES-LTER_AE2426_ag_202411070844_003m_R1.sb,20241107,08:44:42,41.0317,-70.8808,2.9,461.0,0.07603,0.00398
NES-LTER_AE2426_ag_202411070844_003m_R1.sb,20241107,08:44:42,41.0317,-70.8808,2.9,462.0,0.074443,0.003911
NES-LTER_AE2426_ag_202411070844_003m_R1.sb,20241107,08:44:42,41.0317,-70.8808,2.9,463.0,0.073086,0.003852
NES-LTER_AE2426_ag_202411070844_003m_R1.sb,20241107,08:44:42,41.0317,-70.8808,2.9,464.0,0.071844,0.003798
NES-LTER_AE2426_ag_202411070844_003m_R1.sb,20241107,08:44:42,41.0317,-70.8808,2.9,465.0,0.070832,0.003754
NES-LTER_AE2426_ag_202411070844_003m_R1.sb,20241107,08:44:42,41.0317,-70.8808,2.9,466.0,0.06936,0.00369
NES-LTER_AE2426_ag_202411070844_003m_R1.sb,20241107,08:44:42,41.0317,-70.8808,2.9,467.0,0.068118,0.003636
NES-LTER_AE2426_ag_202411070844_003m_R1.sb,20241107,08:44:42,41.0317,-70.8808,2.9,468.0,0.066462,0.003564
NES-LTER_AE2426_ag_202411070844_003m_R1.sb,20241107,08:44:42,41.0317,-70.8808,2.9,469.0,0.065473,0.003521
NES-LTER_AE2426_ag_202411070844_003m_R1.sb,20241107,08:44:42,41.0317,-70.8808,2.9,470.0,0.064277,0.003469
NES-LTER_AE2426_ag_202411070844_003m_R1.sb,20241107,08:44:42,41.0317,-70.8808,2.9,471.0,0.063449,0.003433
NES-LTER_AE2426_ag_202411070844_003m_R1.sb,20241107,08:44:42,41.0317,-70.8808,2.9,472.0,0.061862,0.003364
NES-LTER_AE2426_ag_202411070844_003m_R1.sb,20241107,08:44:42,41.0317,-70.8808,2.9,473.0,0.060758,0.003316
NES-LTER_AE2426_ag_202411070844_003m_R1.sb,20241107,08:44:42,41.0317,-70.8808,2.9,474.0,0.059861,0.003277
NES-LTER_AE2426_ag_202411070844_003m_R1.sb,20241107,08:44:42,41.0317,-70.8808,2.9,475.0,0.059102,0.003244
NES-LTER_AE2426_ag_202411070844_003m_R1.sb,20241107,08:44:42,41.0317,-70.8808,2.9,476.0,0.057998,0.003196
NES-LTER_AE2426_ag_202411070844_003m_R1.sb,20241107,08:44:42,41.0317,-70.8808,2.9,477.0,0.056411,0.003127
NES-LTER_AE2426_ag_202411070844_003m_R1.sb,20241107,08:44:42,41.0317,-70.8808,2.9,478.0,0.055583,0.003091
NES-LTER_AE2426_ag_202411070844_003m_R1.sb,20241107,08:44:42,41.0317,-70.8808,2.9,479.0,0.054456,0.003042
NES-LTER_AE2426_ag_202411070844_003m_R1.sb,20241107,08:44:42,41.0317,-70.8808,2.9,480.0,0.053789,0.003013
NES-LTER_AE2426_ag_202411070844_003m_R1.sb,20241107,08:44:42,41.0317,-70.8808,2.9,481.0,0.052777,0.002969
NES-LTER_AE2426_ag_202411070844_003m_R1.sb,20241107,08:44:42,41.0317,-70.8808,2.9,482.0,0.052087,0.002939
NES-LTER_AE2426_ag_202411070844_003m_R1.sb,20241107,08:44:42,41.0317,-70.8808,2.9,483.0,0.051259,0.002903
NES-LTER_AE2426_ag_202411070844_003m_R1.sb,20241107,08:44:42,41.0317,-70.8808,2.9,484.0,0.050753,0.002881
NES-LTER_AE2426_ag_202411070844_003m_R1.sb,20241107,08:44:42,41.0317,-70.8808,2.9,485.0,0.049649,0.002833
NES-LTER_AE2426_ag_202411070844_003m_R1.sb,20241107,08:44:42,41.0317,-70.8808,2.9,486.0,0.049028,0.002806
NES-LTER_AE2426_ag_202411070844_003m_R1.sb,20241107,08:44:42,41.0317,-70.8808,2.9,487.0,0.047671,0.002747
NES-LTER_AE2426_ag_202411070844_003m_R1.sb,20241107,08:44:42,41.0317,-70.8808,2.9,488.0,0.04705,0.00272
NES-LTER_AE2426_ag_202411070844_003m_R1.sb,20241107,08:44:42,41.0317,-70.8808,2.9,489.0,0.045946,0.002672
NES-LTER_AE2426_ag_202411070844_003m_R1.sb,20241107,08:44:42,41.0317,-70.8808,2.9,490.0,0.045509,0.002653
NES-LTER_AE2426_ag_202411070844_003m_R1.sb,20241107,08:44:42,41.0317,-70.8808,2.9,491.0,0.04498,0.00263
NES-LTER_AE2426_ag_202411070844_003m_R1.sb,20241107,08:44:42,41.0317,-70.8808,2.9,492.0,0.044451,0.002607
NES-LTER_AE2426_ag_202411070844_003m_R1.sb,20241107,08:44:42,41.0317,-70.8808,2.9,493.0,0.043692,0.002574
NES-LTER_AE2426_ag_202411070844_003m_R1.sb,20241107,08:44:42,41.0317,-70.8808,2.9,494.0,0.042818,0.002536
NES-LTER_AE2426_ag_202411070844_003m_R1.sb,20241107,08:44:42,41.0317,-70.8808,2.9,495.0,0.042105,0.002505
NES-LTER_AE2426_ag_202411070844_003m_R1.sb,20241107,08:44:42,41.0317,-70.8808,2.9,496.0,0.041553,0.002481
NES-LTER_AE2426_ag_202411070844_003m_R1.sb,20241107,08:44:42,41.0317,-70.8808,2.9,497.0,0.041093,0.002461
NES-LTER_AE2426_ag_202411070844_003m_R1.sb,20241107,08:44:42,41.0317,-70.8808,2.9,498.0,0.040518,0.002436
NES-LTER_AE2426_ag_202411070844_003m_R1.sb,20241107,08:44:42,41.0317,-70.8808,2.9,499.0,0.040035,0.002415
NES-LTER_AE2426_ag_202411070844_003m_R1.sb,20241107,08:44:42,41.0317,-70.8808,2.9,500.0,0.039322,0.002384
NES-LTER_AE2426_ag_202411070844_003m_R1.sb,20241107,08:44:42,41.0317,-70.8808,2.9,501.0,0.038862,0.002364
NES-LTER_AE2426_ag_202411070844_003m_R1.sb,20241107,08:44:42,41.0317,-70.8808,2.9,502.0,0.038103,0.002331
NES-LTER_AE2426_ag_202411070844_003m_R1.sb,20241107,08:44:42,41.0317,-70.8808,2.9,503.0,0.037459,0.002303
NES-LTER_AE2426_ag_202411070844_003m_R1.sb,20241107,08:44:42,41.0317,-70.8808,2.9,504.0,0.037229,0.002293
NES-LTER_AE2426_ag_202411070844_003m_R1.sb,20241107,08:44:42,41.0317,-70.8808,2.9,505.0,0.0367,0.00227
NES-LTER_AE2426_ag_202411070844_003m_R1.sb,20241107,08:44:42,41.0317,-70.8808,2.9,506.0,0.036332,0.002254
NES-LTER_AE2426_ag_202411070844_003m_R1.sb,20241107,08:44:42,41.0317,-70.8808,2.9,507.0,0.035205,0.002205
NES-LTER_AE2426_ag_202411070844_003m_R1.sb,20241107,08:44:42,41.0317,-70.8808,2.9,508.0,0.034883,0.002191
NES-LTER_AE2426_ag_202411070844_003m_R1.sb,20241107,08:44:42,41.0317,-70.8808,2.9,509.0,0.034239,0.002163
NES-LTER_AE2426_ag_202411070844_003m_R1.sb,20241107,08:44:42,41.0317,-70.8808,2.9,510.0,0.033986,0.002152
NES-LTER_AE2426_ag_202411070844_003m_R1.sb,20241107,08:44:42,41.0317,-70.8808,2.9,511.0,0.033388,0.002126
NES-LTER_AE2426_ag_202411070844_003m_R1.sb,20241107,08:44:42,41.0317,-70.8808,2.9,512.0,0.032951,0.002107
NES-LTER_AE2426_ag_202411070844_003m_R1.sb,20241107,08:44:42,41.0317,-70.8808,2.9,513.0,0.032376,0.002082
NES-LTER_AE2426_ag_202411070844_003m_R1.sb,20241107,08:44:42,41.0317,-70.8808,2.9,514.0,0.031962,0.002064
NES-LTER_AE2426_ag_202411070844_003m_R1.sb,20241107,08:44:42,41.0317,-70.8808,2.9,515.0,0.031617,0.002049
NES-LTER_AE2426_ag_202411070844_003m_R1.sb,20241107,08:44:42,41.0317,-70.8808,2.9,516.0,0.031502,0.002044
NES-LTER_AE2426_ag_202411070844_003m_R1.sb,20241107,08:44:42,41.0317,-70.8808,2.9,517.0,0.031364,0.002038
NES-LTER_AE2426_ag_202411070844_003m_R1.sb,20241107,08:44:42,41.0317,-70.8808,2.9,518.0,0.03118,0.00203
NES-LTER_AE2426_ag_202411070844_003m_R1.sb,20241107,08:44:42,41.0317,-70.8808,2.9,519.0,0.030674,0.002008
NES-LTER_AE2426_ag_202411070844_003m_R1.sb,20241107,08:44:42,41.0317,-70.8808,2.9,520.0,0.030283,0.001991
NES-LTER_AE2426_ag_202411070844_003m_R1.sb,20241107,08:44:42,41.0317,-70.8808,2.9,521.0,0.030053,0.001981
NES-LTER_AE2426_ag_202411070844_003m_R1.sb,20241107,08:44:42,41.0317,-70.8808,2.9,522.0,0.030053,0.001981
NES-LTER_AE2426_ag_202411070844_003m_R1.sb,20241107,08:44:42,41.0317,-70.8808,2.9,523.0,0.029225,0.001945
NES-LTER_AE2426_ag_202411070844_003m_R1.sb,20241107,08:44:42,41.0317,-70.8808,2.9,524.0,0.028627,0.001919
NES-LTER_AE2426_ag_202411070844_003m_R1.sb,20241107,08:44:42,41.0317,-70.8808,2.9,525.0,0.027937,0.001889
NES-LTER_AE2426_ag_202411070844_003m_R1.sb,20241107,08:44:42,41.0317,-70.8808,2.9,526.0,0.027707,0.001879
NES-LTER_AE2426_ag_202411070844_003m_R1.sb,20241107,08:44:42,41.0317,-70.8808,2.9,527.0,0.027224,0.001858
NES-LTER_AE2426_ag_202411070844_003m_R1.sb,20241107,08:44:42,41.0317,-70.8808,2.9,528.0,0.026948,0.001846
NES-LTER_AE2426_ag_202411070844_003m_R1.sb,20241107,08:44:42,41.0317,-70.8808,2.9,529.0,0.026994,0.001848
NES-LTER_AE2426_ag_202411070844_003m_R1.sb,20241107,08:44:42,41.0317,-70.8808,2.9,530.0,0.026626,0.001832
NES-LTER_AE2426_ag_202411070844_003m_R1.sb,20241107,08:44:42,41.0317,-70.8808,2.9,531.0,0.026419,0.001823
NES-LTER_AE2426_ag_202411070844_003m_R1.sb,20241107,08:44:42,41.0317,-70.8808,2.9,532.0,0.025752,0.001794
NES-LTER_AE2426_ag_202411070844_003m_R1.sb,20241107,08:44:42,41.0317,-70.8808,2.9,533.0,0.025683,0.001791
NES-LTER_AE2426_ag_202411070844_003m_R1.sb,20241107,08:44:42,41.0317,-70.8808,2.9,534.0,0.02497,0.00176
NES-LTER_AE2426_ag_202411070844_003m_R1.sb,20241107,08:44:42,41.0317,-70.8808,2.9,535.0,0.024326,0.001732
NES-LTER_AE2426_ag_202411070844_003m_R1.sb,20241107,08:44:42,41.0317,-70.8808,2.9,536.0,0.023843,0.001711
NES-LTER_AE2426_ag_202411070844_003m_R1.sb,20241107,08:44:42,41.0317,-70.8808,2.9,537.0,0.023705,0.001705
NES-LTER_AE2426_ag_202411070844_003m_R1.sb,20241107,08:44:42,41.0317,-70.8808,2.9,538.0,0.023452,0.001694
NES-LTER_AE2426_ag_202411070844_003m_R1.sb,20241107,08:44:42,41.0317,-70.8808,2.9,539.0,0.023038,0.001676
NES-LTER_AE2426_ag_202411070844_003m_R1.sb,20241107,08:44:42,41.0317,-70.8808,2.9,540.0,0.022762,0.001664
NES-LTER_AE2426_ag_202411070844_003m_R1.sb,20241107,08:44:42,41.0317,-70.8808,2.9,541.0,0.022831,0.001667
NES-LTER_AE2426_ag_202411070844_003m_R1.sb,20241107,08:44:42,41.0317,-70.8808,2.9,542.0,0.022601,0.001657
NES-LTER_AE2426_ag_202411070844_003m_R1.sb,20241107,08:44:42,41.0317,-70.8808,2.9,543.0,0.022463,0.001651
NES-LTER_AE2426_ag_202411070844_003m_R1.sb,20241107,08:44:42,41.0317,-70.8808,2.9,544.0,0.02198,0.00163
NES-LTER_AE2426_ag_202411070844_003m_R1.sb,20241107,08:44:42,41.0317,-70.8808,2.9,545.0,0.021589,0.001613
NES-LTER_AE2426_ag_202411070844_003m_R1.sb,20241107,08:44:42,41.0317,-70.8808,2.9,546.0,0.02106,0.00159
NES-LTER_AE2426_ag_202411070844_003m_R1.sb,20241107,08:44:42,41.0317,-70.8808,2.9,547.0,0.020922,0.001584
NES-LTER_AE2426_ag_202411070844_003m_R1.sb,20241107,08:44:42,41.0317,-70.8808,2.9,548.0,0.020692,0.001574
NES-LTER_AE2426_ag_202411070844_003m_R1.sb,20241107,08:44:42,41.0317,-70.8808,2.9,549.0,0.020255,0.001555
NES-LTER_AE2426_ag_202411070844_003m_R1.sb,20241107,08:44:42,41.0317,-70.8808,2.9,550.0,0.019519,0.001523
NES-LTER_AE2426_ag_202411070844_003m_R1.sb,20241107,08:44:42,41.0317,-70.8808,2.9,551.0,0.019197,0.001509
NES-LTER_AE2426_ag_202411070844_003m_R1.sb,20241107,08:44:42,41.0317,-70.8808,2.9,552.0,0.01899,0.0015
NES-LTER_AE2426_ag_202411070844_003m_R1.sb,20241107,08:44:42,41.0317,-70.8808,2.9,553.0,0.018737,0.001489
NES-LTER_AE2426_ag_202411070844_003m_R1.sb,20241107,08:44:42,41.0317,-70.8808,2.9,554.0,0.018369,0.001473
NES-LTER_AE2426_ag_202411070844_003m_R1.sb,20241107,08:44:42,41.0317,-70.8808,2.9,555.0,0.017955,0.001455
NES-LTER_AE2426_ag_202411070844_003m_R1.sb,20241107,08:44:42,41.0317,-70.8808,2.9,556.0,0.017863,0.001451
NES-LTER_AE2426_ag_202411070844_003m_R1.sb,20241107,08:44:42,41.0317,-70.8808,2.9,557.0,0.01784,0.00145
NES-LTER_AE2426_ag_202411070844_003m_R1.sb,20241107,08:44:42,41.0317,-70.8808,2.9,558.0,0.017656,0.001442
NES-LTER_AE2426_ag_202411070844_003m_R1.sb,20241107,08:44:42,41.0317,-70.8808,2.9,559.0,0.017104,0.001418
NES-LTER_AE2426_ag_202411070844_003m_R1.sb,20241107,08:44:42,41.0317,-70.8808,2.9,560.0,0.016805,0.001405
NES-LTER_AE2426_ag_202411070844_003m_R1.sb,20241107,08:44:42,41.0317,-70.8808,2.9,561.0,0.016759,0.001403
NES-LTER_AE2426_ag_202411070844_003m_R1.sb,20241107,08:44:42,41.0317,-70.8808,2.9,562.0,0.016805,0.001405
NES-LTER_AE2426_ag_202411070844_003m_R1.sb,20241107,08:44:42,41.0317,-70.8808,2.9,563.0,0.016506,0.001392
NES-LTER_AE2426_ag_202411070844_003m_R1.sb,20241107,08:44:42,41.0317,-70.8808,2.9,564.0,0.016138,0.001376
NES-LTER_AE2426_ag_202411070844_003m_R1.sb,20241107,08:44:42,41.0317,-70.8808,2.9,565.0,0.016023,0.001371
NES-LTER_AE2426_ag_202411070844_003m_R1.sb,20241107,08:44:42,41.0317,-70.8808,2.9,566.0,0.015701,0.001357
NES-LTER_AE2426_ag_202411070844_003m_R1.sb,20241107,08:44:42,41.0317,-70.8808,2.9,567.0,0.01531,0.00134
NES-LTER_AE2426_ag_202411070844_003m_R1.sb,20241107,08:44:42,41.0317,-70.8808,2.9,568.0,0.015034,0.001328
NES-LTER_AE2426_ag_202411070844_003m_R1.sb,20241107,08:44:42,41.0317,-70.8808,2.9,569.0,0.014781,0.001317
NES-LTER_AE2426_ag_202411070844_003m_R1.sb,20241107,08:44:42,41.0317,-70.8808,2.9,570.0,0.014896,0.001322
NES-LTER_AE2426_ag_202411070844_003m_R1.sb,20241107,08:44:42,41.0317,-70.8808,2.9,571.0,0.01462,0.00131
NES-LTER_AE2426_ag_202411070844_003m_R1.sb,20241107,08:44:42,41.0317,-70.8808,2.9,572.0,0.014643,0.001311
NES-LTER_AE2426_ag_202411070844_003m_R1.sb,20241107,08:44:42,41.0317,-70.8808,2.9,573.0,0.014367,0.001299
NES-LTER_AE2426_ag_202411070844_003m_R1.sb,20241107,08:44:42,41.0317,-70.8808,2.9,574.0,0.013907,0.001279
NES-LTER_AE2426_ag_202411070844_003m_R1.sb,20241107,08:44:42,41.0317,-70.8808,2.9,575.0,0.013723,0.001271
NES-LTER_AE2426_ag_202411070844_003m_R1.sb,20241107,08:44:42,41.0317,-70.8808,2.9,576.0,0.013286,0.001252
NES-LTER_AE2426_ag_202411070844_003m_R1.sb,20241107,08:44:42,41.0317,-70.8808,2.9,577.0,0.013378,0.001256
NES-LTER_AE2426_ag_202411070844_003m_R1.sb,20241107,08:44:42,41.0317,-70.8808,2.9,578.0,0.012872,0.001234
NES-LTER_AE2426_ag_202411070844_003m_R1.sb,20241107,08:44:42,41.0317,-70.8808,2.9,579.0,0.012734,0.001228
NES-LTER_AE2426_ag_202411070844_003m_R1.sb,20241107,08:44:42,41.0317,-70.8808,2.9,580.0,0.012274,0.001208
NES-LTER_AE2426_ag_202411070844_003m_R1.sb,20241107,08:44:42,41.0317,-70.8808,2.9,581.0,0.011998,0.001196
NES-LTER_AE2426_ag_202411070844_003m_R1.sb,20241107,08:44:42,41.0317,-70.8808,2.9,582.0,0.01163,0.00118
NES-LTER_AE2426_ag_202411070844_003m_R1.sb,20241107,08:44:42,41.0317,-70.8808,2.9,583.0,0.011561,0.001177
NES-LTER_AE2426_ag_202411070844_003m_R1.sb,20241107,08:44:42,41.0317,-70.8808,2.9,584.0,0.011377,0.001169
NES-LTER_AE2426_ag_202411070844_003m_R1.sb,20241107,08:44:42,41.0317,-70.8808,2.9,585.0,0.011101,0.001157
NES-LTER_AE2426_ag_202411070844_003m_R1.sb,20241107,08:44:42,41.0317,-70.8808,2.9,586.0,0.010664,0.001138
NES-LTER_AE2426_ag_202411070844_003m_R1.sb,20241107,08:44:42,41.0317,-70.8808,2.9,587.0,0.010572,0.001134
NES-LTER_AE2426_ag_202411070844_003m_R1.sb,20241107,08:44:42,41.0317,-70.8808,2.9,588.0,0.010526,0.001132
NES-LTER_AE2426_ag_202411070844_003m_R1.sb,20241107,08:44:42,41.0317,-70.8808,2.9,589.0,0.010296,0.001122
NES-LTER_AE2426_ag_202411070844_003m_R1.sb,20241107,08:44:42,41.0317,-70.8808,2.9,590.0,0.009744,0.001098
NES-LTER_AE2426_ag_202411070844_003m_R1.sb,20241107,08:44:42,41.0317,-70.8808,2.9,591.0,0.009468,0.001086
NES-LTER_AE2426_ag_202411070844_003m_R1.sb,20241107,08:44:42,41.0317,-70.8808,2.9,592.0,0.009376,0.001082
NES-LTER_AE2426_ag_202411070844_003m_R1.sb,20241107,08:44:42,41.0317,-70.8808,2.9,593.0,0.008985,0.001065
NES-LTER_AE2426_ag_202411070844_003m_R1.sb,20241107,08:44:42,41.0317,-70.8808,2.9,594.0,0.008433,0.001041
NES-LTER_AE2426_ag_202411070844_003m_R1.sb,20241107,08:44:42,41.0317,-70.8808,2.9,595.0,0.00772,0.00101
NES-LTER_AE2426_ag_202411070844_003m_R1.sb,20241107,08:44:42,41.0317,-70.8808,2.9,596.0,0.007605,0.001005
NES-LTER_AE2426_ag_202411070844_003m_R1.sb,20241107,08:44:42,41.0317,-70.8808,2.9,597.0,0.007352,0.000994
NES-LTER_AE2426_ag_202411070844_003m_R1.sb,20241107,08:44:42,41.0317,-70.8808,2.9,598.0,0.006984,0.000978
NES-LTER_AE2426_ag_202411070844_003m_R1.sb,20241107,08:44:42,41.0317,-70.8808,2.9,599.0,0.006386,0.000952
NES-LTER_AE2426_ag_202411070844_003m_R1.sb,20241107,08:44:42,41.0317,-70.8808,2.9,600.0,0.005834,0.000928
NES-LTER_AE2426_ag_202411070844_003m_R1.sb,20241107,08:44:42,41.0317,-70.8808,2.9,601.0,0.005627,0.000919
NES-LTER_AE2426_ag_202411070844_003m_R1.sb,20241107,08:44:42,41.0317,-70.8808,2.9,602.0,0.005328,0.000906
NES-LTER_AE2426_ag_202411070844_003m_R1.sb,20241107,08:44:42,41.0317,-70.8808,2.9,603.0,0.00519,0.0009
NES-LTER_AE2426_ag_202411070844_003m_R1.sb,20241107,08:44:42,41.0317,-70.8808,2.9,604.0,0.005282,0.000904
NES-LTER_AE2426_ag_202411070844_003m_R1.sb,20241107,08:44:42,41.0317,-70.8808,2.9,605.0,0.005489,0.000913
NES-LTER_AE2426_ag_202411070844_003m_R1.sb,20241107,08:44:42,41.0317,-70.8808,2.9,606.0,0.005696,0.000922
NES-LTER_AE2426_ag_202411070844_003m_R1.sb,20241107,08:44:42,41.0317,-70.8808,2.9,607.0,0.005995,0.000935
NES-LTER_AE2426_ag_202411070844_003m_R1.sb,20241107,08:44:42,41.0317,-70.8808,2.9,608.0,0.005903,0.000931
NES-LTER_AE2426_ag_202411070844_003m_R1.sb,20241107,08:44:42,41.0317,-70.8808,2.9,609.0,0.006087,0.000939
NES-LTER_AE2426_ag_202411070844_003m_R1.sb,20241107,08:44:42,41.0317,-70.8808,2.9,610.0,0.00634,0.00095
NES-LTER_AE2426_ag_202411070844_003m_R1.sb,20241107,08:44:42,41.0317,-70.8808,2.9,611.0,0.006846,0.000972
NES-LTER_AE2426_ag_202411070844_003m_R1.sb,20241107,08:44:42,41.0317,-70.8808,2.9,612.0,0.006593,0.000961
NES-LTER_AE2426_ag_202411070844_003m_R1.sb,20241107,08:44:42,41.0317,-70.8808,2.9,613.0,0.006294,0.000948
NES-LTER_AE2426_ag_202411070844_003m_R1.sb,20241107,08:44:42,41.0317,-70.8808,2.9,614.0,0.006248,0.000946
NES-LTER_AE2426_ag_202411070844_003m_R1.sb,20241107,08:44:42,41.0317,-70.8808,2.9,615.0,0.006616,0.000962
NES-LTER_AE2426_ag_202411070844_003m_R1.sb,20241107,08:44:42,41.0317,-70.8808,2.9,616.0,0.006363,0.000951
NES-LTER_AE2426_ag_202411070844_003m_R1.sb,20241107,08:44:42,41.0317,-70.8808,2.9,617.0,0.006087,0.000939
NES-LTER_AE2426_ag_202411070844_003m_R1.sb,20241107,08:44:42,41.0317,-70.8808,2.9,618.0,0.005834,0.000928
NES-LTER_AE2426_ag_202411070844_003m_R1.sb,20241107,08:44:42,41.0317,-70.8808,2.9,619.0,0.005673,0.000921
NES-LTER_AE2426_ag_202411070844_003m_R1.sb,20241107,08:44:42,41.0317,-70.8808,2.9,620.0,0.005742,0.000924
NES-LTER_AE2426_ag_202411070844_003m_R1.sb,20241107,08:44:42,41.0317,-70.8808,2.9,621.0,0.005834,0.000928
NES-LTER_AE2426_ag_202411070844_003m_R1.sb,20241107,08:44:42,41.0317,-70.8808,2.9,622.0,0.005903,0.000931
NES-LTER_AE2426_ag_202411070844_003m_R1.sb,20241107,08:44:42,41.0317,-70.8808,2.9,623.0,0.005742,0.000924
NES-LTER_AE2426_ag_202411070844_003m_R1.sb,20241107,08:44:42,41.0317,-70.8808,2.9,624.0,0.00565,0.00092
NES-LTER_AE2426_ag_202411070844_003m_R1.sb,20241107,08:44:42,41.0317,-70.8808,2.9,625.0,0.005696,0.000922
NES-LTER_AE2426_ag_202411070844_003m_R1.sb,20241107,08:44:42,41.0317,-70.8808,2.9,626.0,0.00565,0.00092
NES-LTER_AE2426_ag_202411070844_003m_R1.sb,20241107,08:44:42,41.0317,-70.8808,2.9,627.0,0.005098,0.000896
NES-LTER_AE2426_ag_202411070844_003m_R1.sb,20241107,08:44:42,41.0317,-70.8808,2.9,628.0,0.005052,0.000894
NES-LTER_AE2426_ag_202411070844_003m_R1.sb,20241107,08:44:42,41.0317,-70.8808,2.9,629.0,0.004431,0.000867
NES-LTER_AE2426_ag_202411070844_003m_R1.sb,20241107,08:44:42,41.0317,-70.8808,2.9,630.0,0.004477,0.000869
NES-LTER_AE2426_ag_202411070844_003m_R1.sb,20241107,08:44:42,41.0317,-70.8808,2.9,631.0,0.004132,0.000854
NES-LTER_AE2426_ag_202411070844_003m_R1.sb,20241107,08:44:42,41.0317,-70.8808,2.9,632.0,0.004569,0.000873
NES-LTER_AE2426_ag_202411070844_003m_R1.sb,20241107,08:44:42,41.0317,-70.8808,2.9,633.0,0.004431,0.000867
NES-LTER_AE2426_ag_202411070844_003m_R1.sb,20241107,08:44:42,41.0317,-70.8808,2.9,634.0,0.004431,0.000867
NES-LTER_AE2426_ag_202411070844_003m_R1.sb,20241107,08:44:42,41.0317,-70.8808,2.9,635.0,0.004293,0.000861
NES-LTER_AE2426_ag_202411070844_003m_R1.sb,20241107,08:44:42,41.0317,-70.8808,2.9,636.0,0.004385,0.000865
NES-LTER_AE2426_ag_202411070844_003m_R1.sb,20241107,08:44:42,41.0317,-70.8808,2.9,637.0,0.004408,0.000866
NES-LTER_AE2426_ag_202411070844_003m_R1.sb,20241107,08:44:42,41.0317,-70.8808,2.9,638.0,0.004362,0.000864
NES-LTER_AE2426_ag_202411070844_003m_R1.sb,20241107,08:44:42,41.0317,-70.8808,2.9,639.0,0.004293,0.000861
NES-LTER_AE2426_ag_202411070844_003m_R1.sb,20241107,08:44:42,41.0317,-70.8808,2.9,640.0,0.003925,0.000845
NES-LTER_AE2426_ag_202411070844_003m_R1.sb,20241107,08:44:42,41.0317,-70.8808,2.9,641.0,0.003833,0.000841
NES-LTER_AE2426_ag_202411070844_003m_R1.sb,20241107,08:44:42,41.0317,-70.8808,2.9,642.0,0.003764,0.000838
NES-LTER_AE2426_ag_202411070844_003m_R1.sb,20241107,08:44:42,41.0317,-70.8808,2.9,643.0,0.00381,0.00084
NES-LTER_AE2426_ag_202411070844_003m_R1.sb,20241107,08:44:42,41.0317,-70.8808,2.9,644.0,0.003603,0.000831
NES-LTER_AE2426_ag_202411070844_003m_R1.sb,20241107,08:44:42,41.0317,-70.8808,2.9,645.0,0.003235,0.000815
NES-LTER_AE2426_ag_202411070844_003m_R1.sb,20241107,08:44:42,41.0317,-70.8808,2.9,646.0,0.003028,0.000806
NES-LTER_AE2426_ag_202411070844_003m_R1.sb,20241107,08:44:42,41.0317,-70.8808,2.9,647.0,0.002913,0.000801
NES-LTER_AE2426_ag_202411070844_003m_R1.sb,20241107,08:44:42,41.0317,-70.8808,2.9,648.0,0.002775,0.000795
NES-LTER_AE2426_ag_202411070844_003m_R1.sb,20241107,08:44:42,41.0317,-70.8808,2.9,649.0,0.002591,0.000787
NES-LTER_AE2426_ag_202411070844_003m_R1.sb,20241107,08:44:42,41.0317,-70.8808,2.9,650.0,0.002407,0.000779
NES-LTER_AE2426_ag_202411070844_003m_R1.sb,20241107,08:44:42,41.0317,-70.8808,2.9,651.0,0.002062,0.000764
NES-LTER_AE2426_ag_202411070844_003m_R1.sb,20241107,08:44:42,41.0317,-70.8808,2.9,652.0,0.001878,0.000756
NES-LTER_AE2426_ag_202411070844_003m_R1.sb,20241107,08:44:42,41.0317,-70.8808,2.9,653.0,0.001464,0.000738
NES-LTER_AE2426_ag_202411070844_003m_R1.sb,20241107,08:44:42,41.0317,-70.8808,2.9,654.0,0.001257,0.000729
NES-LTER_AE2426_ag_202411070844_003m_R1.sb,20241107,08:44:42,41.0317,-70.8808,2.9,655.0,0.000935,0.000715
NES-LTER_AE2426_ag_202411070844_003m_R1.sb,20241107,08:44:42,41.0317,-70.8808,2.9,656.0,0.000245,0.000685
NES-LTER_AE2426_ag_202411070844_003m_R1.sb,20241107,08:44:42,41.0317,-70.8808,2.9,657.0,1.5e-05,0.000675
NES-LTER_AE2426_ag_202411070844_003m_R1.sb,20241107,08:44:42,41.0317,-70.8808,2.9,658.0,-0.000583,0.000649
NES-LTER_AE2426_ag_202411070844_003m_R1.sb,20241107,08:44:42,41.0317,-70.8808,2.9,659.0,-0.00033,0.00066
NES-LTER_AE2426_ag_202411070844_003m_R1.sb,20241107,08:44:42,41.0317,-70.8808,2.9,660.0,-0.00033,0.00066
NES-LTER_AE2426_ag_202411070844_003m_R1.sb,20241107,08:44:42,41.0317,-70.8808,2.9,661.0,-0.000284,0.000662
NES-LTER_AE2426_ag_202411070844_003m_R1.sb,20241107,08:44:42,41.0317,-70.8808,2.9,662.0,-0.000353,0.000659
NES-LTER_AE2426_ag_202411070844_003m_R1.sb,20241107,08:44:42,41.0317,-70.8808,2.9,663.0,-0.000192,0.000666
NES-LTER_AE2426_ag_202411070844_003m_R1.sb,20241107,08:44:42,41.0317,-70.8808,2.9,664.0,-0.000169,0.000667
NES-LTER_AE2426_ag_202411070844_003m_R1.sb,20241107,08:44:42,41.0317,-70.8808,2.9,665.0,0.000314,0.000688
NES-LTER_AE2426_ag_202411070844_003m_R1.sb,20241107,08:44:42,41.0317,-70.8808,2.9,666.0,0.000406,0.000692
NES-LTER_AE2426_ag_202411070844_003m_R1.sb,20241107,08:44:42,41.0317,-70.8808,2.9,667.0,0.000452,0.000694
NES-LTER_AE2426_ag_202411070844_003m_R1.sb,20241107,08:44:42,41.0317,-70.8808,2.9,668.0,0.000222,0.000684
NES-LTER_AE2426_ag_202411070844_003m_R1.sb,20241107,08:44:42,41.0317,-70.8808,2.9,669.0,-7.7e-05,0.000671
NES-LTER_AE2426_ag_202411070844_003m_R1.sb,20241107,08:44:42,41.0317,-70.8808,2.9,670.0,1.5e-05,0.000675
NES-LTER_AE2426_ag_202411070844_003m_R1.sb,20241107,08:44:42,41.0317,-70.8808,2.9,671.0,-0.000468,0.000654
NES-LTER_AE2426_ag_202411070844_003m_R1.sb,20241107,08:44:42,41.0317,-70.8808,2.9,672.0,-0.000583,0.000649
NES-LTER_AE2426_ag_202411070844_003m_R1.sb,20241107,08:44:42,41.0317,-70.8808,2.9,673.0,-0.000721,0.000643
NES-LTER_AE2426_ag_202411070844_003m_R1.sb,20241107,08:44:42,41.0317,-70.8808,2.9,674.0,-0.000974,0.000632
NES-LTER_AE2426_ag_202411070844_003m_R1.sb,20241107,08:44:42,41.0317,-70.8808,2.9,675.0,-0.001411,0.000613
NES-LTER_AE2426_ag_202411070844_003m_R1.sb,20241107,08:44:42,41.0317,-70.8808,2.9,676.0,-0.001779,0.000597
NES-LTER_AE2426_ag_202411070844_003m_R1.sb,20241107,08:44:42,41.0317,-70.8808,2.9,677.0,-0.001963,0.000589
NES-LTER_AE2426_ag_202411070844_003m_R1.sb,20241107,08:44:42,41.0317,-70.8808,2.9,678.0,-0.002009,0.000587
NES-LTER_AE2426_ag_202411070844_003m_R1.sb,20241107,08:44:42,41.0317,-70.8808,2.9,679.0,-0.002446,0.000568
NES-LTER_AE2426_ag_202411070844_003m_R1.sb,20241107,08:44:42,41.0317,-70.8808,2.9,680.0,-0.002354,0.000572
NES-LTER_AE2426_ag_202411070844_003m_R1.sb,20241107,08:44:42,41.0317,-70.8808,2.9,681.0,-0.002446,0.000568
NES-LTER_AE2426_ag_202411070844_003m_R1.sb,20241107,08:44:42,41.0317,-70.8808,2.9,682.0,-0.002423,0.000569
NES-LTER_AE2426_ag_202411070844_003m_R1.sb,20241107,08:44:42,41.0317,-70.8808,2.9,683.0,-0.002929,0.000547
NES-LTER_AE2426_ag_202411070844_003m_R1.sb,20241107,08:44:42,41.0317,-70.8808,2.9,684.0,-0.00309,0.00054
NES-LTER_AE2426_ag_202411070844_003m_R1.sb,20241107,08:44:42,41.0317,-70.8808,2.9,685.0,-0.002998,0.000544
NES-LTER_AE2426_ag_202411070844_003m_R1.sb,20241107,08:44:42,41.0317,-70.8808,2.9,686.0,-0.003182,0.000536
NES-LTER_AE2426_ag_202411070844_003m_R1.sb,20241107,08:44:42,41.0317,-70.8808,2.9,687.0,-0.003458,0.000524
NES-LTER_AE2426_ag_202411070844_003m_R1.sb,20241107,08:44:42,41.0317,-70.8808,2.9,688.0,-0.004332,0.000486
NES-LTER_AE2426_ag_202411070844_003m_R1.sb,20241107,08:44:42,41.0317,-70.8808,2.9,689.0,-0.004493,0.000479
NES-LTER_AE2426_ag_202411070844_003m_R1.sb,20241107,08:44:42,41.0317,-70.8808,2.9,690.0,-0.005091,0.000453
NES-LTER_AE2426_ag_202411070844_003m_R1.sb,20241107,08:44:42,41.0317,-70.8808,2.9,691.0,-0.005206,0.000448
NES-LTER_AE2426_ag_202411070844_003m_R1.sb,20241107,08:44:42,41.0317,-70.8808,2.9,692.0,-0.005942,0.000416
NES-LTER_AE2426_ag_202411070844_003m_R1.sb,20241107,08:44:42,41.0317,-70.8808,2.9,693.0,-0.006563,0.000389
NES-LTER_AE2426_ag_202411070844_003m_R1.sb,20241107,08:44:42,41.0317,-70.8808,2.9,694.0,-0.007092,0.000366
NES-LTER_AE2426_ag_202411070844_003m_R1.sb,20241107,08:44:42,41.0317,-70.8808,2.9,695.0,-0.007161,0.000363
NES-LTER_AE2426_ag_202411070844_003m_R1.sb,20241107,08:44:42,41.0317,-70.8808,2.9,696.0,-0.007368,0.000354
NES-LTER_AE2426_ag_202411070844_003m_R1.sb,20241107,08:44:42,41.0317,-70.8808,2.9,697.0,-0.00769,0.00034
NES-LTER_AE2426_ag_202411070844_003m_R1.sb,20241107,08:44:42,41.0317,-70.8808,2.9,698.0,-0.008426,0.000308
NES-LTER_AE2426_ag_202411070844_003m_R1.sb,20241107,08:44:42,41.0317,-70.8808,2.9,699.0,-0.008886,0.000288
NES-LTER_AE2426_ag_202411070844_003m_R1.sb,20241107,08:44:42,41.0317,-70.8808,2.9,700.0,-0.0093,0.00027
NES-LTER_AE2426_ag_202411070844_003m_R1.sb,20241107,08:44:42,41.0317,-70.8808,2.9,701.0,-0.009645,0.000255
NES-LTER_AE2426_ag_202411070844_003m_R1.sb,20241107,08:44:42,41.0317,-70.8808,2.9,702.0,-0.010197,0.000231
NES-LTER_AE2426_ag_202411070844_003m_R1.sb,20241107,08:44:42,41.0317,-70.8808,2.9,703.0,-0.010726,0.000208
NES-LTER_AE2426_ag_202411070844_003m_R1.sb,20241107,08:44:42,41.0317,-70.8808,2.9,704.0,-0.011715,0.000165
NES-LTER_AE2426_ag_202411070844_003m_R1.sb,20241107,08:44:42,41.0317,-70.8808,2.9,705.0,-0.012198,0.000144
NES-LTER_AE2426_ag_202411070844_003m_R1.sb,20241107,08:44:42,41.0317,-70.8808,2.9,706.0,-0.012819,0.000117
NES-LTER_AE2426_ag_202411070844_003m_R1.sb,20241107,08:44:42,41.0317,-70.8808,2.9,707.0,-0.012911,0.000113
NES-LTER_AE2426_ag_202411070844_003m_R1.sb,20241107,08:44:42,41.0317,-70.8808,2.9,708.0,-0.01367,8e-05
NES-LTER_AE2426_ag_202411070844_003m_R1.sb,20241107,08:44:42,41.0317,-70.8808,2.9,709.0,-0.01459,4e-05
NES-LTER_AE2426_ag_202411070844_003m_R1.sb,20241107,08:44:42,41.0317,-70.8808,2.9,710.0,-0.015395,5e-06
NES-LTER_AE2426_ag_202411070844_003m_R1.sb,20241107,08:44:42,41.0317,-70.8808,2.9,711.0,-0.016177,-2.9e-05
NES-LTER_AE2426_ag_202411070844_003m_R1.sb,20241107,08:44:42,41.0317,-70.8808,2.9,712.0,-0.017028,-6.6e-05
NES-LTER_AE2426_ag_202411070844_003m_R1.sb,20241107,08:44:42,41.0317,-70.8808,2.9,713.0,-0.017948,-0.000106
NES-LTER_AE2426_ag_202411070844_003m_R1.sb,20241107,08:44:42,41.0317,-70.8808,2.9,714.0,-0.019213,-0.000161
NES-LTER_AE2426_ag_202411070844_003m_R1.sb,20241107,08:44:42,41.0317,-70.8808,2.9,715.0,-0.019995,-0.000195
NES-LTER_AE2426_ag_202411070844_003m_R1.sb,20241107,08:44:42,41.0317,-70.8808,2.9,716.0,-0.021122,-0.000244
NES-LTER_AE2426_ag_202411070844_003m_R1.sb,20241107,08:44:42,41.0317,-70.8808,2.9,717.0,-0.021904,-0.000278
NES-LTER_AE2426_ag_202411070844_003m_R1.sb,20241107,08:44:42,41.0317,-70.8808,2.9,718.0,-0.02333,-0.00034
NES-LTER_AE2426_ag_202411070844_003m_R1.sb,20241107,08:44:42,41.0317,-70.8808,2.9,719.0,-0.024273,-0.000381
NES-LTER_AE2426_ag_202411070844_003m_R1.sb,20241107,08:44:42,41.0317,-70.8808,2.9,720.0,-0.025032,-0.000414
NES-LTER_AE2426_ag_202411070844_003m_R1.sb,20241107,08:44:42,41.0317,-70.8808,2.9,721.0,-0.025768,-0.000446
NES-LTER_AE2426_ag_202411070844_003m_R1.sb,20241107,08:44:42,41.0317,-70.8808,2.9,722.0,-0.026895,-0.000495
NES-LTER_AE2426_ag_202411070844_003m_R1.sb,20241107,08:44:42,41.0317,-70.8808,2.9,723.0,-0.028275,-0.000555
NES-LTER_AE2426_ag_202411070844_003m_R1.sb,20241107,08:44:42,41.0317,-70.8808,2.9,724.0,-0.029586,-0.000612
NES-LTER_AE2426_ag_202411070844_003m_R1.sb,20241107,08:44:42,41.0317,-70.8808,2.9,725.0,-0.03138,-0.00069
NES-LTER_AE2426_ag_202411070844_003m_R1.sb,20241107,08:44:42,41.0317,-70.8808,2.9,726.0,-0.033266,-0.000772
NES-LTER_AE2426_ag_202411070844_003m_R1.sb,20241107,08:44:42,41.0317,-70.8808,2.9,727.0,-0.03552,-0.00087
NES-LTER_AE2426_ag_202411070844_003m_R1.sb,20241107,08:44:42,41.0317,-70.8808,2.9,728.0,-0.038119,-0.000983
NES-LTER_AE2426_ag_202411070844_003m_R1.sb,20241107,08:44:42,41.0317,-70.8808,2.9,729.0,-0.041477,-0.001129
NES-LTER_AE2426_ag_202411070844_003m_R1.sb,20241107,08:44:42,41.0317,-70.8808,2.9,730.0,-0.044628,-0.001266
NES-LTER_AE2426_ag_202411070844_003m_R1.sb,20241107,08:44:42,41.0317,-70.8808,2.9,731.0,-0.04794,-0.00141
NES-LTER_AE2426_ag_202411070844_003m_R1.sb,20241107,08:44:42,41.0317,-70.8808,2.9,732.0,-0.050769,-0.001533
NES-LTER_AE2426_ag_202411070844_003m_R1.sb,20241107,08:44:42,41.0317,-70.8808,2.9,733.0,-0.053299,-0.001643
NES-LTER_AE2426_ag_202411070844_003m_R1.sb,20241107,08:44:42,41.0317,-70.8808,2.9,734.0,-0.054242,-0.001684
NES-LTER_AE2426_ag_202411070844_003m_R1.sb,20241107,08:44:42,41.0317,-70.8808,2.9,735.0,-0.053874,-0.001668
NES-LTER_AE2426_ag_202411070844_003m_R1.sb,20241107,08:44:42,41.0317,-70.8808,2.9,736.0,-0.052448,-0.001606
NES-LTER_AE2426_ag_202411070844_003m_R1.sb,20241107,08:44:42,41.0317,-70.8808,2.9,737.0,-0.050125,-0.001505
NES-LTER_AE2426_ag_202411070844_003m_R1.sb,20241107,08:44:42,41.0317,-70.8808,2.9,738.0,-0.046997,-0.001369
NES-LTER_AE2426_ag_202411070844_003m_R1.sb,20241107,08:44:42,41.0317,-70.8808,2.9,739.0,-0.043708,-0.001226
NES-LTER_AE2426_ag_202411070844_003m_R1.sb,20241107,08:44:42,41.0317,-70.8808,2.9,740.0,-0.040166,-0.001072
NES-LTER_AE2426_ag_202411070844_003m_R1.sb,20241107,08:44:42,41.0317,-70.8808,2.9,741.0,-0.036532,-0.000914
NES-LTER_AE2426_ag_202411070844_003m_R1.sb,20241107,08:44:42,41.0317,-70.8808,2.9,742.0,-0.032921,-0.000757
NES-LTER_AE2426_ag_202411070844_003m_R1.sb,20241107,08:44:42,41.0317,-70.8808,2.9,743.0,-0.029678,-0.000616
NES-LTER_AE2426_ag_202411070844_003m_R1.sb,20241107,08:44:42,41.0317,-70.8808,2.9,744.0,-0.026849,-0.000493
NES-LTER_AE2426_ag_202411070844_003m_R1.sb,20241107,08:44:42,41.0317,-70.8808,2.9,745.0,-0.023813,-0.000361
NES-LTER_AE2426_ag_202411070844_003m_R1.sb,20241107,08:44:42,41.0317,-70.8808,2.9,746.0,-0.02126,-0.00025
NES-LTER_AE2426_ag_202411070844_003m_R1.sb,20241107,08:44:42,41.0317,-70.8808,2.9,747.0,-0.018868,-0.000146
NES-LTER_AE2426_ag_202411070844_003m_R1.sb,20241107,08:44:42,41.0317,-70.8808,2.9,748.0,-0.016706,-5.2e-05
NES-LTER_AE2426_ag_202411070844_003m_R1.sb,20241107,08:44:42,41.0317,-70.8808,2.9,749.0,-0.014751,3.3e-05
NES-LTER_AE2426_ag_202411070844_003m_R1.sb,20241107,08:44:42,41.0317,-70.8808,2.9,750.0,-0.013279,9.7e-05
NES-LTER_AE2426_ag_202411070844_003m_R1.sb,20241107,08:44:42,41.0317,-70.8808,2.9,751.0,-0.011922,0.000156
NES-LTER_AE2426_ag_202411070844_003m_R1.sb,20241107,08:44:42,41.0317,-70.8808,2.9,752.0,-0.010404,0.000222
NES-LTER_AE2426_ag_202411070844_003m_R1.sb,20241107,08:44:42,41.0317,-70.8808,2.9,753.0,-0.008725,0.000295
NES-LTER_AE2426_ag_202411070844_003m_R1.sb,20241107,08:44:42,41.0317,-70.8808,2.9,754.0,-0.00723,0.00036
NES-LTER_AE2426_ag_202411070844_003m_R1.sb,20241107,08:44:42,41.0317,-70.8808,2.9,755.0,-0.006057,0.000411
NES-LTER_AE2426_ag_202411070844_003m_R1.sb,20241107,08:44:42,41.0317,-70.8808,2.9,756.0,-0.005344,0.000442
NES-LTER_AE2426_ag_202411070844_003m_R1.sb,20241107,08:44:42,41.0317,-70.8808,2.9,757.0,-0.0047,0.00047
NES-LTER_AE2426_ag_202411070844_003m_R1.sb,20241107,08:44:42,41.0317,-70.8808,2.9,758.0,-0.003803,0.000509
NES-LTER_AE2426_ag_202411070844_003m_R1.sb,20241107,08:44:42,41.0317,-70.8808,2.9,759.0,-0.002814,0.000552
NES-LTER_AE2426_ag_202411070844_003m_R1.sb,20241107,08:44:42,41.0317,-70.8808,2.9,760.0,-0.002193,0.000579
NES-LTER_AE2426_ag_202411070844_003m_R1.sb,20241107,08:44:42,41.0317,-70.8808,2.9,761.0,-0.001503,0.000609
NES-LTER_AE2426_ag_202411070844_003m_R1.sb,20241107,08:44:42,41.0317,-70.8808,2.9,762.0,-0.00079,0.00064
NES-LTER_AE2426_ag_202411070844_003m_R1.sb,20241107,08:44:42,41.0317,-70.8808,2.9,763.0,-0.000238,0.000664
NES-LTER_AE2426_ag_202411070844_003m_R1.sb,20241107,08:44:42,41.0317,-70.8808,2.9,764.0,0.000222,0.000684
NES-LTER_AE2426_ag_202411070844_003m_R1.sb,20241107,08:44:42,41.0317,-70.8808,2.9,765.0,0.000728,0.000706
NES-LTER_AE2426_ag_202411070844_003m_R1.sb,20241107,08:44:42,41.0317,-70.8808,2.9,766.0,0.001556,0.000742
NES-LTER_AE2426_ag_202411070844_003m_R1.sb,20241107,08:44:42,41.0317,-70.8808,2.9,767.0,0.002131,0.000767
NES-LTER_AE2426_ag_202411070844_003m_R1.sb,20241107,08:44:42,41.0317,-70.8808,2.9,768.0,0.00312,0.00081
NES-LTER_AE2426_ag_202411070844_003m_R1.sb,20241107,08:44:42,41.0317,-70.8808,2.9,769.0,0.003649,0.000833
NES-LTER_AE2426_ag_202411070844_003m_R1.sb,20241107,08:44:42,41.0317,-70.8808,2.9,770.0,0.00427,0.00086
NES-LTER_AE2426_ag_202411070844_003m_R1.sb,20241107,08:44:42,41.0317,-70.8808,2.9,771.0,0.003879,0.000843
NES-LTER_AE2426_ag_202411070844_003m_R1.sb,20241107,08:44:42,41.0317,-70.8808,2.9,772.0,0.004247,0.000859
NES-LTER_AE2426_ag_202411070844_003m_R1.sb,20241107,08:44:42,41.0317,-70.8808,2.9,773.0,0.004638,0.000876
NES-LTER_AE2426_ag_202411070844_003m_R1.sb,20241107,08:44:42,41.0317,-70.8808,2.9,774.0,0.00519,0.0009
NES-LTER_AE2426_ag_202411070844_003m_R1.sb,20241107,08:44:42,41.0317,-70.8808,2.9,775.0,0.005512,0.000914
NES-LTER_AE2426_ag_202411070844_003m_R1.sb,20241107,08:44:42,41.0317,-70.8808,2.9,776.0,0.005604,0.000918
NES-LTER_AE2426_ag_202411070844_003m_R1.sb,20241107,08:44:42,41.0317,-70.8808,2.9,777.0,0.00565,0.00092
NES-LTER_AE2426_ag_202411070844_003m_R1.sb,20241107,08:44:42,41.0317,-70.8808,2.9,778.0,0.005535,0.000915
NES-LTER_AE2426_ag_202411070844_003m_R1.sb,20241107,08:44:42,41.0317,-70.8808,2.9,779.0,0.005627,0.000919
NES-LTER_AE2426_ag_202411070844_003m_R1.sb,20241107,08:44:42,41.0317,-70.8808,2.9,780.0,0.00565,0.00092
NES-LTER_AE2426_ag_202411070844_003m_R1.sb,20241107,08:44:42,41.0317,-70.8808,2.9,781.0,0.005788,0.000926
NES-LTER_AE2426_ag_202411070844_003m_R1.sb,20241107,08:44:42,41.0317,-70.8808,2.9,782.0,0.005167,0.000899
NES-LTER_AE2426_ag_202411070844_003m_R1.sb,20241107,08:44:42,41.0317,-70.8808,2.9,783.0,0.004546,0.000872
NES-LTER_AE2426_ag_202411070844_003m_R1.sb,20241107,08:44:42,41.0317,-70.8808,2.9,784.0,0.004132,0.000854
NES-LTER_AE2426_ag_202411070844_003m_R1.sb,20241107,08:44:42,41.0317,-70.8808,2.9,785.0,0.004224,0.000858
NES-LTER_AE2426_ag_202411070844_003m_R1.sb,20241107,08:44:42,41.0317,-70.8808,2.9,786.0,0.004316,0.000862
NES-LTER_AE2426_ag_202411070844_003m_R1.sb,20241107,08:44:42,41.0317,-70.8808,2.9,787.0,0.004086,0.000852
NES-LTER_AE2426_ag_202411070844_003m_R1.sb,20241107,08:44:42,41.0317,-70.8808,2.9,788.0,0.003833,0.000841
NES-LTER_AE2426_ag_202411070844_003m_R1.sb,20241107,08:44:42,41.0317,-70.8808,2.9,789.0,0.003626,0.000832
NES-LTER_AE2426_ag_202411070844_003m_R1.sb,20241107,08:44:42,41.0317,-70.8808,2.9,790.0,0.002959,0.000803
NES-LTER_AE2426_ag_202411070844_003m_R1.sb,20241107,08:44:42,41.0317,-70.8808,2.9,791.0,0.002315,0.000775
NES-LTER_AE2426_ag_202411070844_003m_R1.sb,20241107,08:44:42,41.0317,-70.8808,2.9,792.0,0.00151,0.00074
NES-LTER_AE2426_ag_202411070844_003m_R1.sb,20241107,08:44:42,41.0317,-70.8808,2.9,793.0,0.000682,0.000704
NES-LTER_AE2426_ag_202411070844_003m_R1.sb,20241107,08:44:42,41.0317,-70.8808,2.9,794.0,0.000199,0.000683
NES-LTER_AE2426_ag_202411070844_003m_R1.sb,20241107,08:44:42,41.0317,-70.8808,2.9,795.0,-0.000514,0.000652
NES-LTER_AE2426_ag_202411070844_003m_R1.sb,20241107,08:44:42,41.0317,-70.8808,2.9,796.0,-0.000951,0.000633
NES-LTER_AE2426_ag_202411070844_003m_R1.sb,20241107,08:44:42,41.0317,-70.8808,2.9,797.0,-0.002147,0.000581
NES-LTER_AE2426_ag_202411070844_003m_R1.sb,20241107,08:44:42,41.0317,-70.8808,2.9,798.0,-0.00309,0.00054
NES-LTER_AE2426_ag_202411070844_003m_R1.sb,20241107,08:44:42,41.0317,-70.8808,2.9,799.0,-0.004148,0.000494
NES-LTER_AE2426_ag_202411070844_003m_R1.sb,20241107,08:44:42,41.0317,-70.8808,2.9,800.0,-0.005137,0.000451
NES-LTER_AE2426_ag_202411070844_003m_R1.sb,20241107,08:44:42,41.0317,-70.8808,2.9,801.0,-0.006126,0.000408
NES-LTER_AE2426_ag_202411070844_003m_R1.sb,20241107,08:44:42,41.0317,-70.8808,2.9,802.0,-0.007184,0.000362
NES-LTER_AE2426_ag_202411070844_003m_R1.sb,20241107,08:44:42,41.0317,-70.8808,2.9,803.0,-0.008081,0.000323
NES-LTER_AE2426_ag_202411070844_003m_R1.sb,20241107,08:44:42,41.0317,-70.8808,2.9,804.0,-0.008863,0.000289
NES-LTER_AE2426_ag_202411070844_003m_R1.sb,20241107,08:44:42,41.0317,-70.8808,2.9,805.0,-0.010611,0.000213
NES-LTER_AE2426_ag_202411070844_003m_R1.sb,20241107,08:44:42,41.0317,-70.8808,2.9,806.0,-0.012221,0.000143
NES-LTER_AE2426_ag_202411070844_003m_R1.sb,20241107,08:44:42,41.0317,-70.8808,2.9,807.0,-0.013877,7.1e-05
NES-LTER_AE2426_ag_202411070844_003m_R1.sb,20241107,08:44:42,41.0317,-70.8808,2.9,808.0,-0.014935,2.5e-05
NES-LTER_AE2426_ag_202411070844_003m_R1.sb,20241107,08:44:42,41.0317,-70.8808,2.9,809.0,-0.016085,-2.5e-05
NES-LTER_AE2426_ag_202411070844_003m_R1.sb,20241107,08:44:42,41.0317,-70.8808,2.9,810.0,-0.017603,-9.1e-05
NES-LTER_AE2426_ag_202411070844_003m_R1.sb,20241107,08:44:42,41.0317,-70.8808,2.9,811.0,-0.019121,-0.000157
NES-LTER_AE2426_ag_202411070844_003m_R1.sb,20241107,08:44:42,41.0317,-70.8808,2.9,812.0,-0.020754,-0.000228
NES-LTER_AE2426_ag_202411070844_003m_R1.sb,20241107,08:44:42,41.0317,-70.8808,2.9,813.0,-0.022088,-0.000286
NES-LTER_AE2426_ag_202411070844_003m_R1.sb,20241107,08:44:42,41.0317,-70.8808,2.9,814.0,-0.023146,-0.000332
NES-LTER_AE2426_ag_202411070844_003m_R1.sb,20241107,08:44:42,41.0317,-70.8808,2.9,815.0,-0.024089,-0.000373
NES-LTER_AE2426_ag_202411070844_003m_R1.sb,20241107,08:44:42,41.0317,-70.8808,2.9,816.0,-0.024986,-0.000412
NES-LTER_AE2426_ag_202411070844_003m_R1.sb,20241107,08:44:42,41.0317,-70.8808,2.9,817.0,-0.02632,-0.00047
NES-LTER_AE2426_ag_202411070844_003m_R1.sb,20241107,08:44:42,41.0317,-70.8808,2.9,818.0,-0.028344,-0.000558
NES-LTER_AE2426_ag_202411070844_003m_R1.sb,20241107,08:44:42,41.0317,-70.8808,2.9,819.0,-0.030023,-0.000631
NES-LTER_AE2426_ag_202411070844_003m_R1.sb,20241107,08:44:42,41.0317,-70.8808,2.9,820.0,-0.032024,-0.000718
NES-LTER_AE2426_ag_202411070844_003m_R1.sb,20241107,08:44:42,41.0317,-70.8808,2.9,821.0,-0.033657,-0.000789
NES-LTER_AE2426_ag_202411070844_003m_R1.sb,20241107,08:44:42,41.0317,-70.8808,2.9,822.0,-0.03667,-0.00092
NES-LTER_AE2426_ag_202411070844_003m_R1.sb,20241107,08:44:42,41.0317,-70.8808,2.9,823.0,-0.040051,-0.001067
NES-LTER_AE2426_ag_202411070844_003m_R1.sb,20241107,08:44:42,41.0317,-70.8808,2.9,824.0,-0.043892,-0.001234
NES-LTER_AE2426_ag_202411070844_003m_R1.sb,20241107,08:44:42,41.0317,-70.8808,2.9,825.0,-0.048653,-0.001441
NES-LTER_AE2426_ag_202411070844_003m_R1.sb,20241107,08:44:42,41.0317,-70.8808,2.9,826.0,-0.052816,-0.001622
NES-LTER_AE2426_ag_202411070844_003m_R1.sb,20241107,08:44:42,41.0317,-70.8808,2.9,827.0,-0.058244,-0.001858
NES-LTER_AE2426_ag_202411070844_003m_R1.sb,20241107,08:44:42,41.0317,-70.8808,2.9,828.0,-0.06312,-0.00207
NES-LTER_AE2426_ag_202411070844_003m_R1.sb,20241107,08:44:42,41.0317,-70.8808,2.9,829.0,-0.068732,-0.002314
NES-LTER_AE2426_ag_202411070844_003m_R1.sb,20241107,08:44:42,41.0317,-70.8808,2.9,830.0,-0.072504,-0.002478
NES-LTER_AE2426_ag_202411070844_003m_R1.sb,20241107,08:44:42,41.0317,-70.8808,2.9,831.0,-0.075333,-0.002601
NES-LTER_AE2426_ag_202411070844_003m_R1.sb,20241107,08:44:42,41.0317,-70.8808,2.9,832.0,-0.076115,-0.002635
NES-LTER_AE2426_ag_202411070844_003m_R1.sb,20241107,08:44:42,41.0317,-70.8808,2.9,833.0,-0.075678,-0.002616
NES-LTER_AE2426_ag_202411070844_003m_R1.sb,20241107,08:44:42,41.0317,-70.8808,2.9,834.0,-0.072872,-0.002494
NES-LTER_AE2426_ag_202411070844_003m_R1.sb,20241107,08:44:42,41.0317,-70.8808,2.9,835.0,-0.07025,-0.00238
NES-LTER_AE2426_ag_202411070844_003m_R1.sb,20241107,08:44:42,41.0317,-70.8808,2.9,836.0,-0.066386,-0.002212
NES-LTER_AE2426_ag_202411070844_003m_R1.sb,20241107,08:44:42,41.0317,-70.8808,2.9,837.0,-0.06335,-0.00208
NES-LTER_AE2426_ag_202411070844_003m_R1.sb,20241107,08:44:42,41.0317,-70.8808,2.9,838.0,-0.059049,-0.001893
NES-LTER_AE2426_ag_202411070844_003m_R1.sb,20241107,08:44:42,41.0317,-70.8808,2.9,839.0,-0.055668,-0.001746
NES-LTER_AE2426_ag_202411070844_003m_R1.sb,20241107,08:44:42,41.0317,-70.8808,2.9,840.0,-0.052402,-0.001604
NES-LTER_AE2426_ag_202411070844_003m_R1.sb,20241107,08:44:42,41.0317,-70.8808,2.9,841.0,-0.04978,-0.00149
NES-LTER_AE2426_ag_202411070844_003m_R1.sb,20241107,08:44:42,41.0317,-70.8808,2.9,842.0,-0.047319,-0.001383
NES-LTER_AE2426_ag_202411070844_003m_R1.sb,20241107,08:44:42,41.0317,-70.8808,2.9,843.0,-0.044904,-0.001278
NES-LTER_AE2426_ag_202411070844_003m_R1.sb,20241107,08:44:42,41.0317,-70.8808,2.9,844.0,-0.042236,-0.001162
NES-LTER_AE2426_ag_202411070844_003m_R1.sb,20241107,08:44:42,41.0317,-70.8808,2.9,845.0,-0.040672,-0.001094
NES-LTER_AE2426_ag_202411070844_003m_R1.sb,20241107,08:44:42,41.0317,-70.8808,2.9,846.0,-0.039683,-0.001051
NES-LTER_AE2426_ag_202411070844_003m_R1.sb,20241107,08:44:42,41.0317,-70.8808,2.9,847.0,-0.038441,-0.000997
NES-LTER_AE2426_ag_202411070844_003m_R1.sb,20241107,08:44:42,41.0317,-70.8808,2.9,848.0,-0.036233,-0.000901
NES-LTER_AE2426_ag_202411070844_003m_R1.sb,20241107,08:44:42,41.0317,-70.8808,2.9,849.0,-0.033979,-0.000803
NES-LTER_AE2426_ag_202411070844_003m_R1.sb,20241107,08:44:42,41.0317,-70.8808,2.9,850.0,-0.032438,-0.000736
NES-LTER_AE2426_ag_202411071321_004m_R1.sb,20241107,13:21:43,40.514,-70.8821,3.7,300.0,0.820337,0.036066
NES-LTER_AE2426_ag_202411071321_004m_R1.sb,20241107,13:21:43,40.514,-70.8821,3.7,301.0,0.798188,0.035103
NES-LTER_AE2426_ag_202411071321_004m_R1.sb,20241107,13:21:43,40.514,-70.8821,3.7,302.0,0.777419,0.0342
NES-LTER_AE2426_ag_202411071321_004m_R1.sb,20241107,13:21:43,40.514,-70.8821,3.7,303.0,0.75734,0.033327
NES-LTER_AE2426_ag_202411071321_004m_R1.sb,20241107,13:21:43,40.514,-70.8821,3.7,304.0,0.737928,0.032483
NES-LTER_AE2426_ag_202411071321_004m_R1.sb,20241107,13:21:43,40.514,-70.8821,3.7,305.0,0.719735,0.031692
NES-LTER_AE2426_ag_202411071321_004m_R1.sb,20241107,13:21:43,40.514,-70.8821,3.7,306.0,0.701611,0.030904
NES-LTER_AE2426_ag_202411071321_004m_R1.sb,20241107,13:21:43,40.514,-70.8821,3.7,307.0,0.684775,0.030172
NES-LTER_AE2426_ag_202411071321_004m_R1.sb,20241107,13:21:43,40.514,-70.8821,3.7,308.0,0.668468,0.029463
NES-LTER_AE2426_ag_202411071321_004m_R1.sb,20241107,13:21:43,40.514,-70.8821,3.7,309.0,0.653771,0.028824
NES-LTER_AE2426_ag_202411071321_004m_R1.sb,20241107,13:21:43,40.514,-70.8821,3.7,310.0,0.639051,0.028184
NES-LTER_AE2426_ag_202411071321_004m_R1.sb,20241107,13:21:43,40.514,-70.8821,3.7,311.0,0.625228,0.027583
NES-LTER_AE2426_ag_202411071321_004m_R1.sb,20241107,13:21:43,40.514,-70.8821,3.7,312.0,0.610968,0.026963
NES-LTER_AE2426_ag_202411071321_004m_R1.sb,20241107,13:21:43,40.514,-70.8821,3.7,313.0,0.597352,0.026371
NES-LTER_AE2426_ag_202411071321_004m_R1.sb,20241107,13:21:43,40.514,-70.8821,3.7,314.0,0.583989,0.02579
NES-LTER_AE2426_ag_202411071321_004m_R1.sb,20241107,13:21:43,40.514,-70.8821,3.7,315.0,0.571638,0.025253
NES-LTER_AE2426_ag_202411071321_004m_R1.sb,20241107,13:21:43,40.514,-70.8821,3.7,316.0,0.559126,0.024709
NES-LTER_AE2426_ag_202411071321_004m_R1.sb,20241107,13:21:43,40.514,-70.8821,3.7,317.0,0.546775,0.024172
NES-LTER_AE2426_ag_202411071321_004m_R1.sb,20241107,13:21:43,40.514,-70.8821,3.7,318.0,0.535137,0.023666
NES-LTER_AE2426_ag_202411071321_004m_R1.sb,20241107,13:21:43,40.514,-70.8821,3.7,319.0,0.523982,0.023181
NES-LTER_AE2426_ag_202411071321_004m_R1.sb,20241107,13:21:43,40.514,-70.8821,3.7,320.0,0.513586,0.022729
NES-LTER_AE2426_ag_202411071321_004m_R1.sb,20241107,13:21:43,40.514,-70.8821,3.7,321.0,0.502454,0.022245
NES-LTER_AE2426_ag_202411071321_004m_R1.sb,20241107,13:21:43,40.514,-70.8821,3.7,322.0,0.492104,0.021795
NES-LTER_AE2426_ag_202411071321_004m_R1.sb,20241107,13:21:43,40.514,-70.8821,3.7,323.0,0.481639,0.02134
NES-LTER_AE2426_ag_202411071321_004m_R1.sb,20241107,13:21:43,40.514,-70.8821,3.7,324.0,0.472209,0.02093
NES-LTER_AE2426_ag_202411071321_004m_R1.sb,20241107,13:21:43,40.514,-70.8821,3.7,325.0,0.462963,0.020528
NES-LTER_AE2426_ag_202411071321_004m_R1.sb,20241107,13:21:43,40.514,-70.8821,3.7,326.0,0.453809,0.02013
NES-LTER_AE2426_ag_202411071321_004m_R1.sb,20241107,13:21:43,40.514,-70.8821,3.7,327.0,0.444517,0.019726
NES-LTER_AE2426_ag_202411071321_004m_R1.sb,20241107,13:21:43,40.514,-70.8821,3.7,328.0,0.435202,0.019321
NES-LTER_AE2426_ag_202411071321_004m_R1.sb,20241107,13:21:43,40.514,-70.8821,3.7,329.0,0.426715,0.018952
NES-LTER_AE2426_ag_202411071321_004m_R1.sb,20241107,13:21:43,40.514,-70.8821,3.7,330.0,0.418458,0.018593
NES-LTER_AE2426_ag_202411071321_004m_R1.sb,20241107,13:21:43,40.514,-70.8821,3.7,331.0,0.410431,0.018244
NES-LTER_AE2426_ag_202411071321_004m_R1.sb,20241107,13:21:43,40.514,-70.8821,3.7,332.0,0.402404,0.017895
NES-LTER_AE2426_ag_202411071321_004m_R1.sb,20241107,13:21:43,40.514,-70.8821,3.7,333.0,0.394538,0.017553
NES-LTER_AE2426_ag_202411071321_004m_R1.sb,20241107,13:21:43,40.514,-70.8821,3.7,334.0,0.38681,0.017217
NES-LTER_AE2426_ag_202411071321_004m_R1.sb,20241107,13:21:43,40.514,-70.8821,3.7,335.0,0.379036,0.016879
NES-LTER_AE2426_ag_202411071321_004m_R1.sb,20241107,13:21:43,40.514,-70.8821,3.7,336.0,0.371906,0.016569
NES-LTER_AE2426_ag_202411071321_004m_R1.sb,20241107,13:21:43,40.514,-70.8821,3.7,337.0,0.364661,0.016254
NES-LTER_AE2426_ag_202411071321_004m_R1.sb,20241107,13:21:43,40.514,-70.8821,3.7,338.0,0.357899,0.01596
NES-LTER_AE2426_ag_202411071321_004m_R1.sb,20241107,13:21:43,40.514,-70.8821,3.7,339.0,0.351022,0.015661
NES-LTER_AE2426_ag_202411071321_004m_R1.sb,20241107,13:21:43,40.514,-70.8821,3.7,340.0,0.344605,0.015382
NES-LTER_AE2426_ag_202411071321_004m_R1.sb,20241107,13:21:43,40.514,-70.8821,3.7,341.0,0.337912,0.015091
NES-LTER_AE2426_ag_202411071321_004m_R1.sb,20241107,13:21:43,40.514,-70.8821,3.7,342.0,0.331495,0.014812
NES-LTER_AE2426_ag_202411071321_004m_R1.sb,20241107,13:21:43,40.514,-70.8821,3.7,343.0,0.325469,0.01455
NES-LTER_AE2426_ag_202411071321_004m_R1.sb,20241107,13:21:43,40.514,-70.8821,3.7,344.0,0.319535,0.014292
NES-LTER_AE2426_ag_202411071321_004m_R1.sb,20241107,13:21:43,40.514,-70.8821,3.7,345.0,0.313256,0.014019
NES-LTER_AE2426_ag_202411071321_004m_R1.sb,20241107,13:21:43,40.514,-70.8821,3.7,346.0,0.30746,0.013767
NES-LTER_AE2426_ag_202411071321_004m_R1.sb,20241107,13:21:43,40.514,-70.8821,3.7,347.0,0.301572,0.013511
NES-LTER_AE2426_ag_202411071321_004m_R1.sb,20241107,13:21:43,40.514,-70.8821,3.7,348.0,0.296098,0.013273
NES-LTER_AE2426_ag_202411071321_004m_R1.sb,20241107,13:21:43,40.514,-70.8821,3.7,349.0,0.28998,0.013007
NES-LTER_AE2426_ag_202411071321_004m_R1.sb,20241107,13:21:43,40.514,-70.8821,3.7,350.0,0.285035,0.012792
NES-LTER_AE2426_ag_202411071321_004m_R1.sb,20241107,13:21:43,40.514,-70.8821,3.7,351.0,0.280527,0.012596
NES-LTER_AE2426_ag_202411071321_004m_R1.sb,20241107,13:21:43,40.514,-70.8821,3.7,352.0,0.275789,0.01239
NES-LTER_AE2426_ag_202411071321_004m_R1.sb,20241107,13:21:43,40.514,-70.8821,3.7,353.0,0.27066,0.012167
NES-LTER_AE2426_ag_202411071321_004m_R1.sb,20241107,13:21:43,40.514,-70.8821,3.7,354.0,0.265393,0.011938
NES-LTER_AE2426_ag_202411071321_004m_R1.sb,20241107,13:21:43,40.514,-70.8821,3.7,355.0,0.261483,0.011768
NES-LTER_AE2426_ag_202411071321_004m_R1.sb,20241107,13:21:43,40.514,-70.8821,3.7,356.0,0.256952,0.011571
NES-LTER_AE2426_ag_202411071321_004m_R1.sb,20241107,13:21:43,40.514,-70.8821,3.7,357.0,0.252582,0.011381
NES-LTER_AE2426_ag_202411071321_004m_R1.sb,20241107,13:21:43,40.514,-70.8821,3.7,358.0,0.247637,0.011166
NES-LTER_AE2426_ag_202411071321_004m_R1.sb,20241107,13:21:43,40.514,-70.8821,3.7,359.0,0.243014,0.010965
NES-LTER_AE2426_ag_202411071321_004m_R1.sb,20241107,13:21:43,40.514,-70.8821,3.7,360.0,0.238621,0.010774
NES-LTER_AE2426_ag_202411071321_004m_R1.sb,20241107,13:21:43,40.514,-70.8821,3.7,361.0,0.234389,0.01059
NES-LTER_AE2426_ag_202411071321_004m_R1.sb,20241107,13:21:43,40.514,-70.8821,3.7,362.0,0.230709,0.01043
NES-LTER_AE2426_ag_202411071321_004m_R1.sb,20241107,13:21:43,40.514,-70.8821,3.7,363.0,0.226983,0.010268
NES-LTER_AE2426_ag_202411071321_004m_R1.sb,20241107,13:21:43,40.514,-70.8821,3.7,364.0,0.223188,0.010103
NES-LTER_AE2426_ag_202411071321_004m_R1.sb,20241107,13:21:43,40.514,-70.8821,3.7,365.0,0.219554,0.009945
NES-LTER_AE2426_ag_202411071321_004m_R1.sb,20241107,13:21:43,40.514,-70.8821,3.7,366.0,0.216196,0.009799
NES-LTER_AE2426_ag_202411071321_004m_R1.sb,20241107,13:21:43,40.514,-70.8821,3.7,367.0,0.213229,0.00967
NES-LTER_AE2426_ag_202411071321_004m_R1.sb,20241107,13:21:43,40.514,-70.8821,3.7,368.0,0.209595,0.009512
NES-LTER_AE2426_ag_202411071321_004m_R1.sb,20241107,13:21:43,40.514,-70.8821,3.7,369.0,0.205938,0.009353
NES-LTER_AE2426_ag_202411071321_004m_R1.sb,20241107,13:21:43,40.514,-70.8821,3.7,370.0,0.202097,0.009186
NES-LTER_AE2426_ag_202411071321_004m_R1.sb,20241107,13:21:43,40.514,-70.8821,3.7,371.0,0.199452,0.009071
NES-LTER_AE2426_ag_202411071321_004m_R1.sb,20241107,13:21:43,40.514,-70.8821,3.7,372.0,0.19568,0.008907
NES-LTER_AE2426_ag_202411071321_004m_R1.sb,20241107,13:21:43,40.514,-70.8821,3.7,373.0,0.191908,0.008743
NES-LTER_AE2426_ag_202411071321_004m_R1.sb,20241107,13:21:43,40.514,-70.8821,3.7,374.0,0.187584,0.008555
NES-LTER_AE2426_ag_202411071321_004m_R1.sb,20241107,13:21:43,40.514,-70.8821,3.7,375.0,0.184962,0.008441
NES-LTER_AE2426_ag_202411071321_004m_R1.sb,20241107,13:21:43,40.514,-70.8821,3.7,376.0,0.181903,0.008308
NES-LTER_AE2426_ag_202411071321_004m_R1.sb,20241107,13:21:43,40.514,-70.8821,3.7,377.0,0.178706,0.008169
NES-LTER_AE2426_ag_202411071321_004m_R1.sb,20241107,13:21:43,40.514,-70.8821,3.7,378.0,0.175325,0.008022
NES-LTER_AE2426_ag_202411071321_004m_R1.sb,20241107,13:21:43,40.514,-70.8821,3.7,379.0,0.172496,0.007899
NES-LTER_AE2426_ag_202411071321_004m_R1.sb,20241107,13:21:43,40.514,-70.8821,3.7,380.0,0.170196,0.007799
NES-LTER_AE2426_ag_202411071321_004m_R1.sb,20241107,13:21:43,40.514,-70.8821,3.7,381.0,0.167137,0.007666
NES-LTER_AE2426_ag_202411071321_004m_R1.sb,20241107,13:21:43,40.514,-70.8821,3.7,382.0,0.164423,0.007548
NES-LTER_AE2426_ag_202411071321_004m_R1.sb,20241107,13:21:43,40.514,-70.8821,3.7,383.0,0.161249,0.00741
NES-LTER_AE2426_ag_202411071321_004m_R1.sb,20241107,13:21:43,40.514,-70.8821,3.7,384.0,0.158581,0.007294
NES-LTER_AE2426_ag_202411071321_004m_R1.sb,20241107,13:21:43,40.514,-70.8821,3.7,385.0,0.155683,0.007168
NES-LTER_AE2426_ag_202411071321_004m_R1.sb,20241107,13:21:43,40.514,-70.8821,3.7,386.0,0.153429,0.00707
NES-LTER_AE2426_ag_202411071321_004m_R1.sb,20241107,13:21:43,40.514,-70.8821,3.7,387.0,0.151152,0.006971
NES-LTER_AE2426_ag_202411071321_004m_R1.sb,20241107,13:21:43,40.514,-70.8821,3.7,388.0,0.149105,0.006882
NES-LTER_AE2426_ag_202411071321_004m_R1.sb,20241107,13:21:43,40.514,-70.8821,3.7,389.0,0.146506,0.006769
NES-LTER_AE2426_ag_202411071321_004m_R1.sb,20241107,13:21:43,40.514,-70.8821,3.7,390.0,0.143861,0.006654
NES-LTER_AE2426_ag_202411071321_004m_R1.sb,20241107,13:21:43,40.514,-70.8821,3.7,391.0,0.141262,0.006541
NES-LTER_AE2426_ag_202411071321_004m_R1.sb,20241107,13:21:43,40.514,-70.8821,3.7,392.0,0.138916,0.006439
NES-LTER_AE2426_ag_202411071321_004m_R1.sb,20241107,13:21:43,40.514,-70.8821,3.7,393.0,0.136984,0.006355
NES-LTER_AE2426_ag_202411071321_004m_R1.sb,20241107,13:21:43,40.514,-70.8821,3.7,394.0,0.135006,0.006269
NES-LTER_AE2426_ag_202411071321_004m_R1.sb,20241107,13:21:43,40.514,-70.8821,3.7,395.0,0.132683,0.006168
NES-LTER_AE2426_ag_202411071321_004m_R1.sb,20241107,13:21:43,40.514,-70.8821,3.7,396.0,0.13059,0.006077
NES-LTER_AE2426_ag_202411071321_004m_R1.sb,20241107,13:21:43,40.514,-70.8821,3.7,397.0,0.128152,0.005971
NES-LTER_AE2426_ag_202411071321_004m_R1.sb,20241107,13:21:43,40.514,-70.8821,3.7,398.0,0.126289,0.00589
NES-LTER_AE2426_ag_202411071321_004m_R1.sb,20241107,13:21:43,40.514,-70.8821,3.7,399.0,0.124357,0.005806
NES-LTER_AE2426_ag_202411071321_004m_R1.sb,20241107,13:21:43,40.514,-70.8821,3.7,400.0,0.122632,0.005731
NES-LTER_AE2426_ag_202411071321_004m_R1.sb,20241107,13:21:43,40.514,-70.8821,3.7,401.0,0.121275,0.005672
NES-LTER_AE2426_ag_202411071321_004m_R1.sb,20241107,13:21:43,40.514,-70.8821,3.7,402.0,0.119044,0.005575
NES-LTER_AE2426_ag_202411071321_004m_R1.sb,20241107,13:21:43,40.514,-70.8821,3.7,403.0,0.117595,0.005512
NES-LTER_AE2426_ag_202411071321_004m_R1.sb,20241107,13:21:43,40.514,-70.8821,3.7,404.0,0.115479,0.00542
NES-LTER_AE2426_ag_202411071321_004m_R1.sb,20241107,13:21:43,40.514,-70.8821,3.7,405.0,0.114007,0.005356
NES-LTER_AE2426_ag_202411071321_004m_R1.sb,20241107,13:21:43,40.514,-70.8821,3.7,406.0,0.112351,0.005284
NES-LTER_AE2426_ag_202411071321_004m_R1.sb,20241107,13:21:43,40.514,-70.8821,3.7,407.0,0.110994,0.005225
NES-LTER_AE2426_ag_202411071321_004m_R1.sb,20241107,13:21:43,40.514,-70.8821,3.7,408.0,0.109269,0.00515
NES-LTER_AE2426_ag_202411071321_004m_R1.sb,20241107,13:21:43,40.514,-70.8821,3.7,409.0,0.107314,0.005065
NES-LTER_AE2426_ag_202411071321_004m_R1.sb,20241107,13:21:43,40.514,-70.8821,3.7,410.0,0.105474,0.004985
NES-LTER_AE2426_ag_202411071321_004m_R1.sb,20241107,13:21:43,40.514,-70.8821,3.7,411.0,0.103933,0.004918
NES-LTER_AE2426_ag_202411071321_004m_R1.sb,20241107,13:21:43,40.514,-70.8821,3.7,412.0,0.102461,0.004854
NES-LTER_AE2426_ag_202411071321_004m_R1.sb,20241107,13:21:43,40.514,-70.8821,3.7,413.0,0.100874,0.004785
NES-LTER_AE2426_ag_202411071321_004m_R1.sb,20241107,13:21:43,40.514,-70.8821,3.7,414.0,0.099425,0.004722
NES-LTER_AE2426_ag_202411071321_004m_R1.sb,20241107,13:21:43,40.514,-70.8821,3.7,415.0,0.097654,0.004645
NES-LTER_AE2426_ag_202411071321_004m_R1.sb,20241107,13:21:43,40.514,-70.8821,3.7,416.0,0.095538,0.004553
NES-LTER_AE2426_ag_202411071321_004m_R1.sb,20241107,13:21:43,40.514,-70.8821,3.7,417.0,0.093859,0.00448
NES-LTER_AE2426_ag_202411071321_004m_R1.sb,20241107,13:21:43,40.514,-70.8821,3.7,418.0,0.092548,0.004423
NES-LTER_AE2426_ag_202411071321_004m_R1.sb,20241107,13:21:43,40.514,-70.8821,3.7,419.0,0.091467,0.004376
NES-LTER_AE2426_ag_202411071321_004m_R1.sb,20241107,13:21:43,40.514,-70.8821,3.7,420.0,0.089903,0.004308
NES-LTER_AE2426_ag_202411071321_004m_R1.sb,20241107,13:21:43,40.514,-70.8821,3.7,421.0,0.08804,0.004227
NES-LTER_AE2426_ag_202411071321_004m_R1.sb,20241107,13:21:43,40.514,-70.8821,3.7,422.0,0.086936,0.004179
NES-LTER_AE2426_ag_202411071321_004m_R1.sb,20241107,13:21:43,40.514,-70.8821,3.7,423.0,0.085418,0.004113
NES-LTER_AE2426_ag_202411071321_004m_R1.sb,20241107,13:21:43,40.514,-70.8821,3.7,424.0,0.083923,0.004048
NES-LTER_AE2426_ag_202411071321_004m_R1.sb,20241107,13:21:43,40.514,-70.8821,3.7,425.0,0.081807,0.003956
NES-LTER_AE2426_ag_202411071321_004m_R1.sb,20241107,13:21:43,40.514,-70.8821,3.7,426.0,0.080105,0.003882
NES-LTER_AE2426_ag_202411071321_004m_R1.sb,20241107,13:21:43,40.514,-70.8821,3.7,427.0,0.07838,0.003807
NES-LTER_AE2426_ag_202411071321_004m_R1.sb,20241107,13:21:43,40.514,-70.8821,3.7,428.0,0.076655,0.003732
NES-LTER_AE2426_ag_202411071321_004m_R1.sb,20241107,13:21:43,40.514,-70.8821,3.7,429.0,0.075344,0.003675
NES-LTER_AE2426_ag_202411071321_004m_R1.sb,20241107,13:21:43,40.514,-70.8821,3.7,430.0,0.074217,0.003626
NES-LTER_AE2426_ag_202411071321_004m_R1.sb,20241107,13:21:43,40.514,-70.8821,3.7,431.0,0.072883,0.003568
NES-LTER_AE2426_ag_202411071321_004m_R1.sb,20241107,13:21:43,40.514,-70.8821,3.7,432.0,0.071549,0.00351
NES-LTER_AE2426_ag_202411071321_004m_R1.sb,20241107,13:21:43,40.514,-70.8821,3.7,433.0,0.070008,0.003443
NES-LTER_AE2426_ag_202411071321_004m_R1.sb,20241107,13:21:43,40.514,-70.8821,3.7,434.0,0.068812,0.003391
NES-LTER_AE2426_ag_202411071321_004m_R1.sb,20241107,13:21:43,40.514,-70.8821,3.7,435.0,0.067294,0.003325
NES-LTER_AE2426_ag_202411071321_004m_R1.sb,20241107,13:21:43,40.514,-70.8821,3.7,436.0,0.065983,0.003268
NES-LTER_AE2426_ag_202411071321_004m_R1.sb,20241107,13:21:43,40.514,-70.8821,3.7,437.0,0.064971,0.003224
NES-LTER_AE2426_ag_202411071321_004m_R1.sb,20241107,13:21:43,40.514,-70.8821,3.7,438.0,0.064189,0.00319
NES-LTER_AE2426_ag_202411071321_004m_R1.sb,20241107,13:21:43,40.514,-70.8821,3.7,439.0,0.063246,0.003149
NES-LTER_AE2426_ag_202411071321_004m_R1.sb,20241107,13:21:43,40.514,-70.8821,3.7,440.0,0.061682,0.003081
NES-LTER_AE2426_ag_202411071321_004m_R1.sb,20241107,13:21:43,40.514,-70.8821,3.7,441.0,0.059865,0.003002
NES-LTER_AE2426_ag_202411071321_004m_R1.sb,20241107,13:21:43,40.514,-70.8821,3.7,442.0,0.058807,0.002956
NES-LTER_AE2426_ag_202411071321_004m_R1.sb,20241107,13:21:43,40.514,-70.8821,3.7,443.0,0.058025,0.002922
NES-LTER_AE2426_ag_202411071321_004m_R1.sb,20241107,13:21:43,40.514,-70.8821,3.7,444.0,0.057289,0.00289
NES-LTER_AE2426_ag_202411071321_004m_R1.sb,20241107,13:21:43,40.514,-70.8821,3.7,445.0,0.056208,0.002843
NES-LTER_AE2426_ag_202411071321_004m_R1.sb,20241107,13:21:43,40.514,-70.8821,3.7,446.0,0.054851,0.002784
NES-LTER_AE2426_ag_202411071321_004m_R1.sb,20241107,13:21:43,40.514,-70.8821,3.7,447.0,0.054138,0.002753
NES-LTER_AE2426_ag_202411071321_004m_R1.sb,20241107,13:21:43,40.514,-70.8821,3.7,448.0,0.053218,0.002713
NES-LTER_AE2426_ag_202411071321_004m_R1.sb,20241107,13:21:43,40.514,-70.8821,3.7,449.0,0.05262,0.002687
NES-LTER_AE2426_ag_202411071321_004m_R1.sb,20241107,13:21:43,40.514,-70.8821,3.7,450.0,0.051171,0.002624
NES-LTER_AE2426_ag_202411071321_004m_R1.sb,20241107,13:21:43,40.514,-70.8821,3.7,451.0,0.050228,0.002583
NES-LTER_AE2426_ag_202411071321_004m_R1.sb,20241107,13:21:43,40.514,-70.8821,3.7,452.0,0.049262,0.002541
NES-LTER_AE2426_ag_202411071321_004m_R1.sb,20241107,13:21:43,40.514,-70.8821,3.7,453.0,0.04871,0.002517
NES-LTER_AE2426_ag_202411071321_004m_R1.sb,20241107,13:21:43,40.514,-70.8821,3.7,454.0,0.04756,0.002467
NES-LTER_AE2426_ag_202411071321_004m_R1.sb,20241107,13:21:43,40.514,-70.8821,3.7,455.0,0.046686,0.002429
NES-LTER_AE2426_ag_202411071321_004m_R1.sb,20241107,13:21:43,40.514,-70.8821,3.7,456.0,0.045927,0.002396
NES-LTER_AE2426_ag_202411071321_004m_R1.sb,20241107,13:21:43,40.514,-70.8821,3.7,457.0,0.045559,0.00238
NES-LTER_AE2426_ag_202411071321_004m_R1.sb,20241107,13:21:43,40.514,-70.8821,3.7,458.0,0.044846,0.002349
NES-LTER_AE2426_ag_202411071321_004m_R1.sb,20241107,13:21:43,40.514,-70.8821,3.7,459.0,0.04411,0.002317
NES-LTER_AE2426_ag_202411071321_004m_R1.sb,20241107,13:21:43,40.514,-70.8821,3.7,460.0,0.04319,0.002277
NES-LTER_AE2426_ag_202411071321_004m_R1.sb,20241107,13:21:43,40.514,-70.8821,3.7,461.0,0.042546,0.002249
NES-LTER_AE2426_ag_202411071321_004m_R1.sb,20241107,13:21:43,40.514,-70.8821,3.7,462.0,0.041925,0.002222
NES-LTER_AE2426_ag_202411071321_004m_R1.sb,20241107,13:21:43,40.514,-70.8821,3.7,463.0,0.041419,0.0022
NES-LTER_AE2426_ag_202411071321_004m_R1.sb,20241107,13:21:43,40.514,-70.8821,3.7,464.0,0.04089,0.002177
NES-LTER_AE2426_ag_202411071321_004m_R1.sb,20241107,13:21:43,40.514,-70.8821,3.7,465.0,0.039924,0.002135
NES-LTER_AE2426_ag_202411071321_004m_R1.sb,20241107,13:21:43,40.514,-70.8821,3.7,466.0,0.039119,0.0021
NES-LTER_AE2426_ag_202411071321_004m_R1.sb,20241107,13:21:43,40.514,-70.8821,3.7,467.0,0.038475,0.002072
NES-LTER_AE2426_ag_202411071321_004m_R1.sb,20241107,13:21:43,40.514,-70.8821,3.7,468.0,0.037969,0.00205
NES-LTER_AE2426_ag_202411071321_004m_R1.sb,20241107,13:21:43,40.514,-70.8821,3.7,469.0,0.037187,0.002016
NES-LTER_AE2426_ag_202411071321_004m_R1.sb,20241107,13:21:43,40.514,-70.8821,3.7,470.0,0.036428,0.001983
NES-LTER_AE2426_ag_202411071321_004m_R1.sb,20241107,13:21:43,40.514,-70.8821,3.7,471.0,0.035968,0.001963
NES-LTER_AE2426_ag_202411071321_004m_R1.sb,20241107,13:21:43,40.514,-70.8821,3.7,472.0,0.035347,0.001936
NES-LTER_AE2426_ag_202411071321_004m_R1.sb,20241107,13:21:43,40.514,-70.8821,3.7,473.0,0.034818,0.001913
NES-LTER_AE2426_ag_202411071321_004m_R1.sb,20241107,13:21:43,40.514,-70.8821,3.7,474.0,0.034312,0.001891
NES-LTER_AE2426_ag_202411071321_004m_R1.sb,20241107,13:21:43,40.514,-70.8821,3.7,475.0,0.034036,0.001879
NES-LTER_AE2426_ag_202411071321_004m_R1.sb,20241107,13:21:43,40.514,-70.8821,3.7,476.0,0.033461,0.001854
NES-LTER_AE2426_ag_202411071321_004m_R1.sb,20241107,13:21:43,40.514,-70.8821,3.7,477.0,0.032449,0.00181
NES-LTER_AE2426_ag_202411071321_004m_R1.sb,20241107,13:21:43,40.514,-70.8821,3.7,478.0,0.032058,0.001793
NES-LTER_AE2426_ag_202411071321_004m_R1.sb,20241107,13:21:43,40.514,-70.8821,3.7,479.0,0.031644,0.001775
NES-LTER_AE2426_ag_202411071321_004m_R1.sb,20241107,13:21:43,40.514,-70.8821,3.7,480.0,0.031345,0.001762
NES-LTER_AE2426_ag_202411071321_004m_R1.sb,20241107,13:21:43,40.514,-70.8821,3.7,481.0,0.031,0.001747
NES-LTER_AE2426_ag_202411071321_004m_R1.sb,20241107,13:21:43,40.514,-70.8821,3.7,482.0,0.030517,0.001726
NES-LTER_AE2426_ag_202411071321_004m_R1.sb,20241107,13:21:43,40.514,-70.8821,3.7,483.0,0.03008,0.001707
NES-LTER_AE2426_ag_202411071321_004m_R1.sb,20241107,13:21:43,40.514,-70.8821,3.7,484.0,0.029459,0.00168
NES-LTER_AE2426_ag_202411071321_004m_R1.sb,20241107,13:21:43,40.514,-70.8821,3.7,485.0,0.0287,0.001647
NES-LTER_AE2426_ag_202411071321_004m_R1.sb,20241107,13:21:43,40.514,-70.8821,3.7,486.0,0.028332,0.001631
NES-LTER_AE2426_ag_202411071321_004m_R1.sb,20241107,13:21:43,40.514,-70.8821,3.7,487.0,0.02755,0.001597
NES-LTER_AE2426_ag_202411071321_004m_R1.sb,20241107,13:21:43,40.514,-70.8821,3.7,488.0,0.027274,0.001585
NES-LTER_AE2426_ag_202411071321_004m_R1.sb,20241107,13:21:43,40.514,-70.8821,3.7,489.0,0.026791,0.001564
NES-LTER_AE2426_ag_202411071321_004m_R1.sb,20241107,13:21:43,40.514,-70.8821,3.7,490.0,0.026676,0.001559
NES-LTER_AE2426_ag_202411071321_004m_R1.sb,20241107,13:21:43,40.514,-70.8821,3.7,491.0,0.0264,0.001547
NES-LTER_AE2426_ag_202411071321_004m_R1.sb,20241107,13:21:43,40.514,-70.8821,3.7,492.0,0.026078,0.001533
NES-LTER_AE2426_ag_202411071321_004m_R1.sb,20241107,13:21:43,40.514,-70.8821,3.7,493.0,0.025549,0.00151
NES-LTER_AE2426_ag_202411071321_004m_R1.sb,20241107,13:21:43,40.514,-70.8821,3.7,494.0,0.025227,0.001496
NES-LTER_AE2426_ag_202411071321_004m_R1.sb,20241107,13:21:43,40.514,-70.8821,3.7,495.0,0.024675,0.001472
NES-LTER_AE2426_ag_202411071321_004m_R1.sb,20241107,13:21:43,40.514,-70.8821,3.7,496.0,0.024008,0.001443
NES-LTER_AE2426_ag_202411071321_004m_R1.sb,20241107,13:21:43,40.514,-70.8821,3.7,497.0,0.023663,0.001428
NES-LTER_AE2426_ag_202411071321_004m_R1.sb,20241107,13:21:43,40.514,-70.8821,3.7,498.0,0.023525,0.001422
NES-LTER_AE2426_ag_202411071321_004m_R1.sb,20241107,13:21:43,40.514,-70.8821,3.7,499.0,0.02364,0.001427
NES-LTER_AE2426_ag_202411071321_004m_R1.sb,20241107,13:21:43,40.514,-70.8821,3.7,500.0,0.023157,0.001406
NES-LTER_AE2426_ag_202411071321_004m_R1.sb,20241107,13:21:43,40.514,-70.8821,3.7,501.0,0.022881,0.001394
NES-LTER_AE2426_ag_202411071321_004m_R1.sb,20241107,13:21:43,40.514,-70.8821,3.7,502.0,0.022559,0.00138
NES-LTER_AE2426_ag_202411071321_004m_R1.sb,20241107,13:21:43,40.514,-70.8821,3.7,503.0,0.022122,0.001361
NES-LTER_AE2426_ag_202411071321_004m_R1.sb,20241107,13:21:43,40.514,-70.8821,3.7,504.0,0.021823,0.001348
NES-LTER_AE2426_ag_202411071321_004m_R1.sb,20241107,13:21:43,40.514,-70.8821,3.7,505.0,0.021248,0.001323
NES-LTER_AE2426_ag_202411071321_004m_R1.sb,20241107,13:21:43,40.514,-70.8821,3.7,506.0,0.021225,0.001322
NES-LTER_AE2426_ag_202411071321_004m_R1.sb,20241107,13:21:43,40.514,-70.8821,3.7,507.0,0.020696,0.001299
NES-LTER_AE2426_ag_202411071321_004m_R1.sb,20241107,13:21:43,40.514,-70.8821,3.7,508.0,0.020397,0.001286
NES-LTER_AE2426_ag_202411071321_004m_R1.sb,20241107,13:21:43,40.514,-70.8821,3.7,509.0,0.01996,0.001267
NES-LTER_AE2426_ag_202411071321_004m_R1.sb,20241107,13:21:43,40.514,-70.8821,3.7,510.0,0.019822,0.001261
NES-LTER_AE2426_ag_202411071321_004m_R1.sb,20241107,13:21:43,40.514,-70.8821,3.7,511.0,0.019914,0.001265
NES-LTER_AE2426_ag_202411071321_004m_R1.sb,20241107,13:21:43,40.514,-70.8821,3.7,512.0,0.019845,0.001262
NES-LTER_AE2426_ag_202411071321_004m_R1.sb,20241107,13:21:43,40.514,-70.8821,3.7,513.0,0.019247,0.001236
NES-LTER_AE2426_ag_202411071321_004m_R1.sb,20241107,13:21:43,40.514,-70.8821,3.7,514.0,0.018764,0.001215
NES-LTER_AE2426_ag_202411071321_004m_R1.sb,20241107,13:21:43,40.514,-70.8821,3.7,515.0,0.018074,0.001185
NES-LTER_AE2426_ag_202411071321_004m_R1.sb,20241107,13:21:43,40.514,-70.8821,3.7,516.0,0.018212,0.001191
NES-LTER_AE2426_ag_202411071321_004m_R1.sb,20241107,13:21:43,40.514,-70.8821,3.7,517.0,0.018097,0.001186
NES-LTER_AE2426_ag_202411071321_004m_R1.sb,20241107,13:21:43,40.514,-70.8821,3.7,518.0,0.018258,0.001193
NES-LTER_AE2426_ag_202411071321_004m_R1.sb,20241107,13:21:43,40.514,-70.8821,3.7,519.0,0.018097,0.001186
NES-LTER_AE2426_ag_202411071321_004m_R1.sb,20241107,13:21:43,40.514,-70.8821,3.7,520.0,0.017959,0.00118
NES-LTER_AE2426_ag_202411071321_004m_R1.sb,20241107,13:21:43,40.514,-70.8821,3.7,521.0,0.017729,0.00117
NES-LTER_AE2426_ag_202411071321_004m_R1.sb,20241107,13:21:43,40.514,-70.8821,3.7,522.0,0.01766,0.001167
NES-LTER_AE2426_ag_202411071321_004m_R1.sb,20241107,13:21:43,40.514,-70.8821,3.7,523.0,0.017384,0.001155
NES-LTER_AE2426_ag_202411071321_004m_R1.sb,20241107,13:21:43,40.514,-70.8821,3.7,524.0,0.017177,0.001146
NES-LTER_AE2426_ag_202411071321_004m_R1.sb,20241107,13:21:43,40.514,-70.8821,3.7,525.0,0.016533,0.001118
NES-LTER_AE2426_ag_202411071321_004m_R1.sb,20241107,13:21:43,40.514,-70.8821,3.7,526.0,0.016188,0.001103
NES-LTER_AE2426_ag_202411071321_004m_R1.sb,20241107,13:21:43,40.514,-70.8821,3.7,527.0,0.016142,0.001101
NES-LTER_AE2426_ag_202411071321_004m_R1.sb,20241107,13:21:43,40.514,-70.8821,3.7,528.0,0.016188,0.001103
NES-LTER_AE2426_ag_202411071321_004m_R1.sb,20241107,13:21:43,40.514,-70.8821,3.7,529.0,0.016073,0.001098
NES-LTER_AE2426_ag_202411071321_004m_R1.sb,20241107,13:21:43,40.514,-70.8821,3.7,530.0,0.015682,0.001081
NES-LTER_AE2426_ag_202411071321_004m_R1.sb,20241107,13:21:43,40.514,-70.8821,3.7,531.0,0.015544,0.001075
NES-LTER_AE2426_ag_202411071321_004m_R1.sb,20241107,13:21:43,40.514,-70.8821,3.7,532.0,0.015222,0.001061
NES-LTER_AE2426_ag_202411071321_004m_R1.sb,20241107,13:21:43,40.514,-70.8821,3.7,533.0,0.015015,0.001052
NES-LTER_AE2426_ag_202411071321_004m_R1.sb,20241107,13:21:43,40.514,-70.8821,3.7,534.0,0.01467,0.001037
NES-LTER_AE2426_ag_202411071321_004m_R1.sb,20241107,13:21:43,40.514,-70.8821,3.7,535.0,0.014302,0.001021
NES-LTER_AE2426_ag_202411071321_004m_R1.sb,20241107,13:21:43,40.514,-70.8821,3.7,536.0,0.014325,0.001022
NES-LTER_AE2426_ag_202411071321_004m_R1.sb,20241107,13:21:43,40.514,-70.8821,3.7,537.0,0.014164,0.001015
NES-LTER_AE2426_ag_202411071321_004m_R1.sb,20241107,13:21:43,40.514,-70.8821,3.7,538.0,0.014072,0.001011
NES-LTER_AE2426_ag_202411071321_004m_R1.sb,20241107,13:21:43,40.514,-70.8821,3.7,539.0,0.01329,0.000977
NES-LTER_AE2426_ag_202411071321_004m_R1.sb,20241107,13:21:43,40.514,-70.8821,3.7,540.0,0.012991,0.000964
NES-LTER_AE2426_ag_202411071321_004m_R1.sb,20241107,13:21:43,40.514,-70.8821,3.7,541.0,0.013106,0.000969
NES-LTER_AE2426_ag_202411071321_004m_R1.sb,20241107,13:21:43,40.514,-70.8821,3.7,542.0,0.013198,0.000973
NES-LTER_AE2426_ag_202411071321_004m_R1.sb,20241107,13:21:43,40.514,-70.8821,3.7,543.0,0.01329,0.000977
NES-LTER_AE2426_ag_202411071321_004m_R1.sb,20241107,13:21:43,40.514,-70.8821,3.7,544.0,0.012738,0.000953
NES-LTER_AE2426_ag_202411071321_004m_R1.sb,20241107,13:21:43,40.514,-70.8821,3.7,545.0,0.012508,0.000943
NES-LTER_AE2426_ag_202411071321_004m_R1.sb,20241107,13:21:43,40.514,-70.8821,3.7,546.0,0.012048,0.000923
NES-LTER_AE2426_ag_202411071321_004m_R1.sb,20241107,13:21:43,40.514,-70.8821,3.7,547.0,0.012071,0.000924
NES-LTER_AE2426_ag_202411071321_004m_R1.sb,20241107,13:21:43,40.514,-70.8821,3.7,548.0,0.01191,0.000917
NES-LTER_AE2426_ag_202411071321_004m_R1.sb,20241107,13:21:43,40.514,-70.8821,3.7,549.0,0.011611,0.000904
NES-LTER_AE2426_ag_202411071321_004m_R1.sb,20241107,13:21:43,40.514,-70.8821,3.7,550.0,0.011128,0.000883
NES-LTER_AE2426_ag_202411071321_004m_R1.sb,20241107,13:21:43,40.514,-70.8821,3.7,551.0,0.010944,0.000875
NES-LTER_AE2426_ag_202411071321_004m_R1.sb,20241107,13:21:43,40.514,-70.8821,3.7,552.0,0.010921,0.000874
NES-LTER_AE2426_ag_202411071321_004m_R1.sb,20241107,13:21:43,40.514,-70.8821,3.7,553.0,0.011013,0.000878
NES-LTER_AE2426_ag_202411071321_004m_R1.sb,20241107,13:21:43,40.514,-70.8821,3.7,554.0,0.010967,0.000876
NES-LTER_AE2426_ag_202411071321_004m_R1.sb,20241107,13:21:43,40.514,-70.8821,3.7,555.0,0.010668,0.000863
NES-LTER_AE2426_ag_202411071321_004m_R1.sb,20241107,13:21:43,40.514,-70.8821,3.7,556.0,0.010369,0.00085
NES-LTER_AE2426_ag_202411071321_004m_R1.sb,20241107,13:21:43,40.514,-70.8821,3.7,557.0,0.010093,0.000838
NES-LTER_AE2426_ag_202411071321_004m_R1.sb,20241107,13:21:43,40.514,-70.8821,3.7,558.0,0.010047,0.000836
NES-LTER_AE2426_ag_202411071321_004m_R1.sb,20241107,13:21:43,40.514,-70.8821,3.7,559.0,0.009702,0.000821
NES-LTER_AE2426_ag_202411071321_004m_R1.sb,20241107,13:21:43,40.514,-70.8821,3.7,560.0,0.009725,0.000822
NES-LTER_AE2426_ag_202411071321_004m_R1.sb,20241107,13:21:43,40.514,-70.8821,3.7,561.0,0.009426,0.000809
NES-LTER_AE2426_ag_202411071321_004m_R1.sb,20241107,13:21:43,40.514,-70.8821,3.7,562.0,0.009449,0.00081
NES-LTER_AE2426_ag_202411071321_004m_R1.sb,20241107,13:21:43,40.514,-70.8821,3.7,563.0,0.009219,0.0008
NES-LTER_AE2426_ag_202411071321_004m_R1.sb,20241107,13:21:43,40.514,-70.8821,3.7,564.0,0.009288,0.000803
NES-LTER_AE2426_ag_202411071321_004m_R1.sb,20241107,13:21:43,40.514,-70.8821,3.7,565.0,0.009288,0.000803
NES-LTER_AE2426_ag_202411071321_004m_R1.sb,20241107,13:21:43,40.514,-70.8821,3.7,566.0,0.00915,0.000797
NES-LTER_AE2426_ag_202411071321_004m_R1.sb,20241107,13:21:43,40.514,-70.8821,3.7,567.0,0.008621,0.000774
NES-LTER_AE2426_ag_202411071321_004m_R1.sb,20241107,13:21:43,40.514,-70.8821,3.7,568.0,0.008253,0.000758
NES-LTER_AE2426_ag_202411071321_004m_R1.sb,20241107,13:21:43,40.514,-70.8821,3.7,569.0,0.008276,0.000759
NES-LTER_AE2426_ag_202411071321_004m_R1.sb,20241107,13:21:43,40.514,-70.8821,3.7,570.0,0.00892,0.000787
NES-LTER_AE2426_ag_202411071321_004m_R1.sb,20241107,13:21:43,40.514,-70.8821,3.7,571.0,0.009104,0.000795
NES-LTER_AE2426_ag_202411071321_004m_R1.sb,20241107,13:21:43,40.514,-70.8821,3.7,572.0,0.008713,0.000778
NES-LTER_AE2426_ag_202411071321_004m_R1.sb,20241107,13:21:43,40.514,-70.8821,3.7,573.0,0.008207,0.000756
NES-LTER_AE2426_ag_202411071321_004m_R1.sb,20241107,13:21:43,40.514,-70.8821,3.7,574.0,0.007954,0.000745
NES-LTER_AE2426_ag_202411071321_004m_R1.sb,20241107,13:21:43,40.514,-70.8821,3.7,575.0,0.008046,0.000749
NES-LTER_AE2426_ag_202411071321_004m_R1.sb,20241107,13:21:43,40.514,-70.8821,3.7,576.0,0.007862,0.000741
NES-LTER_AE2426_ag_202411071321_004m_R1.sb,20241107,13:21:43,40.514,-70.8821,3.7,577.0,0.007701,0.000734
NES-LTER_AE2426_ag_202411071321_004m_R1.sb,20241107,13:21:43,40.514,-70.8821,3.7,578.0,0.007517,0.000726
NES-LTER_AE2426_ag_202411071321_004m_R1.sb,20241107,13:21:43,40.514,-70.8821,3.7,579.0,0.007448,0.000723
NES-LTER_AE2426_ag_202411071321_004m_R1.sb,20241107,13:21:43,40.514,-70.8821,3.7,580.0,0.007356,0.000719
NES-LTER_AE2426_ag_202411071321_004m_R1.sb,20241107,13:21:43,40.514,-70.8821,3.7,581.0,0.006781,0.000694
NES-LTER_AE2426_ag_202411071321_004m_R1.sb,20241107,13:21:43,40.514,-70.8821,3.7,582.0,0.006482,0.000681
NES-LTER_AE2426_ag_202411071321_004m_R1.sb,20241107,13:21:43,40.514,-70.8821,3.7,583.0,0.006252,0.000671
NES-LTER_AE2426_ag_202411071321_004m_R1.sb,20241107,13:21:43,40.514,-70.8821,3.7,584.0,0.00639,0.000677
NES-LTER_AE2426_ag_202411071321_004m_R1.sb,20241107,13:21:43,40.514,-70.8821,3.7,585.0,0.006206,0.000669
NES-LTER_AE2426_ag_202411071321_004m_R1.sb,20241107,13:21:43,40.514,-70.8821,3.7,586.0,0.005953,0.000658
NES-LTER_AE2426_ag_202411071321_004m_R1.sb,20241107,13:21:43,40.514,-70.8821,3.7,587.0,0.005769,0.00065
NES-LTER_AE2426_ag_202411071321_004m_R1.sb,20241107,13:21:43,40.514,-70.8821,3.7,588.0,0.005769,0.00065
NES-LTER_AE2426_ag_202411071321_004m_R1.sb,20241107,13:21:43,40.514,-70.8821,3.7,589.0,0.005631,0.000644
NES-LTER_AE2426_ag_202411071321_004m_R1.sb,20241107,13:21:43,40.514,-70.8821,3.7,590.0,0.005447,0.000636
NES-LTER_AE2426_ag_202411071321_004m_R1.sb,20241107,13:21:43,40.514,-70.8821,3.7,591.0,0.005125,0.000622
NES-LTER_AE2426_ag_202411071321_004m_R1.sb,20241107,13:21:43,40.514,-70.8821,3.7,592.0,0.00478,0.000607
NES-LTER_AE2426_ag_202411071321_004m_R1.sb,20241107,13:21:43,40.514,-70.8821,3.7,593.0,0.004251,0.000584
NES-LTER_AE2426_ag_202411071321_004m_R1.sb,20241107,13:21:43,40.514,-70.8821,3.7,594.0,0.003998,0.000573
NES-LTER_AE2426_ag_202411071321_004m_R1.sb,20241107,13:21:43,40.514,-70.8821,3.7,595.0,0.003699,0.00056
NES-LTER_AE2426_ag_202411071321_004m_R1.sb,20241107,13:21:43,40.514,-70.8821,3.7,596.0,0.003676,0.000559
NES-LTER_AE2426_ag_202411071321_004m_R1.sb,20241107,13:21:43,40.514,-70.8821,3.7,597.0,0.003239,0.00054
NES-LTER_AE2426_ag_202411071321_004m_R1.sb,20241107,13:21:43,40.514,-70.8821,3.7,598.0,0.002871,0.000524
NES-LTER_AE2426_ag_202411071321_004m_R1.sb,20241107,13:21:43,40.514,-70.8821,3.7,599.0,0.002388,0.000503
NES-LTER_AE2426_ag_202411071321_004m_R1.sb,20241107,13:21:43,40.514,-70.8821,3.7,600.0,0.002204,0.000495
NES-LTER_AE2426_ag_202411071321_004m_R1.sb,20241107,13:21:43,40.514,-70.8821,3.7,601.0,0.001928,0.000483
NES-LTER_AE2426_ag_202411071321_004m_R1.sb,20241107,13:21:43,40.514,-70.8821,3.7,602.0,0.001675,0.000472
NES-LTER_AE2426_ag_202411071321_004m_R1.sb,20241107,13:21:43,40.514,-70.8821,3.7,603.0,0.001422,0.000461
NES-LTER_AE2426_ag_202411071321_004m_R1.sb,20241107,13:21:43,40.514,-70.8821,3.7,604.0,0.00156,0.000467
NES-LTER_AE2426_ag_202411071321_004m_R1.sb,20241107,13:21:43,40.514,-70.8821,3.7,605.0,0.001859,0.00048
NES-LTER_AE2426_ag_202411071321_004m_R1.sb,20241107,13:21:43,40.514,-70.8821,3.7,606.0,0.002112,0.000491
NES-LTER_AE2426_ag_202411071321_004m_R1.sb,20241107,13:21:43,40.514,-70.8821,3.7,607.0,0.002503,0.000508
NES-LTER_AE2426_ag_202411071321_004m_R1.sb,20241107,13:21:43,40.514,-70.8821,3.7,608.0,0.002756,0.000519
NES-LTER_AE2426_ag_202411071321_004m_R1.sb,20241107,13:21:43,40.514,-70.8821,3.7,609.0,0.003193,0.000538
NES-LTER_AE2426_ag_202411071321_004m_R1.sb,20241107,13:21:43,40.514,-70.8821,3.7,610.0,0.003308,0.000543
NES-LTER_AE2426_ag_202411071321_004m_R1.sb,20241107,13:21:43,40.514,-70.8821,3.7,611.0,0.003607,0.000556
NES-LTER_AE2426_ag_202411071321_004m_R1.sb,20241107,13:21:43,40.514,-70.8821,3.7,612.0,0.003745,0.000562
NES-LTER_AE2426_ag_202411071321_004m_R1.sb,20241107,13:21:43,40.514,-70.8821,3.7,613.0,0.004021,0.000574
NES-LTER_AE2426_ag_202411071321_004m_R1.sb,20241107,13:21:43,40.514,-70.8821,3.7,614.0,0.004274,0.000585
NES-LTER_AE2426_ag_202411071321_004m_R1.sb,20241107,13:21:43,40.514,-70.8821,3.7,615.0,0.004159,0.00058
NES-LTER_AE2426_ag_202411071321_004m_R1.sb,20241107,13:21:43,40.514,-70.8821,3.7,616.0,0.003883,0.000568
NES-LTER_AE2426_ag_202411071321_004m_R1.sb,20241107,13:21:43,40.514,-70.8821,3.7,617.0,0.003469,0.00055
NES-LTER_AE2426_ag_202411071321_004m_R1.sb,20241107,13:21:43,40.514,-70.8821,3.7,618.0,0.003492,0.000551
NES-LTER_AE2426_ag_202411071321_004m_R1.sb,20241107,13:21:43,40.514,-70.8821,3.7,619.0,0.003492,0.000551
NES-LTER_AE2426_ag_202411071321_004m_R1.sb,20241107,13:21:43,40.514,-70.8821,3.7,620.0,0.003699,0.00056
NES-LTER_AE2426_ag_202411071321_004m_R1.sb,20241107,13:21:43,40.514,-70.8821,3.7,621.0,0.003722,0.000561
NES-LTER_AE2426_ag_202411071321_004m_R1.sb,20241107,13:21:43,40.514,-70.8821,3.7,622.0,0.003998,0.000573
NES-LTER_AE2426_ag_202411071321_004m_R1.sb,20241107,13:21:43,40.514,-70.8821,3.7,623.0,0.003998,0.000573
NES-LTER_AE2426_ag_202411071321_004m_R1.sb,20241107,13:21:43,40.514,-70.8821,3.7,624.0,0.004021,0.000574
NES-LTER_AE2426_ag_202411071321_004m_R1.sb,20241107,13:21:43,40.514,-70.8821,3.7,625.0,0.003607,0.000556
NES-LTER_AE2426_ag_202411071321_004m_R1.sb,20241107,13:21:43,40.514,-70.8821,3.7,626.0,0.003791,0.000564
NES-LTER_AE2426_ag_202411071321_004m_R1.sb,20241107,13:21:43,40.514,-70.8821,3.7,627.0,0.003584,0.000555
NES-LTER_AE2426_ag_202411071321_004m_R1.sb,20241107,13:21:43,40.514,-70.8821,3.7,628.0,0.00386,0.000567
NES-LTER_AE2426_ag_202411071321_004m_R1.sb,20241107,13:21:43,40.514,-70.8821,3.7,629.0,0.003308,0.000543
NES-LTER_AE2426_ag_202411071321_004m_R1.sb,20241107,13:21:43,40.514,-70.8821,3.7,630.0,0.002894,0.000525
NES-LTER_AE2426_ag_202411071321_004m_R1.sb,20241107,13:21:43,40.514,-70.8821,3.7,631.0,0.002687,0.000516
NES-LTER_AE2426_ag_202411071321_004m_R1.sb,20241107,13:21:43,40.514,-70.8821,3.7,632.0,0.002825,0.000522
NES-LTER_AE2426_ag_202411071321_004m_R1.sb,20241107,13:21:43,40.514,-70.8821,3.7,633.0,0.002894,0.000525
NES-LTER_AE2426_ag_202411071321_004m_R1.sb,20241107,13:21:43,40.514,-70.8821,3.7,634.0,0.00294,0.000527
NES-LTER_AE2426_ag_202411071321_004m_R1.sb,20241107,13:21:43,40.514,-70.8821,3.7,635.0,0.002756,0.000519
NES-LTER_AE2426_ag_202411071321_004m_R1.sb,20241107,13:21:43,40.514,-70.8821,3.7,636.0,0.002825,0.000522
NES-LTER_AE2426_ag_202411071321_004m_R1.sb,20241107,13:21:43,40.514,-70.8821,3.7,637.0,0.002986,0.000529
NES-LTER_AE2426_ag_202411071321_004m_R1.sb,20241107,13:21:43,40.514,-70.8821,3.7,638.0,0.003193,0.000538
NES-LTER_AE2426_ag_202411071321_004m_R1.sb,20241107,13:21:43,40.514,-70.8821,3.7,639.0,0.003561,0.000554
NES-LTER_AE2426_ag_202411071321_004m_R1.sb,20241107,13:21:43,40.514,-70.8821,3.7,640.0,0.003124,0.000535
NES-LTER_AE2426_ag_202411071321_004m_R1.sb,20241107,13:21:43,40.514,-70.8821,3.7,641.0,0.003101,0.000534
NES-LTER_AE2426_ag_202411071321_004m_R1.sb,20241107,13:21:43,40.514,-70.8821,3.7,642.0,0.002825,0.000522
NES-LTER_AE2426_ag_202411071321_004m_R1.sb,20241107,13:21:43,40.514,-70.8821,3.7,643.0,0.002779,0.00052
NES-LTER_AE2426_ag_202411071321_004m_R1.sb,20241107,13:21:43,40.514,-70.8821,3.7,644.0,0.00248,0.000507
NES-LTER_AE2426_ag_202411071321_004m_R1.sb,20241107,13:21:43,40.514,-70.8821,3.7,645.0,0.002365,0.000502
NES-LTER_AE2426_ag_202411071321_004m_R1.sb,20241107,13:21:43,40.514,-70.8821,3.7,646.0,0.002273,0.000498
NES-LTER_AE2426_ag_202411071321_004m_R1.sb,20241107,13:21:43,40.514,-70.8821,3.7,647.0,0.002181,0.000494
NES-LTER_AE2426_ag_202411071321_004m_R1.sb,20241107,13:21:43,40.514,-70.8821,3.7,648.0,0.00202,0.000487
NES-LTER_AE2426_ag_202411071321_004m_R1.sb,20241107,13:21:43,40.514,-70.8821,3.7,649.0,0.001974,0.000485
NES-LTER_AE2426_ag_202411071321_004m_R1.sb,20241107,13:21:43,40.514,-70.8821,3.7,650.0,0.001974,0.000485
NES-LTER_AE2426_ag_202411071321_004m_R1.sb,20241107,13:21:43,40.514,-70.8821,3.7,651.0,0.001721,0.000474
NES-LTER_AE2426_ag_202411071321_004m_R1.sb,20241107,13:21:43,40.514,-70.8821,3.7,652.0,0.00156,0.000467
NES-LTER_AE2426_ag_202411071321_004m_R1.sb,20241107,13:21:43,40.514,-70.8821,3.7,653.0,0.001215,0.000452
NES-LTER_AE2426_ag_202411071321_004m_R1.sb,20241107,13:21:43,40.514,-70.8821,3.7,654.0,0.001284,0.000455
NES-LTER_AE2426_ag_202411071321_004m_R1.sb,20241107,13:21:43,40.514,-70.8821,3.7,655.0,0.000893,0.000438
NES-LTER_AE2426_ag_202411071321_004m_R1.sb,20241107,13:21:43,40.514,-70.8821,3.7,656.0,0.000203,0.000408
NES-LTER_AE2426_ag_202411071321_004m_R1.sb,20241107,13:21:43,40.514,-70.8821,3.7,657.0,-0.000418,0.000381
NES-LTER_AE2426_ag_202411071321_004m_R1.sb,20241107,13:21:43,40.514,-70.8821,3.7,658.0,-0.00097,0.000357
NES-LTER_AE2426_ag_202411071321_004m_R1.sb,20241107,13:21:43,40.514,-70.8821,3.7,659.0,-0.000809,0.000364
NES-LTER_AE2426_ag_202411071321_004m_R1.sb,20241107,13:21:43,40.514,-70.8821,3.7,660.0,-0.000579,0.000374
NES-LTER_AE2426_ag_202411071321_004m_R1.sb,20241107,13:21:43,40.514,-70.8821,3.7,661.0,-0.000395,0.000382
NES-LTER_AE2426_ag_202411071321_004m_R1.sb,20241107,13:21:43,40.514,-70.8821,3.7,662.0,-0.000579,0.000374
NES-LTER_AE2426_ag_202411071321_004m_R1.sb,20241107,13:21:43,40.514,-70.8821,3.7,663.0,-0.000625,0.000372
NES-LTER_AE2426_ag_202411071321_004m_R1.sb,20241107,13:21:43,40.514,-70.8821,3.7,664.0,-0.000717,0.000368
NES-LTER_AE2426_ag_202411071321_004m_R1.sb,20241107,13:21:43,40.514,-70.8821,3.7,665.0,8.8e-05,0.000403
NES-LTER_AE2426_ag_202411071321_004m_R1.sb,20241107,13:21:43,40.514,-70.8821,3.7,666.0,0.000364,0.000415
NES-LTER_AE2426_ag_202411071321_004m_R1.sb,20241107,13:21:43,40.514,-70.8821,3.7,667.0,0.000916,0.000439
NES-LTER_AE2426_ag_202411071321_004m_R1.sb,20241107,13:21:43,40.514,-70.8821,3.7,668.0,0.000686,0.000429
NES-LTER_AE2426_ag_202411071321_004m_R1.sb,20241107,13:21:43,40.514,-70.8821,3.7,669.0,0.000479,0.00042
NES-LTER_AE2426_ag_202411071321_004m_R1.sb,20241107,13:21:43,40.514,-70.8821,3.7,670.0,0.000364,0.000415
NES-LTER_AE2426_ag_202411071321_004m_R1.sb,20241107,13:21:43,40.514,-70.8821,3.7,671.0,0.000226,0.000409
NES-LTER_AE2426_ag_202411071321_004m_R1.sb,20241107,13:21:43,40.514,-70.8821,3.7,672.0,1.9e-05,0.0004
NES-LTER_AE2426_ag_202411071321_004m_R1.sb,20241107,13:21:43,40.514,-70.8821,3.7,673.0,-0.00028,0.000387
NES-LTER_AE2426_ag_202411071321_004m_R1.sb,20241107,13:21:43,40.514,-70.8821,3.7,674.0,-0.000648,0.000371
NES-LTER_AE2426_ag_202411071321_004m_R1.sb,20241107,13:21:43,40.514,-70.8821,3.7,675.0,-0.000855,0.000362
NES-LTER_AE2426_ag_202411071321_004m_R1.sb,20241107,13:21:43,40.514,-70.8821,3.7,676.0,-0.001062,0.000353
NES-LTER_AE2426_ag_202411071321_004m_R1.sb,20241107,13:21:43,40.514,-70.8821,3.7,677.0,-0.001177,0.000348
NES-LTER_AE2426_ag_202411071321_004m_R1.sb,20241107,13:21:43,40.514,-70.8821,3.7,678.0,-0.0012,0.000347
NES-LTER_AE2426_ag_202411071321_004m_R1.sb,20241107,13:21:43,40.514,-70.8821,3.7,679.0,-0.001407,0.000338
NES-LTER_AE2426_ag_202411071321_004m_R1.sb,20241107,13:21:43,40.514,-70.8821,3.7,680.0,-0.001591,0.00033
NES-LTER_AE2426_ag_202411071321_004m_R1.sb,20241107,13:21:43,40.514,-70.8821,3.7,681.0,-0.001729,0.000324
NES-LTER_AE2426_ag_202411071321_004m_R1.sb,20241107,13:21:43,40.514,-70.8821,3.7,682.0,-0.001706,0.000325
NES-LTER_AE2426_ag_202411071321_004m_R1.sb,20241107,13:21:43,40.514,-70.8821,3.7,683.0,-0.001821,0.00032
NES-LTER_AE2426_ag_202411071321_004m_R1.sb,20241107,13:21:43,40.514,-70.8821,3.7,684.0,-0.002051,0.00031
NES-LTER_AE2426_ag_202411071321_004m_R1.sb,20241107,13:21:43,40.514,-70.8821,3.7,685.0,-0.002258,0.000301
NES-LTER_AE2426_ag_202411071321_004m_R1.sb,20241107,13:21:43,40.514,-70.8821,3.7,686.0,-0.002327,0.000298
NES-LTER_AE2426_ag_202411071321_004m_R1.sb,20241107,13:21:43,40.514,-70.8821,3.7,687.0,-0.002396,0.000295
NES-LTER_AE2426_ag_202411071321_004m_R1.sb,20241107,13:21:43,40.514,-70.8821,3.7,688.0,-0.002672,0.000283
NES-LTER_AE2426_ag_202411071321_004m_R1.sb,20241107,13:21:43,40.514,-70.8821,3.7,689.0,-0.00281,0.000277
NES-LTER_AE2426_ag_202411071321_004m_R1.sb,20241107,13:21:43,40.514,-70.8821,3.7,690.0,-0.003638,0.000241
NES-LTER_AE2426_ag_202411071321_004m_R1.sb,20241107,13:21:43,40.514,-70.8821,3.7,691.0,-0.004098,0.000221
NES-LTER_AE2426_ag_202411071321_004m_R1.sb,20241107,13:21:43,40.514,-70.8821,3.7,692.0,-0.005133,0.000176
NES-LTER_AE2426_ag_202411071321_004m_R1.sb,20241107,13:21:43,40.514,-70.8821,3.7,693.0,-0.005501,0.00016
NES-LTER_AE2426_ag_202411071321_004m_R1.sb,20241107,13:21:43,40.514,-70.8821,3.7,694.0,-0.005892,0.000143
NES-LTER_AE2426_ag_202411071321_004m_R1.sb,20241107,13:21:43,40.514,-70.8821,3.7,695.0,-0.006053,0.000136
NES-LTER_AE2426_ag_202411071321_004m_R1.sb,20241107,13:21:43,40.514,-70.8821,3.7,696.0,-0.006122,0.000133
NES-LTER_AE2426_ag_202411071321_004m_R1.sb,20241107,13:21:43,40.514,-70.8821,3.7,697.0,-0.006352,0.000123
NES-LTER_AE2426_ag_202411071321_004m_R1.sb,20241107,13:21:43,40.514,-70.8821,3.7,698.0,-0.006789,0.000104
NES-LTER_AE2426_ag_202411071321_004m_R1.sb,20241107,13:21:43,40.514,-70.8821,3.7,699.0,-0.007341,8e-05
NES-LTER_AE2426_ag_202411071321_004m_R1.sb,20241107,13:21:43,40.514,-70.8821,3.7,700.0,-0.007778,6.1e-05
NES-LTER_AE2426_ag_202411071321_004m_R1.sb,20241107,13:21:43,40.514,-70.8821,3.7,701.0,-0.008629,2.4e-05
NES-LTER_AE2426_ag_202411071321_004m_R1.sb,20241107,13:21:43,40.514,-70.8821,3.7,702.0,-0.008951,1e-05
NES-LTER_AE2426_ag_202411071321_004m_R1.sb,20241107,13:21:43,40.514,-70.8821,3.7,703.0,-0.009526,-1.5e-05
NES-LTER_AE2426_ag_202411071321_004m_R1.sb,20241107,13:21:43,40.514,-70.8821,3.7,704.0,-0.009894,-3.1e-05
NES-LTER_AE2426_ag_202411071321_004m_R1.sb,20241107,13:21:43,40.514,-70.8821,3.7,705.0,-0.01063,-6.3e-05
NES-LTER_AE2426_ag_202411071321_004m_R1.sb,20241107,13:21:43,40.514,-70.8821,3.7,706.0,-0.01155,-0.000103
NES-LTER_AE2426_ag_202411071321_004m_R1.sb,20241107,13:21:43,40.514,-70.8821,3.7,707.0,-0.01201,-0.000123
NES-LTER_AE2426_ag_202411071321_004m_R1.sb,20241107,13:21:43,40.514,-70.8821,3.7,708.0,-0.012631,-0.00015
NES-LTER_AE2426_ag_202411071321_004m_R1.sb,20241107,13:21:43,40.514,-70.8821,3.7,709.0,-0.013298,-0.000179
NES-LTER_AE2426_ag_202411071321_004m_R1.sb,20241107,13:21:43,40.514,-70.8821,3.7,710.0,-0.014218,-0.000219
NES-LTER_AE2426_ag_202411071321_004m_R1.sb,20241107,13:21:43,40.514,-70.8821,3.7,711.0,-0.015046,-0.000255
NES-LTER_AE2426_ag_202411071321_004m_R1.sb,20241107,13:21:43,40.514,-70.8821,3.7,712.0,-0.016035,-0.000298
NES-LTER_AE2426_ag_202411071321_004m_R1.sb,20241107,13:21:43,40.514,-70.8821,3.7,713.0,-0.016886,-0.000335
NES-LTER_AE2426_ag_202411071321_004m_R1.sb,20241107,13:21:43,40.514,-70.8821,3.7,714.0,-0.018105,-0.000388
NES-LTER_AE2426_ag_202411071321_004m_R1.sb,20241107,13:21:43,40.514,-70.8821,3.7,715.0,-0.018542,-0.000407
NES-LTER_AE2426_ag_202411071321_004m_R1.sb,20241107,13:21:43,40.514,-70.8821,3.7,716.0,-0.019508,-0.000449
NES-LTER_AE2426_ag_202411071321_004m_R1.sb,20241107,13:21:43,40.514,-70.8821,3.7,717.0,-0.020313,-0.000484
NES-LTER_AE2426_ag_202411071321_004m_R1.sb,20241107,13:21:43,40.514,-70.8821,3.7,718.0,-0.022107,-0.000562
NES-LTER_AE2426_ag_202411071321_004m_R1.sb,20241107,13:21:43,40.514,-70.8821,3.7,719.0,-0.023119,-0.000606
NES-LTER_AE2426_ag_202411071321_004m_R1.sb,20241107,13:21:43,40.514,-70.8821,3.7,720.0,-0.024154,-0.000651
NES-LTER_AE2426_ag_202411071321_004m_R1.sb,20241107,13:21:43,40.514,-70.8821,3.7,721.0,-0.024821,-0.00068
NES-LTER_AE2426_ag_202411071321_004m_R1.sb,20241107,13:21:43,40.514,-70.8821,3.7,722.0,-0.02627,-0.000743
NES-LTER_AE2426_ag_202411071321_004m_R1.sb,20241107,13:21:43,40.514,-70.8821,3.7,723.0,-0.027535,-0.000798
NES-LTER_AE2426_ag_202411071321_004m_R1.sb,20241107,13:21:43,40.514,-70.8821,3.7,724.0,-0.028869,-0.000856
NES-LTER_AE2426_ag_202411071321_004m_R1.sb,20241107,13:21:43,40.514,-70.8821,3.7,725.0,-0.03041,-0.000923
NES-LTER_AE2426_ag_202411071321_004m_R1.sb,20241107,13:21:43,40.514,-70.8821,3.7,726.0,-0.032342,-0.001007
NES-LTER_AE2426_ag_202411071321_004m_R1.sb,20241107,13:21:43,40.514,-70.8821,3.7,727.0,-0.034826,-0.001115
NES-LTER_AE2426_ag_202411071321_004m_R1.sb,20241107,13:21:43,40.514,-70.8821,3.7,728.0,-0.03754,-0.001233
NES-LTER_AE2426_ag_202411071321_004m_R1.sb,20241107,13:21:43,40.514,-70.8821,3.7,729.0,-0.041174,-0.001391
NES-LTER_AE2426_ag_202411071321_004m_R1.sb,20241107,13:21:43,40.514,-70.8821,3.7,730.0,-0.044831,-0.00155
NES-LTER_AE2426_ag_202411071321_004m_R1.sb,20241107,13:21:43,40.514,-70.8821,3.7,731.0,-0.048442,-0.001707
NES-LTER_AE2426_ag_202411071321_004m_R1.sb,20241107,13:21:43,40.514,-70.8821,3.7,732.0,-0.051432,-0.001837
NES-LTER_AE2426_ag_202411071321_004m_R1.sb,20241107,13:21:43,40.514,-70.8821,3.7,733.0,-0.053456,-0.001925
NES-LTER_AE2426_ag_202411071321_004m_R1.sb,20241107,13:21:43,40.514,-70.8821,3.7,734.0,-0.054031,-0.00195
NES-LTER_AE2426_ag_202411071321_004m_R1.sb,20241107,13:21:43,40.514,-70.8821,3.7,735.0,-0.053755,-0.001938
NES-LTER_AE2426_ag_202411071321_004m_R1.sb,20241107,13:21:43,40.514,-70.8821,3.7,736.0,-0.052651,-0.00189
NES-LTER_AE2426_ag_202411071321_004m_R1.sb,20241107,13:21:43,40.514,-70.8821,3.7,737.0,-0.050788,-0.001809
NES-LTER_AE2426_ag_202411071321_004m_R1.sb,20241107,13:21:43,40.514,-70.8821,3.7,738.0,-0.047821,-0.00168
NES-LTER_AE2426_ag_202411071321_004m_R1.sb,20241107,13:21:43,40.514,-70.8821,3.7,739.0,-0.044118,-0.001519
NES-LTER_AE2426_ag_202411071321_004m_R1.sb,20241107,13:21:43,40.514,-70.8821,3.7,740.0,-0.040369,-0.001356
NES-LTER_AE2426_ag_202411071321_004m_R1.sb,20241107,13:21:43,40.514,-70.8821,3.7,741.0,-0.036505,-0.001188
NES-LTER_AE2426_ag_202411071321_004m_R1.sb,20241107,13:21:43,40.514,-70.8821,3.7,742.0,-0.033308,-0.001049
NES-LTER_AE2426_ag_202411071321_004m_R1.sb,20241107,13:21:43,40.514,-70.8821,3.7,743.0,-0.029743,-0.000894
NES-LTER_AE2426_ag_202411071321_004m_R1.sb,20241107,13:21:43,40.514,-70.8821,3.7,744.0,-0.026661,-0.00076
NES-LTER_AE2426_ag_202411071321_004m_R1.sb,20241107,13:21:43,40.514,-70.8821,3.7,745.0,-0.023096,-0.000605
NES-LTER_AE2426_ag_202411071321_004m_R1.sb,20241107,13:21:43,40.514,-70.8821,3.7,746.0,-0.020543,-0.000494
NES-LTER_AE2426_ag_202411071321_004m_R1.sb,20241107,13:21:43,40.514,-70.8821,3.7,747.0,-0.01799,-0.000383
NES-LTER_AE2426_ag_202411071321_004m_R1.sb,20241107,13:21:43,40.514,-70.8821,3.7,748.0,-0.015713,-0.000284
NES-LTER_AE2426_ag_202411071321_004m_R1.sb,20241107,13:21:43,40.514,-70.8821,3.7,749.0,-0.013735,-0.000198
NES-LTER_AE2426_ag_202411071321_004m_R1.sb,20241107,13:21:43,40.514,-70.8821,3.7,750.0,-0.011688,-0.000109
NES-LTER_AE2426_ag_202411071321_004m_R1.sb,20241107,13:21:43,40.514,-70.8821,3.7,751.0,-0.010469,-5.6e-05
NES-LTER_AE2426_ag_202411071321_004m_R1.sb,20241107,13:21:43,40.514,-70.8821,3.7,752.0,-0.008951,1e-05
NES-LTER_AE2426_ag_202411071321_004m_R1.sb,20241107,13:21:43,40.514,-70.8821,3.7,753.0,-0.007433,7.6e-05
NES-LTER_AE2426_ag_202411071321_004m_R1.sb,20241107,13:21:43,40.514,-70.8821,3.7,754.0,-0.005662,0.000153
NES-LTER_AE2426_ag_202411071321_004m_R1.sb,20241107,13:21:43,40.514,-70.8821,3.7,755.0,-0.004305,0.000212
NES-LTER_AE2426_ag_202411071321_004m_R1.sb,20241107,13:21:43,40.514,-70.8821,3.7,756.0,-0.003454,0.000249
NES-LTER_AE2426_ag_202411071321_004m_R1.sb,20241107,13:21:43,40.514,-70.8821,3.7,757.0,-0.002741,0.00028
NES-LTER_AE2426_ag_202411071321_004m_R1.sb,20241107,13:21:43,40.514,-70.8821,3.7,758.0,-0.00166,0.000327
NES-LTER_AE2426_ag_202411071321_004m_R1.sb,20241107,13:21:43,40.514,-70.8821,3.7,759.0,-0.000556,0.000375
NES-LTER_AE2426_ag_202411071321_004m_R1.sb,20241107,13:21:43,40.514,-70.8821,3.7,760.0,0.000318,0.000413
NES-LTER_AE2426_ag_202411071321_004m_R1.sb,20241107,13:21:43,40.514,-70.8821,3.7,761.0,0.001146,0.000449
NES-LTER_AE2426_ag_202411071321_004m_R1.sb,20241107,13:21:43,40.514,-70.8821,3.7,762.0,0.001629,0.00047
NES-LTER_AE2426_ag_202411071321_004m_R1.sb,20241107,13:21:43,40.514,-70.8821,3.7,763.0,0.002411,0.000504
NES-LTER_AE2426_ag_202411071321_004m_R1.sb,20241107,13:21:43,40.514,-70.8821,3.7,764.0,0.003009,0.00053
NES-LTER_AE2426_ag_202411071321_004m_R1.sb,20241107,13:21:43,40.514,-70.8821,3.7,765.0,0.004021,0.000574
NES-LTER_AE2426_ag_202411071321_004m_R1.sb,20241107,13:21:43,40.514,-70.8821,3.7,766.0,0.004481,0.000594
NES-LTER_AE2426_ag_202411071321_004m_R1.sb,20241107,13:21:43,40.514,-70.8821,3.7,767.0,0.005194,0.000625
NES-LTER_AE2426_ag_202411071321_004m_R1.sb,20241107,13:21:43,40.514,-70.8821,3.7,768.0,0.005815,0.000652
NES-LTER_AE2426_ag_202411071321_004m_R1.sb,20241107,13:21:43,40.514,-70.8821,3.7,769.0,0.006367,0.000676
NES-LTER_AE2426_ag_202411071321_004m_R1.sb,20241107,13:21:43,40.514,-70.8821,3.7,770.0,0.006873,0.000698
NES-LTER_AE2426_ag_202411071321_004m_R1.sb,20241107,13:21:43,40.514,-70.8821,3.7,771.0,0.006988,0.000703
NES-LTER_AE2426_ag_202411071321_004m_R1.sb,20241107,13:21:43,40.514,-70.8821,3.7,772.0,0.007586,0.000729
NES-LTER_AE2426_ag_202411071321_004m_R1.sb,20241107,13:21:43,40.514,-70.8821,3.7,773.0,0.007839,0.00074
NES-LTER_AE2426_ag_202411071321_004m_R1.sb,20241107,13:21:43,40.514,-70.8821,3.7,774.0,0.00823,0.000757
NES-LTER_AE2426_ag_202411071321_004m_R1.sb,20241107,13:21:43,40.514,-70.8821,3.7,775.0,0.008667,0.000776
NES-LTER_AE2426_ag_202411071321_004m_R1.sb,20241107,13:21:43,40.514,-70.8821,3.7,776.0,0.009242,0.000801
NES-LTER_AE2426_ag_202411071321_004m_R1.sb,20241107,13:21:43,40.514,-70.8821,3.7,777.0,0.009173,0.000798
NES-LTER_AE2426_ag_202411071321_004m_R1.sb,20241107,13:21:43,40.514,-70.8821,3.7,778.0,0.009219,0.0008
NES-LTER_AE2426_ag_202411071321_004m_R1.sb,20241107,13:21:43,40.514,-70.8821,3.7,779.0,0.009265,0.000802
NES-LTER_AE2426_ag_202411071321_004m_R1.sb,20241107,13:21:43,40.514,-70.8821,3.7,780.0,0.009564,0.000815
NES-LTER_AE2426_ag_202411071321_004m_R1.sb,20241107,13:21:43,40.514,-70.8821,3.7,781.0,0.009518,0.000813
NES-LTER_AE2426_ag_202411071321_004m_R1.sb,20241107,13:21:43,40.514,-70.8821,3.7,782.0,0.008851,0.000784
NES-LTER_AE2426_ag_202411071321_004m_R1.sb,20241107,13:21:43,40.514,-70.8821,3.7,783.0,0.00823,0.000757
NES-LTER_AE2426_ag_202411071321_004m_R1.sb,20241107,13:21:43,40.514,-70.8821,3.7,784.0,0.008368,0.000763
NES-LTER_AE2426_ag_202411071321_004m_R1.sb,20241107,13:21:43,40.514,-70.8821,3.7,785.0,0.008529,0.00077
NES-LTER_AE2426_ag_202411071321_004m_R1.sb,20241107,13:21:43,40.514,-70.8821,3.7,786.0,0.008552,0.000771
NES-LTER_AE2426_ag_202411071321_004m_R1.sb,20241107,13:21:43,40.514,-70.8821,3.7,787.0,0.008115,0.000752
NES-LTER_AE2426_ag_202411071321_004m_R1.sb,20241107,13:21:43,40.514,-70.8821,3.7,788.0,0.007356,0.000719
NES-LTER_AE2426_ag_202411071321_004m_R1.sb,20241107,13:21:43,40.514,-70.8821,3.7,789.0,0.007172,0.000711
NES-LTER_AE2426_ag_202411071321_004m_R1.sb,20241107,13:21:43,40.514,-70.8821,3.7,790.0,0.006344,0.000675
NES-LTER_AE2426_ag_202411071321_004m_R1.sb,20241107,13:21:43,40.514,-70.8821,3.7,791.0,0.006367,0.000676
NES-LTER_AE2426_ag_202411071321_004m_R1.sb,20241107,13:21:43,40.514,-70.8821,3.7,792.0,0.00593,0.000657
NES-LTER_AE2426_ag_202411071321_004m_R1.sb,20241107,13:21:43,40.514,-70.8821,3.7,793.0,0.005332,0.000631
NES-LTER_AE2426_ag_202411071321_004m_R1.sb,20241107,13:21:43,40.514,-70.8821,3.7,794.0,0.004412,0.000591
NES-LTER_AE2426_ag_202411071321_004m_R1.sb,20241107,13:21:43,40.514,-70.8821,3.7,795.0,0.003308,0.000543
NES-LTER_AE2426_ag_202411071321_004m_R1.sb,20241107,13:21:43,40.514,-70.8821,3.7,796.0,0.002434,0.000505
NES-LTER_AE2426_ag_202411071321_004m_R1.sb,20241107,13:21:43,40.514,-70.8821,3.7,797.0,0.001675,0.000472
NES-LTER_AE2426_ag_202411071321_004m_R1.sb,20241107,13:21:43,40.514,-70.8821,3.7,798.0,0.000755,0.000432
NES-LTER_AE2426_ag_202411071321_004m_R1.sb,20241107,13:21:43,40.514,-70.8821,3.7,799.0,-0.000165,0.000392
NES-LTER_AE2426_ag_202411071321_004m_R1.sb,20241107,13:21:43,40.514,-70.8821,3.7,800.0,-0.000901,0.00036
NES-LTER_AE2426_ag_202411071321_004m_R1.sb,20241107,13:21:43,40.514,-70.8821,3.7,801.0,-0.001959,0.000314
NES-LTER_AE2426_ag_202411071321_004m_R1.sb,20241107,13:21:43,40.514,-70.8821,3.7,802.0,-0.002971,0.00027
NES-LTER_AE2426_ag_202411071321_004m_R1.sb,20241107,13:21:43,40.514,-70.8821,3.7,803.0,-0.004305,0.000212
NES-LTER_AE2426_ag_202411071321_004m_R1.sb,20241107,13:21:43,40.514,-70.8821,3.7,804.0,-0.005133,0.000176
NES-LTER_AE2426_ag_202411071321_004m_R1.sb,20241107,13:21:43,40.514,-70.8821,3.7,805.0,-0.006651,0.00011
NES-LTER_AE2426_ag_202411071321_004m_R1.sb,20241107,13:21:43,40.514,-70.8821,3.7,806.0,-0.008077,4.8e-05
NES-LTER_AE2426_ag_202411071321_004m_R1.sb,20241107,13:21:43,40.514,-70.8821,3.7,807.0,-0.009595,-1.8e-05
NES-LTER_AE2426_ag_202411071321_004m_R1.sb,20241107,13:21:43,40.514,-70.8821,3.7,808.0,-0.011113,-8.4e-05
NES-LTER_AE2426_ag_202411071321_004m_R1.sb,20241107,13:21:43,40.514,-70.8821,3.7,809.0,-0.012723,-0.000154
NES-LTER_AE2426_ag_202411071321_004m_R1.sb,20241107,13:21:43,40.514,-70.8821,3.7,810.0,-0.014149,-0.000216
NES-LTER_AE2426_ag_202411071321_004m_R1.sb,20241107,13:21:43,40.514,-70.8821,3.7,811.0,-0.015598,-0.000279
NES-LTER_AE2426_ag_202411071321_004m_R1.sb,20241107,13:21:43,40.514,-70.8821,3.7,812.0,-0.017116,-0.000345
NES-LTER_AE2426_ag_202411071321_004m_R1.sb,20241107,13:21:43,40.514,-70.8821,3.7,813.0,-0.018749,-0.000416
NES-LTER_AE2426_ag_202411071321_004m_R1.sb,20241107,13:21:43,40.514,-70.8821,3.7,814.0,-0.019669,-0.000456
NES-LTER_AE2426_ag_202411071321_004m_R1.sb,20241107,13:21:43,40.514,-70.8821,3.7,815.0,-0.020911,-0.00051
NES-LTER_AE2426_ag_202411071321_004m_R1.sb,20241107,13:21:43,40.514,-70.8821,3.7,816.0,-0.021877,-0.000552
NES-LTER_AE2426_ag_202411071321_004m_R1.sb,20241107,13:21:43,40.514,-70.8821,3.7,817.0,-0.023464,-0.000621
NES-LTER_AE2426_ag_202411071321_004m_R1.sb,20241107,13:21:43,40.514,-70.8821,3.7,818.0,-0.025235,-0.000698
NES-LTER_AE2426_ag_202411071321_004m_R1.sb,20241107,13:21:43,40.514,-70.8821,3.7,819.0,-0.026891,-0.00077
NES-LTER_AE2426_ag_202411071321_004m_R1.sb,20241107,13:21:43,40.514,-70.8821,3.7,820.0,-0.028616,-0.000845
NES-LTER_AE2426_ag_202411071321_004m_R1.sb,20241107,13:21:43,40.514,-70.8821,3.7,821.0,-0.030387,-0.000922
NES-LTER_AE2426_ag_202411071321_004m_R1.sb,20241107,13:21:43,40.514,-70.8821,3.7,822.0,-0.033446,-0.001055
NES-LTER_AE2426_ag_202411071321_004m_R1.sb,20241107,13:21:43,40.514,-70.8821,3.7,823.0,-0.037103,-0.001214
NES-LTER_AE2426_ag_202411071321_004m_R1.sb,20241107,13:21:43,40.514,-70.8821,3.7,824.0,-0.041013,-0.001384
NES-LTER_AE2426_ag_202411071321_004m_R1.sb,20241107,13:21:43,40.514,-70.8821,3.7,825.0,-0.045705,-0.001588
NES-LTER_AE2426_ag_202411071321_004m_R1.sb,20241107,13:21:43,40.514,-70.8821,3.7,826.0,-0.050443,-0.001794
NES-LTER_AE2426_ag_202411071321_004m_R1.sb,20241107,13:21:43,40.514,-70.8821,3.7,827.0,-0.056239,-0.002046
NES-LTER_AE2426_ag_202411071321_004m_R1.sb,20241107,13:21:43,40.514,-70.8821,3.7,828.0,-0.061897,-0.002292
NES-LTER_AE2426_ag_202411071321_004m_R1.sb,20241107,13:21:43,40.514,-70.8821,3.7,829.0,-0.06744,-0.002533
NES-LTER_AE2426_ag_202411071321_004m_R1.sb,20241107,13:21:43,40.514,-70.8821,3.7,830.0,-0.071005,-0.002688
NES-LTER_AE2426_ag_202411071321_004m_R1.sb,20241107,13:21:43,40.514,-70.8821,3.7,831.0,-0.073466,-0.002795
NES-LTER_AE2426_ag_202411071321_004m_R1.sb,20241107,13:21:43,40.514,-70.8821,3.7,832.0,-0.074501,-0.00284
NES-LTER_AE2426_ag_202411071321_004m_R1.sb,20241107,13:21:43,40.514,-70.8821,3.7,833.0,-0.074869,-0.002856
NES-LTER_AE2426_ag_202411071321_004m_R1.sb,20241107,13:21:43,40.514,-70.8821,3.7,834.0,-0.072569,-0.002756
NES-LTER_AE2426_ag_202411071321_004m_R1.sb,20241107,13:21:43,40.514,-70.8821,3.7,835.0,-0.069717,-0.002632
NES-LTER_AE2426_ag_202411071321_004m_R1.sb,20241107,13:21:43,40.514,-70.8821,3.7,836.0,-0.065232,-0.002437
NES-LTER_AE2426_ag_202411071321_004m_R1.sb,20241107,13:21:43,40.514,-70.8821,3.7,837.0,-0.06146,-0.002273
NES-LTER_AE2426_ag_202411071321_004m_R1.sb,20241107,13:21:43,40.514,-70.8821,3.7,838.0,-0.05686,-0.002073
NES-LTER_AE2426_ag_202411071321_004m_R1.sb,20241107,13:21:43,40.514,-70.8821,3.7,839.0,-0.053502,-0.001927
NES-LTER_AE2426_ag_202411071321_004m_R1.sb,20241107,13:21:43,40.514,-70.8821,3.7,840.0,-0.050075,-0.001778
NES-LTER_AE2426_ag_202411071321_004m_R1.sb,20241107,13:21:43,40.514,-70.8821,3.7,841.0,-0.047637,-0.001672
NES-LTER_AE2426_ag_202411071321_004m_R1.sb,20241107,13:21:43,40.514,-70.8821,3.7,842.0,-0.044854,-0.001551
NES-LTER_AE2426_ag_202411071321_004m_R1.sb,20241107,13:21:43,40.514,-70.8821,3.7,843.0,-0.042554,-0.001451
NES-LTER_AE2426_ag_202411071321_004m_R1.sb,20241107,13:21:43,40.514,-70.8821,3.7,844.0,-0.039978,-0.001339
NES-LTER_AE2426_ag_202411071321_004m_R1.sb,20241107,13:21:43,40.514,-70.8821,3.7,845.0,-0.038299,-0.001266
NES-LTER_AE2426_ag_202411071321_004m_R1.sb,20241107,13:21:43,40.514,-70.8821,3.7,846.0,-0.037172,-0.001217
NES-LTER_AE2426_ag_202411071321_004m_R1.sb,20241107,13:21:43,40.514,-70.8821,3.7,847.0,-0.036206,-0.001175
NES-LTER_AE2426_ag_202411071321_004m_R1.sb,20241107,13:21:43,40.514,-70.8821,3.7,848.0,-0.034481,-0.0011
NES-LTER_AE2426_ag_202411071321_004m_R1.sb,20241107,13:21:43,40.514,-70.8821,3.7,849.0,-0.032572,-0.001017
NES-LTER_AE2426_ag_202411071321_004m_R1.sb,20241107,13:21:43,40.514,-70.8821,3.7,850.0,-0.030088,-0.000909
NES-LTER_AE2426_ag_202411081114_003m_R1.sb,20241108,11:14:58,39.7694,-70.8881,2.5,300.0,0.37394,0.016329
NES-LTER_AE2426_ag_202411081114_003m_R1.sb,20241108,11:14:58,39.7694,-70.8881,2.5,301.0,0.361014,0.015767
NES-LTER_AE2426_ag_202411081114_003m_R1.sb,20241108,11:14:58,39.7694,-70.8881,2.5,302.0,0.349146,0.015251
NES-LTER_AE2426_ag_202411081114_003m_R1.sb,20241108,11:14:58,39.7694,-70.8881,2.5,303.0,0.337968,0.014765
NES-LTER_AE2426_ag_202411081114_003m_R1.sb,20241108,11:14:58,39.7694,-70.8881,2.5,304.0,0.327825,0.014324
NES-LTER_AE2426_ag_202411081114_003m_R1.sb,20241108,11:14:58,39.7694,-70.8881,2.5,305.0,0.317314,0.013867
NES-LTER_AE2426_ag_202411081114_003m_R1.sb,20241108,11:14:58,39.7694,-70.8881,2.5,306.0,0.30701,0.013419
NES-LTER_AE2426_ag_202411081114_003m_R1.sb,20241108,11:14:58,39.7694,-70.8881,2.5,307.0,0.297511,0.013006
NES-LTER_AE2426_ag_202411081114_003m_R1.sb,20241108,11:14:58,39.7694,-70.8881,2.5,308.0,0.288725,0.012624
NES-LTER_AE2426_ag_202411081114_003m_R1.sb,20241108,11:14:58,39.7694,-70.8881,2.5,309.0,0.280721,0.012276
NES-LTER_AE2426_ag_202411081114_003m_R1.sb,20241108,11:14:58,39.7694,-70.8881,2.5,310.0,0.272786,0.011931
NES-LTER_AE2426_ag_202411081114_003m_R1.sb,20241108,11:14:58,39.7694,-70.8881,2.5,311.0,0.26561,0.011619
NES-LTER_AE2426_ag_202411081114_003m_R1.sb,20241108,11:14:58,39.7694,-70.8881,2.5,312.0,0.258388,0.011305
NES-LTER_AE2426_ag_202411081114_003m_R1.sb,20241108,11:14:58,39.7694,-70.8881,2.5,313.0,0.25158,0.011009
NES-LTER_AE2426_ag_202411081114_003m_R1.sb,20241108,11:14:58,39.7694,-70.8881,2.5,314.0,0.245209,0.010732
NES-LTER_AE2426_ag_202411081114_003m_R1.sb,20241108,11:14:58,39.7694,-70.8881,2.5,315.0,0.239229,0.010472
NES-LTER_AE2426_ag_202411081114_003m_R1.sb,20241108,11:14:58,39.7694,-70.8881,2.5,316.0,0.23341,0.010219
NES-LTER_AE2426_ag_202411081114_003m_R1.sb,20241108,11:14:58,39.7694,-70.8881,2.5,317.0,0.227637,0.009968
NES-LTER_AE2426_ag_202411081114_003m_R1.sb,20241108,11:14:58,39.7694,-70.8881,2.5,318.0,0.221956,0.009721
NES-LTER_AE2426_ag_202411081114_003m_R1.sb,20241108,11:14:58,39.7694,-70.8881,2.5,319.0,0.216574,0.009487
NES-LTER_AE2426_ag_202411081114_003m_R1.sb,20241108,11:14:58,39.7694,-70.8881,2.5,320.0,0.211721,0.009276
NES-LTER_AE2426_ag_202411081114_003m_R1.sb,20241108,11:14:58,39.7694,-70.8881,2.5,321.0,0.207489,0.009092
NES-LTER_AE2426_ag_202411081114_003m_R1.sb,20241108,11:14:58,39.7694,-70.8881,2.5,322.0,0.202843,0.00889
NES-LTER_AE2426_ag_202411081114_003m_R1.sb,20241108,11:14:58,39.7694,-70.8881,2.5,323.0,0.197967,0.008678
NES-LTER_AE2426_ag_202411081114_003m_R1.sb,20241108,11:14:58,39.7694,-70.8881,2.5,324.0,0.193252,0.008473
NES-LTER_AE2426_ag_202411081114_003m_R1.sb,20241108,11:14:58,39.7694,-70.8881,2.5,325.0,0.18925,0.008299
NES-LTER_AE2426_ag_202411081114_003m_R1.sb,20241108,11:14:58,39.7694,-70.8881,2.5,326.0,0.18557,0.008139
NES-LTER_AE2426_ag_202411081114_003m_R1.sb,20241108,11:14:58,39.7694,-70.8881,2.5,327.0,0.181821,0.007976
NES-LTER_AE2426_ag_202411081114_003m_R1.sb,20241108,11:14:58,39.7694,-70.8881,2.5,328.0,0.176945,0.007764
NES-LTER_AE2426_ag_202411081114_003m_R1.sb,20241108,11:14:58,39.7694,-70.8881,2.5,329.0,0.172483,0.00757
NES-LTER_AE2426_ag_202411081114_003m_R1.sb,20241108,11:14:58,39.7694,-70.8881,2.5,330.0,0.168964,0.007417
NES-LTER_AE2426_ag_202411081114_003m_R1.sb,20241108,11:14:58,39.7694,-70.8881,2.5,331.0,0.166158,0.007295
NES-LTER_AE2426_ag_202411081114_003m_R1.sb,20241108,11:14:58,39.7694,-70.8881,2.5,332.0,0.163536,0.007181
NES-LTER_AE2426_ag_202411081114_003m_R1.sb,20241108,11:14:58,39.7694,-70.8881,2.5,333.0,0.159465,0.007004
NES-LTER_AE2426_ag_202411081114_003m_R1.sb,20241108,11:14:58,39.7694,-70.8881,2.5,334.0,0.156567,0.006878
NES-LTER_AE2426_ag_202411081114_003m_R1.sb,20241108,11:14:58,39.7694,-70.8881,2.5,335.0,0.152933,0.00672
NES-LTER_AE2426_ag_202411081114_003m_R1.sb,20241108,11:14:58,39.7694,-70.8881,2.5,336.0,0.149782,0.006583
NES-LTER_AE2426_ag_202411081114_003m_R1.sb,20241108,11:14:58,39.7694,-70.8881,2.5,337.0,0.146608,0.006445
NES-LTER_AE2426_ag_202411081114_003m_R1.sb,20241108,11:14:58,39.7694,-70.8881,2.5,338.0,0.14394,0.006329
NES-LTER_AE2426_ag_202411081114_003m_R1.sb,20241108,11:14:58,39.7694,-70.8881,2.5,339.0,0.141571,0.006226
NES-LTER_AE2426_ag_202411081114_003m_R1.sb,20241108,11:14:58,39.7694,-70.8881,2.5,340.0,0.138581,0.006096
NES-LTER_AE2426_ag_202411081114_003m_R1.sb,20241108,11:14:58,39.7694,-70.8881,2.5,341.0,0.135499,0.005962
NES-LTER_AE2426_ag_202411081114_003m_R1.sb,20241108,11:14:58,39.7694,-70.8881,2.5,342.0,0.1329,0.005849
NES-LTER_AE2426_ag_202411081114_003m_R1.sb,20241108,11:14:58,39.7694,-70.8881,2.5,343.0,0.13037,0.005739
NES-LTER_AE2426_ag_202411081114_003m_R1.sb,20241108,11:14:58,39.7694,-70.8881,2.5,344.0,0.128461,0.005656
NES-LTER_AE2426_ag_202411081114_003m_R1.sb,20241108,11:14:58,39.7694,-70.8881,2.5,345.0,0.125977,0.005548
NES-LTER_AE2426_ag_202411081114_003m_R1.sb,20241108,11:14:58,39.7694,-70.8881,2.5,346.0,0.123861,0.005456
NES-LTER_AE2426_ag_202411081114_003m_R1.sb,20241108,11:14:58,39.7694,-70.8881,2.5,347.0,0.121469,0.005352
NES-LTER_AE2426_ag_202411081114_003m_R1.sb,20241108,11:14:58,39.7694,-70.8881,2.5,348.0,0.119031,0.005246
NES-LTER_AE2426_ag_202411081114_003m_R1.sb,20241108,11:14:58,39.7694,-70.8881,2.5,349.0,0.116823,0.00515
NES-LTER_AE2426_ag_202411081114_003m_R1.sb,20241108,11:14:58,39.7694,-70.8881,2.5,350.0,0.114592,0.005053
NES-LTER_AE2426_ag_202411081114_003m_R1.sb,20241108,11:14:58,39.7694,-70.8881,2.5,351.0,0.113304,0.004997
NES-LTER_AE2426_ag_202411081114_003m_R1.sb,20241108,11:14:58,39.7694,-70.8881,2.5,352.0,0.111395,0.004914
NES-LTER_AE2426_ag_202411081114_003m_R1.sb,20241108,11:14:58,39.7694,-70.8881,2.5,353.0,0.109532,0.004833
NES-LTER_AE2426_ag_202411081114_003m_R1.sb,20241108,11:14:58,39.7694,-70.8881,2.5,354.0,0.1076,0.004749
NES-LTER_AE2426_ag_202411081114_003m_R1.sb,20241108,11:14:58,39.7694,-70.8881,2.5,355.0,0.105898,0.004675
NES-LTER_AE2426_ag_202411081114_003m_R1.sb,20241108,11:14:58,39.7694,-70.8881,2.5,356.0,0.104265,0.004604
NES-LTER_AE2426_ag_202411081114_003m_R1.sb,20241108,11:14:58,39.7694,-70.8881,2.5,357.0,0.102195,0.004514
NES-LTER_AE2426_ag_202411081114_003m_R1.sb,20241108,11:14:58,39.7694,-70.8881,2.5,358.0,0.100263,0.00443
NES-LTER_AE2426_ag_202411081114_003m_R1.sb,20241108,11:14:58,39.7694,-70.8881,2.5,359.0,0.098354,0.004347
NES-LTER_AE2426_ag_202411081114_003m_R1.sb,20241108,11:14:58,39.7694,-70.8881,2.5,360.0,0.096422,0.004263
NES-LTER_AE2426_ag_202411081114_003m_R1.sb,20241108,11:14:58,39.7694,-70.8881,2.5,361.0,0.094697,0.004188
NES-LTER_AE2426_ag_202411081114_003m_R1.sb,20241108,11:14:58,39.7694,-70.8881,2.5,362.0,0.092742,0.004103
NES-LTER_AE2426_ag_202411081114_003m_R1.sb,20241108,11:14:58,39.7694,-70.8881,2.5,363.0,0.091799,0.004062
NES-LTER_AE2426_ag_202411081114_003m_R1.sb,20241108,11:14:58,39.7694,-70.8881,2.5,364.0,0.090143,0.00399
NES-LTER_AE2426_ag_202411081114_003m_R1.sb,20241108,11:14:58,39.7694,-70.8881,2.5,365.0,0.089591,0.003966
NES-LTER_AE2426_ag_202411081114_003m_R1.sb,20241108,11:14:58,39.7694,-70.8881,2.5,366.0,0.087567,0.003878
NES-LTER_AE2426_ag_202411081114_003m_R1.sb,20241108,11:14:58,39.7694,-70.8881,2.5,367.0,0.085842,0.003803
NES-LTER_AE2426_ag_202411081114_003m_R1.sb,20241108,11:14:58,39.7694,-70.8881,2.5,368.0,0.084002,0.003723
NES-LTER_AE2426_ag_202411081114_003m_R1.sb,20241108,11:14:58,39.7694,-70.8881,2.5,369.0,0.08299,0.003679
NES-LTER_AE2426_ag_202411081114_003m_R1.sb,20241108,11:14:58,39.7694,-70.8881,2.5,370.0,0.082369,0.003652
NES-LTER_AE2426_ag_202411081114_003m_R1.sb,20241108,11:14:58,39.7694,-70.8881,2.5,371.0,0.080897,0.003588
NES-LTER_AE2426_ag_202411081114_003m_R1.sb,20241108,11:14:58,39.7694,-70.8881,2.5,372.0,0.078666,0.003491
NES-LTER_AE2426_ag_202411081114_003m_R1.sb,20241108,11:14:58,39.7694,-70.8881,2.5,373.0,0.076228,0.003385
NES-LTER_AE2426_ag_202411081114_003m_R1.sb,20241108,11:14:58,39.7694,-70.8881,2.5,374.0,0.07471,0.003319
NES-LTER_AE2426_ag_202411081114_003m_R1.sb,20241108,11:14:58,39.7694,-70.8881,2.5,375.0,0.073675,0.003274
NES-LTER_AE2426_ag_202411081114_003m_R1.sb,20241108,11:14:58,39.7694,-70.8881,2.5,376.0,0.072318,0.003215
NES-LTER_AE2426_ag_202411081114_003m_R1.sb,20241108,11:14:58,39.7694,-70.8881,2.5,377.0,0.070984,0.003157
NES-LTER_AE2426_ag_202411081114_003m_R1.sb,20241108,11:14:58,39.7694,-70.8881,2.5,378.0,0.069926,0.003111
NES-LTER_AE2426_ag_202411081114_003m_R1.sb,20241108,11:14:58,39.7694,-70.8881,2.5,379.0,0.068937,0.003068
NES-LTER_AE2426_ag_202411081114_003m_R1.sb,20241108,11:14:58,39.7694,-70.8881,2.5,380.0,0.067557,0.003008
NES-LTER_AE2426_ag_202411081114_003m_R1.sb,20241108,11:14:58,39.7694,-70.8881,2.5,381.0,0.066039,0.002942
NES-LTER_AE2426_ag_202411081114_003m_R1.sb,20241108,11:14:58,39.7694,-70.8881,2.5,382.0,0.064613,0.00288
NES-LTER_AE2426_ag_202411081114_003m_R1.sb,20241108,11:14:58,39.7694,-70.8881,2.5,383.0,0.063417,0.002828
NES-LTER_AE2426_ag_202411081114_003m_R1.sb,20241108,11:14:58,39.7694,-70.8881,2.5,384.0,0.062152,0.002773
NES-LTER_AE2426_ag_202411081114_003m_R1.sb,20241108,11:14:58,39.7694,-70.8881,2.5,385.0,0.061554,0.002747
NES-LTER_AE2426_ag_202411081114_003m_R1.sb,20241108,11:14:58,39.7694,-70.8881,2.5,386.0,0.060726,0.002711
NES-LTER_AE2426_ag_202411081114_003m_R1.sb,20241108,11:14:58,39.7694,-70.8881,2.5,387.0,0.060174,0.002687
NES-LTER_AE2426_ag_202411081114_003m_R1.sb,20241108,11:14:58,39.7694,-70.8881,2.5,388.0,0.058886,0.002631
NES-LTER_AE2426_ag_202411081114_003m_R1.sb,20241108,11:14:58,39.7694,-70.8881,2.5,389.0,0.057828,0.002585
NES-LTER_AE2426_ag_202411081114_003m_R1.sb,20241108,11:14:58,39.7694,-70.8881,2.5,390.0,0.05677,0.002539
NES-LTER_AE2426_ag_202411081114_003m_R1.sb,20241108,11:14:58,39.7694,-70.8881,2.5,391.0,0.056264,0.002517
NES-LTER_AE2426_ag_202411081114_003m_R1.sb,20241108,11:14:58,39.7694,-70.8881,2.5,392.0,0.055321,0.002476
NES-LTER_AE2426_ag_202411081114_003m_R1.sb,20241108,11:14:58,39.7694,-70.8881,2.5,393.0,0.054631,0.002446
NES-LTER_AE2426_ag_202411081114_003m_R1.sb,20241108,11:14:58,39.7694,-70.8881,2.5,394.0,0.053757,0.002408
NES-LTER_AE2426_ag_202411081114_003m_R1.sb,20241108,11:14:58,39.7694,-70.8881,2.5,395.0,0.05332,0.002389
NES-LTER_AE2426_ag_202411081114_003m_R1.sb,20241108,11:14:58,39.7694,-70.8881,2.5,396.0,0.052446,0.002351
NES-LTER_AE2426_ag_202411081114_003m_R1.sb,20241108,11:14:58,39.7694,-70.8881,2.5,397.0,0.05171,0.002319
NES-LTER_AE2426_ag_202411081114_003m_R1.sb,20241108,11:14:58,39.7694,-70.8881,2.5,398.0,0.050606,0.002271
NES-LTER_AE2426_ag_202411081114_003m_R1.sb,20241108,11:14:58,39.7694,-70.8881,2.5,399.0,0.050146,0.002251
NES-LTER_AE2426_ag_202411081114_003m_R1.sb,20241108,11:14:58,39.7694,-70.8881,2.5,400.0,0.049272,0.002213
NES-LTER_AE2426_ag_202411081114_003m_R1.sb,20241108,11:14:58,39.7694,-70.8881,2.5,401.0,0.048789,0.002192
NES-LTER_AE2426_ag_202411081114_003m_R1.sb,20241108,11:14:58,39.7694,-70.8881,2.5,402.0,0.04803,0.002159
NES-LTER_AE2426_ag_202411081114_003m_R1.sb,20241108,11:14:58,39.7694,-70.8881,2.5,403.0,0.04757,0.002139
NES-LTER_AE2426_ag_202411081114_003m_R1.sb,20241108,11:14:58,39.7694,-70.8881,2.5,404.0,0.046834,0.002107
NES-LTER_AE2426_ag_202411081114_003m_R1.sb,20241108,11:14:58,39.7694,-70.8881,2.5,405.0,0.045983,0.00207
NES-LTER_AE2426_ag_202411081114_003m_R1.sb,20241108,11:14:58,39.7694,-70.8881,2.5,406.0,0.045408,0.002045
NES-LTER_AE2426_ag_202411081114_003m_R1.sb,20241108,11:14:58,39.7694,-70.8881,2.5,407.0,0.044626,0.002011
NES-LTER_AE2426_ag_202411081114_003m_R1.sb,20241108,11:14:58,39.7694,-70.8881,2.5,408.0,0.044695,0.002014
NES-LTER_AE2426_ag_202411081114_003m_R1.sb,20241108,11:14:58,39.7694,-70.8881,2.5,409.0,0.044212,0.001993
NES-LTER_AE2426_ag_202411081114_003m_R1.sb,20241108,11:14:58,39.7694,-70.8881,2.5,410.0,0.04366,0.001969
NES-LTER_AE2426_ag_202411081114_003m_R1.sb,20241108,11:14:58,39.7694,-70.8881,2.5,411.0,0.042533,0.00192
NES-LTER_AE2426_ag_202411081114_003m_R1.sb,20241108,11:14:58,39.7694,-70.8881,2.5,412.0,0.041889,0.001892
NES-LTER_AE2426_ag_202411081114_003m_R1.sb,20241108,11:14:58,39.7694,-70.8881,2.5,413.0,0.041452,0.001873
NES-LTER_AE2426_ag_202411081114_003m_R1.sb,20241108,11:14:58,39.7694,-70.8881,2.5,414.0,0.040762,0.001843
NES-LTER_AE2426_ag_202411081114_003m_R1.sb,20241108,11:14:58,39.7694,-70.8881,2.5,415.0,0.040049,0.001812
NES-LTER_AE2426_ag_202411081114_003m_R1.sb,20241108,11:14:58,39.7694,-70.8881,2.5,416.0,0.039543,0.00179
NES-LTER_AE2426_ag_202411081114_003m_R1.sb,20241108,11:14:58,39.7694,-70.8881,2.5,417.0,0.038922,0.001763
NES-LTER_AE2426_ag_202411081114_003m_R1.sb,20241108,11:14:58,39.7694,-70.8881,2.5,418.0,0.038554,0.001747
NES-LTER_AE2426_ag_202411081114_003m_R1.sb,20241108,11:14:58,39.7694,-70.8881,2.5,419.0,0.037795,0.001714
NES-LTER_AE2426_ag_202411081114_003m_R1.sb,20241108,11:14:58,39.7694,-70.8881,2.5,420.0,0.037197,0.001688
NES-LTER_AE2426_ag_202411081114_003m_R1.sb,20241108,11:14:58,39.7694,-70.8881,2.5,421.0,0.036254,0.001647
NES-LTER_AE2426_ag_202411081114_003m_R1.sb,20241108,11:14:58,39.7694,-70.8881,2.5,422.0,0.035472,0.001613
NES-LTER_AE2426_ag_202411081114_003m_R1.sb,20241108,11:14:58,39.7694,-70.8881,2.5,423.0,0.035265,0.001604
NES-LTER_AE2426_ag_202411081114_003m_R1.sb,20241108,11:14:58,39.7694,-70.8881,2.5,424.0,0.034207,0.001558
NES-LTER_AE2426_ag_202411081114_003m_R1.sb,20241108,11:14:58,39.7694,-70.8881,2.5,425.0,0.034,0.001549
NES-LTER_AE2426_ag_202411081114_003m_R1.sb,20241108,11:14:58,39.7694,-70.8881,2.5,426.0,0.033563,0.00153
NES-LTER_AE2426_ag_202411081114_003m_R1.sb,20241108,11:14:58,39.7694,-70.8881,2.5,427.0,0.033724,0.001537
NES-LTER_AE2426_ag_202411081114_003m_R1.sb,20241108,11:14:58,39.7694,-70.8881,2.5,428.0,0.033057,0.001508
NES-LTER_AE2426_ag_202411081114_003m_R1.sb,20241108,11:14:58,39.7694,-70.8881,2.5,429.0,0.032367,0.001478
NES-LTER_AE2426_ag_202411081114_003m_R1.sb,20241108,11:14:58,39.7694,-70.8881,2.5,430.0,0.031723,0.00145
NES-LTER_AE2426_ag_202411081114_003m_R1.sb,20241108,11:14:58,39.7694,-70.8881,2.5,431.0,0.031309,0.001432
NES-LTER_AE2426_ag_202411081114_003m_R1.sb,20241108,11:14:58,39.7694,-70.8881,2.5,432.0,0.030826,0.001411
NES-LTER_AE2426_ag_202411081114_003m_R1.sb,20241108,11:14:58,39.7694,-70.8881,2.5,433.0,0.030642,0.001403
NES-LTER_AE2426_ag_202411081114_003m_R1.sb,20241108,11:14:58,39.7694,-70.8881,2.5,434.0,0.030044,0.001377
NES-LTER_AE2426_ag_202411081114_003m_R1.sb,20241108,11:14:58,39.7694,-70.8881,2.5,435.0,0.029308,0.001345
NES-LTER_AE2426_ag_202411081114_003m_R1.sb,20241108,11:14:58,39.7694,-70.8881,2.5,436.0,0.02871,0.001319
NES-LTER_AE2426_ag_202411081114_003m_R1.sb,20241108,11:14:58,39.7694,-70.8881,2.5,437.0,0.028365,0.001304
NES-LTER_AE2426_ag_202411081114_003m_R1.sb,20241108,11:14:58,39.7694,-70.8881,2.5,438.0,0.027905,0.001284
NES-LTER_AE2426_ag_202411081114_003m_R1.sb,20241108,11:14:58,39.7694,-70.8881,2.5,439.0,0.027468,0.001265
NES-LTER_AE2426_ag_202411081114_003m_R1.sb,20241108,11:14:58,39.7694,-70.8881,2.5,440.0,0.026939,0.001242
NES-LTER_AE2426_ag_202411081114_003m_R1.sb,20241108,11:14:58,39.7694,-70.8881,2.5,441.0,0.027031,0.001246
NES-LTER_AE2426_ag_202411081114_003m_R1.sb,20241108,11:14:58,39.7694,-70.8881,2.5,442.0,0.026663,0.00123
NES-LTER_AE2426_ag_202411081114_003m_R1.sb,20241108,11:14:58,39.7694,-70.8881,2.5,443.0,0.026686,0.001231
NES-LTER_AE2426_ag_202411081114_003m_R1.sb,20241108,11:14:58,39.7694,-70.8881,2.5,444.0,0.026341,0.001216
NES-LTER_AE2426_ag_202411081114_003m_R1.sb,20241108,11:14:58,39.7694,-70.8881,2.5,445.0,0.026042,0.001203
NES-LTER_AE2426_ag_202411081114_003m_R1.sb,20241108,11:14:58,39.7694,-70.8881,2.5,446.0,0.025536,0.001181
NES-LTER_AE2426_ag_202411081114_003m_R1.sb,20241108,11:14:58,39.7694,-70.8881,2.5,447.0,0.025306,0.001171
NES-LTER_AE2426_ag_202411081114_003m_R1.sb,20241108,11:14:58,39.7694,-70.8881,2.5,448.0,0.024731,0.001146
NES-LTER_AE2426_ag_202411081114_003m_R1.sb,20241108,11:14:58,39.7694,-70.8881,2.5,449.0,0.024294,0.001127
NES-LTER_AE2426_ag_202411081114_003m_R1.sb,20241108,11:14:58,39.7694,-70.8881,2.5,450.0,0.023351,0.001086
NES-LTER_AE2426_ag_202411081114_003m_R1.sb,20241108,11:14:58,39.7694,-70.8881,2.5,451.0,0.022868,0.001065
NES-LTER_AE2426_ag_202411081114_003m_R1.sb,20241108,11:14:58,39.7694,-70.8881,2.5,452.0,0.022224,0.001037
NES-LTER_AE2426_ag_202411081114_003m_R1.sb,20241108,11:14:58,39.7694,-70.8881,2.5,453.0,0.021971,0.001026
NES-LTER_AE2426_ag_202411081114_003m_R1.sb,20241108,11:14:58,39.7694,-70.8881,2.5,454.0,0.022247,0.001038
NES-LTER_AE2426_ag_202411081114_003m_R1.sb,20241108,11:14:58,39.7694,-70.8881,2.5,455.0,0.022569,0.001052
NES-LTER_AE2426_ag_202411081114_003m_R1.sb,20241108,11:14:58,39.7694,-70.8881,2.5,456.0,0.02273,0.001059
NES-LTER_AE2426_ag_202411081114_003m_R1.sb,20241108,11:14:58,39.7694,-70.8881,2.5,457.0,0.022408,0.001045
NES-LTER_AE2426_ag_202411081114_003m_R1.sb,20241108,11:14:58,39.7694,-70.8881,2.5,458.0,0.022178,0.001035
NES-LTER_AE2426_ag_202411081114_003m_R1.sb,20241108,11:14:58,39.7694,-70.8881,2.5,459.0,0.021511,0.001006
NES-LTER_AE2426_ag_202411081114_003m_R1.sb,20241108,11:14:58,39.7694,-70.8881,2.5,460.0,0.021097,0.000988
NES-LTER_AE2426_ag_202411081114_003m_R1.sb,20241108,11:14:58,39.7694,-70.8881,2.5,461.0,0.020361,0.000956
NES-LTER_AE2426_ag_202411081114_003m_R1.sb,20241108,11:14:58,39.7694,-70.8881,2.5,462.0,0.020269,0.000952
NES-LTER_AE2426_ag_202411081114_003m_R1.sb,20241108,11:14:58,39.7694,-70.8881,2.5,463.0,0.020039,0.000942
NES-LTER_AE2426_ag_202411081114_003m_R1.sb,20241108,11:14:58,39.7694,-70.8881,2.5,464.0,0.020407,0.000958
NES-LTER_AE2426_ag_202411081114_003m_R1.sb,20241108,11:14:58,39.7694,-70.8881,2.5,465.0,0.020154,0.000947
NES-LTER_AE2426_ag_202411081114_003m_R1.sb,20241108,11:14:58,39.7694,-70.8881,2.5,466.0,0.020085,0.000944
NES-LTER_AE2426_ag_202411081114_003m_R1.sb,20241108,11:14:58,39.7694,-70.8881,2.5,467.0,0.019487,0.000918
NES-LTER_AE2426_ag_202411081114_003m_R1.sb,20241108,11:14:58,39.7694,-70.8881,2.5,468.0,0.01928,0.000909
NES-LTER_AE2426_ag_202411081114_003m_R1.sb,20241108,11:14:58,39.7694,-70.8881,2.5,469.0,0.018935,0.000894
NES-LTER_AE2426_ag_202411081114_003m_R1.sb,20241108,11:14:58,39.7694,-70.8881,2.5,470.0,0.018774,0.000887
NES-LTER_AE2426_ag_202411081114_003m_R1.sb,20241108,11:14:58,39.7694,-70.8881,2.5,471.0,0.018521,0.000876
NES-LTER_AE2426_ag_202411081114_003m_R1.sb,20241108,11:14:58,39.7694,-70.8881,2.5,472.0,0.018222,0.000863
NES-LTER_AE2426_ag_202411081114_003m_R1.sb,20241108,11:14:58,39.7694,-70.8881,2.5,473.0,0.018015,0.000854
NES-LTER_AE2426_ag_202411081114_003m_R1.sb,20241108,11:14:58,39.7694,-70.8881,2.5,474.0,0.01767,0.000839
NES-LTER_AE2426_ag_202411081114_003m_R1.sb,20241108,11:14:58,39.7694,-70.8881,2.5,475.0,0.017532,0.000833
NES-LTER_AE2426_ag_202411081114_003m_R1.sb,20241108,11:14:58,39.7694,-70.8881,2.5,476.0,0.017003,0.00081
NES-LTER_AE2426_ag_202411081114_003m_R1.sb,20241108,11:14:58,39.7694,-70.8881,2.5,477.0,0.017049,0.000812
NES-LTER_AE2426_ag_202411081114_003m_R1.sb,20241108,11:14:58,39.7694,-70.8881,2.5,478.0,0.016635,0.000794
NES-LTER_AE2426_ag_202411081114_003m_R1.sb,20241108,11:14:58,39.7694,-70.8881,2.5,479.0,0.016658,0.000795
NES-LTER_AE2426_ag_202411081114_003m_R1.sb,20241108,11:14:58,39.7694,-70.8881,2.5,480.0,0.016451,0.000786
NES-LTER_AE2426_ag_202411081114_003m_R1.sb,20241108,11:14:58,39.7694,-70.8881,2.5,481.0,0.016681,0.000796
NES-LTER_AE2426_ag_202411081114_003m_R1.sb,20241108,11:14:58,39.7694,-70.8881,2.5,482.0,0.016957,0.000808
NES-LTER_AE2426_ag_202411081114_003m_R1.sb,20241108,11:14:58,39.7694,-70.8881,2.5,483.0,0.016934,0.000807
NES-LTER_AE2426_ag_202411081114_003m_R1.sb,20241108,11:14:58,39.7694,-70.8881,2.5,484.0,0.016773,0.0008
NES-LTER_AE2426_ag_202411081114_003m_R1.sb,20241108,11:14:58,39.7694,-70.8881,2.5,485.0,0.016336,0.000781
NES-LTER_AE2426_ag_202411081114_003m_R1.sb,20241108,11:14:58,39.7694,-70.8881,2.5,486.0,0.016014,0.000767
NES-LTER_AE2426_ag_202411081114_003m_R1.sb,20241108,11:14:58,39.7694,-70.8881,2.5,487.0,0.015784,0.000757
NES-LTER_AE2426_ag_202411081114_003m_R1.sb,20241108,11:14:58,39.7694,-70.8881,2.5,488.0,0.015623,0.00075
NES-LTER_AE2426_ag_202411081114_003m_R1.sb,20241108,11:14:58,39.7694,-70.8881,2.5,489.0,0.01537,0.000739
NES-LTER_AE2426_ag_202411081114_003m_R1.sb,20241108,11:14:58,39.7694,-70.8881,2.5,490.0,0.015117,0.000728
NES-LTER_AE2426_ag_202411081114_003m_R1.sb,20241108,11:14:58,39.7694,-70.8881,2.5,491.0,0.014634,0.000707
NES-LTER_AE2426_ag_202411081114_003m_R1.sb,20241108,11:14:58,39.7694,-70.8881,2.5,492.0,0.014312,0.000693
NES-LTER_AE2426_ag_202411081114_003m_R1.sb,20241108,11:14:58,39.7694,-70.8881,2.5,493.0,0.014082,0.000683
NES-LTER_AE2426_ag_202411081114_003m_R1.sb,20241108,11:14:58,39.7694,-70.8881,2.5,494.0,0.014128,0.000685
NES-LTER_AE2426_ag_202411081114_003m_R1.sb,20241108,11:14:58,39.7694,-70.8881,2.5,495.0,0.014312,0.000693
NES-LTER_AE2426_ag_202411081114_003m_R1.sb,20241108,11:14:58,39.7694,-70.8881,2.5,496.0,0.014312,0.000693
NES-LTER_AE2426_ag_202411081114_003m_R1.sb,20241108,11:14:58,39.7694,-70.8881,2.5,497.0,0.014358,0.000695
NES-LTER_AE2426_ag_202411081114_003m_R1.sb,20241108,11:14:58,39.7694,-70.8881,2.5,498.0,0.013944,0.000677
NES-LTER_AE2426_ag_202411081114_003m_R1.sb,20241108,11:14:58,39.7694,-70.8881,2.5,499.0,0.013852,0.000673
NES-LTER_AE2426_ag_202411081114_003m_R1.sb,20241108,11:14:58,39.7694,-70.8881,2.5,500.0,0.01353,0.000659
NES-LTER_AE2426_ag_202411081114_003m_R1.sb,20241108,11:14:58,39.7694,-70.8881,2.5,501.0,0.013323,0.00065
NES-LTER_AE2426_ag_202411081114_003m_R1.sb,20241108,11:14:58,39.7694,-70.8881,2.5,502.0,0.012978,0.000635
NES-LTER_AE2426_ag_202411081114_003m_R1.sb,20241108,11:14:58,39.7694,-70.8881,2.5,503.0,0.012656,0.000621
NES-LTER_AE2426_ag_202411081114_003m_R1.sb,20241108,11:14:58,39.7694,-70.8881,2.5,504.0,0.012449,0.000612
NES-LTER_AE2426_ag_202411081114_003m_R1.sb,20241108,11:14:58,39.7694,-70.8881,2.5,505.0,0.012127,0.000598
NES-LTER_AE2426_ag_202411081114_003m_R1.sb,20241108,11:14:58,39.7694,-70.8881,2.5,506.0,0.012012,0.000593
NES-LTER_AE2426_ag_202411081114_003m_R1.sb,20241108,11:14:58,39.7694,-70.8881,2.5,507.0,0.01215,0.000599
NES-LTER_AE2426_ag_202411081114_003m_R1.sb,20241108,11:14:58,39.7694,-70.8881,2.5,508.0,0.01192,0.000589
NES-LTER_AE2426_ag_202411081114_003m_R1.sb,20241108,11:14:58,39.7694,-70.8881,2.5,509.0,0.011552,0.000573
NES-LTER_AE2426_ag_202411081114_003m_R1.sb,20241108,11:14:58,39.7694,-70.8881,2.5,510.0,0.011046,0.000551
NES-LTER_AE2426_ag_202411081114_003m_R1.sb,20241108,11:14:58,39.7694,-70.8881,2.5,511.0,0.011161,0.000556
NES-LTER_AE2426_ag_202411081114_003m_R1.sb,20241108,11:14:58,39.7694,-70.8881,2.5,512.0,0.010954,0.000547
NES-LTER_AE2426_ag_202411081114_003m_R1.sb,20241108,11:14:58,39.7694,-70.8881,2.5,513.0,0.010747,0.000538
NES-LTER_AE2426_ag_202411081114_003m_R1.sb,20241108,11:14:58,39.7694,-70.8881,2.5,514.0,0.010563,0.00053
NES-LTER_AE2426_ag_202411081114_003m_R1.sb,20241108,11:14:58,39.7694,-70.8881,2.5,515.0,0.010885,0.000544
NES-LTER_AE2426_ag_202411081114_003m_R1.sb,20241108,11:14:58,39.7694,-70.8881,2.5,516.0,0.010885,0.000544
NES-LTER_AE2426_ag_202411081114_003m_R1.sb,20241108,11:14:58,39.7694,-70.8881,2.5,517.0,0.010448,0.000525
NES-LTER_AE2426_ag_202411081114_003m_R1.sb,20241108,11:14:58,39.7694,-70.8881,2.5,518.0,0.010218,0.000515
NES-LTER_AE2426_ag_202411081114_003m_R1.sb,20241108,11:14:58,39.7694,-70.8881,2.5,519.0,0.009643,0.00049
NES-LTER_AE2426_ag_202411081114_003m_R1.sb,20241108,11:14:58,39.7694,-70.8881,2.5,520.0,0.009781,0.000496
NES-LTER_AE2426_ag_202411081114_003m_R1.sb,20241108,11:14:58,39.7694,-70.8881,2.5,521.0,0.009436,0.000481
NES-LTER_AE2426_ag_202411081114_003m_R1.sb,20241108,11:14:58,39.7694,-70.8881,2.5,522.0,0.009643,0.00049
NES-LTER_AE2426_ag_202411081114_003m_R1.sb,20241108,11:14:58,39.7694,-70.8881,2.5,523.0,0.009298,0.000475
NES-LTER_AE2426_ag_202411081114_003m_R1.sb,20241108,11:14:58,39.7694,-70.8881,2.5,524.0,0.009275,0.000474
NES-LTER_AE2426_ag_202411081114_003m_R1.sb,20241108,11:14:58,39.7694,-70.8881,2.5,525.0,0.009068,0.000465
NES-LTER_AE2426_ag_202411081114_003m_R1.sb,20241108,11:14:58,39.7694,-70.8881,2.5,526.0,0.008884,0.000457
NES-LTER_AE2426_ag_202411081114_003m_R1.sb,20241108,11:14:58,39.7694,-70.8881,2.5,527.0,0.008401,0.000436
NES-LTER_AE2426_ag_202411081114_003m_R1.sb,20241108,11:14:58,39.7694,-70.8881,2.5,528.0,0.008401,0.000436
NES-LTER_AE2426_ag_202411081114_003m_R1.sb,20241108,11:14:58,39.7694,-70.8881,2.5,529.0,0.007849,0.000412
NES-LTER_AE2426_ag_202411081114_003m_R1.sb,20241108,11:14:58,39.7694,-70.8881,2.5,530.0,0.007918,0.000415
NES-LTER_AE2426_ag_202411081114_003m_R1.sb,20241108,11:14:58,39.7694,-70.8881,2.5,531.0,0.007872,0.000413
NES-LTER_AE2426_ag_202411081114_003m_R1.sb,20241108,11:14:58,39.7694,-70.8881,2.5,532.0,0.008217,0.000428
NES-LTER_AE2426_ag_202411081114_003m_R1.sb,20241108,11:14:58,39.7694,-70.8881,2.5,533.0,0.00801,0.000419
NES-LTER_AE2426_ag_202411081114_003m_R1.sb,20241108,11:14:58,39.7694,-70.8881,2.5,534.0,0.007711,0.000406
NES-LTER_AE2426_ag_202411081114_003m_R1.sb,20241108,11:14:58,39.7694,-70.8881,2.5,535.0,0.007573,0.0004
NES-LTER_AE2426_ag_202411081114_003m_R1.sb,20241108,11:14:58,39.7694,-70.8881,2.5,536.0,0.007803,0.00041
NES-LTER_AE2426_ag_202411081114_003m_R1.sb,20241108,11:14:58,39.7694,-70.8881,2.5,537.0,0.007665,0.000404
NES-LTER_AE2426_ag_202411081114_003m_R1.sb,20241108,11:14:58,39.7694,-70.8881,2.5,538.0,0.007665,0.000404
NES-LTER_AE2426_ag_202411081114_003m_R1.sb,20241108,11:14:58,39.7694,-70.8881,2.5,539.0,0.007458,0.000395
NES-LTER_AE2426_ag_202411081114_003m_R1.sb,20241108,11:14:58,39.7694,-70.8881,2.5,540.0,0.007412,0.000393
NES-LTER_AE2426_ag_202411081114_003m_R1.sb,20241108,11:14:58,39.7694,-70.8881,2.5,541.0,0.006906,0.000371
NES-LTER_AE2426_ag_202411081114_003m_R1.sb,20241108,11:14:58,39.7694,-70.8881,2.5,542.0,0.00663,0.000359
NES-LTER_AE2426_ag_202411081114_003m_R1.sb,20241108,11:14:58,39.7694,-70.8881,2.5,543.0,0.006791,0.000366
NES-LTER_AE2426_ag_202411081114_003m_R1.sb,20241108,11:14:58,39.7694,-70.8881,2.5,544.0,0.006906,0.000371
NES-LTER_AE2426_ag_202411081114_003m_R1.sb,20241108,11:14:58,39.7694,-70.8881,2.5,545.0,0.006584,0.000357
NES-LTER_AE2426_ag_202411081114_003m_R1.sb,20241108,11:14:58,39.7694,-70.8881,2.5,546.0,0.006147,0.000338
NES-LTER_AE2426_ag_202411081114_003m_R1.sb,20241108,11:14:58,39.7694,-70.8881,2.5,547.0,0.005871,0.000326
NES-LTER_AE2426_ag_202411081114_003m_R1.sb,20241108,11:14:58,39.7694,-70.8881,2.5,548.0,0.005733,0.00032
NES-LTER_AE2426_ag_202411081114_003m_R1.sb,20241108,11:14:58,39.7694,-70.8881,2.5,549.0,0.006009,0.000332
NES-LTER_AE2426_ag_202411081114_003m_R1.sb,20241108,11:14:58,39.7694,-70.8881,2.5,550.0,0.006216,0.000341
NES-LTER_AE2426_ag_202411081114_003m_R1.sb,20241108,11:14:58,39.7694,-70.8881,2.5,551.0,0.006331,0.000346
NES-LTER_AE2426_ag_202411081114_003m_R1.sb,20241108,11:14:58,39.7694,-70.8881,2.5,552.0,0.006055,0.000334
NES-LTER_AE2426_ag_202411081114_003m_R1.sb,20241108,11:14:58,39.7694,-70.8881,2.5,553.0,0.006032,0.000333
NES-LTER_AE2426_ag_202411081114_003m_R1.sb,20241108,11:14:58,39.7694,-70.8881,2.5,554.0,0.005963,0.00033
NES-LTER_AE2426_ag_202411081114_003m_R1.sb,20241108,11:14:58,39.7694,-70.8881,2.5,555.0,0.005779,0.000322
NES-LTER_AE2426_ag_202411081114_003m_R1.sb,20241108,11:14:58,39.7694,-70.8881,2.5,556.0,0.005526,0.000311
NES-LTER_AE2426_ag_202411081114_003m_R1.sb,20241108,11:14:58,39.7694,-70.8881,2.5,557.0,0.005664,0.000317
NES-LTER_AE2426_ag_202411081114_003m_R1.sb,20241108,11:14:58,39.7694,-70.8881,2.5,558.0,0.005641,0.000316
NES-LTER_AE2426_ag_202411081114_003m_R1.sb,20241108,11:14:58,39.7694,-70.8881,2.5,559.0,0.005641,0.000316
NES-LTER_AE2426_ag_202411081114_003m_R1.sb,20241108,11:14:58,39.7694,-70.8881,2.5,560.0,0.005457,0.000308
NES-LTER_AE2426_ag_202411081114_003m_R1.sb,20241108,11:14:58,39.7694,-70.8881,2.5,561.0,0.005434,0.000307
NES-LTER_AE2426_ag_202411081114_003m_R1.sb,20241108,11:14:58,39.7694,-70.8881,2.5,562.0,0.005365,0.000304
NES-LTER_AE2426_ag_202411081114_003m_R1.sb,20241108,11:14:58,39.7694,-70.8881,2.5,563.0,0.00502,0.000289
NES-LTER_AE2426_ag_202411081114_003m_R1.sb,20241108,11:14:58,39.7694,-70.8881,2.5,564.0,0.004744,0.000277
NES-LTER_AE2426_ag_202411081114_003m_R1.sb,20241108,11:14:58,39.7694,-70.8881,2.5,565.0,0.004721,0.000276
NES-LTER_AE2426_ag_202411081114_003m_R1.sb,20241108,11:14:58,39.7694,-70.8881,2.5,566.0,0.004928,0.000285
NES-LTER_AE2426_ag_202411081114_003m_R1.sb,20241108,11:14:58,39.7694,-70.8881,2.5,567.0,0.004537,0.000268
NES-LTER_AE2426_ag_202411081114_003m_R1.sb,20241108,11:14:58,39.7694,-70.8881,2.5,568.0,0.004192,0.000253
NES-LTER_AE2426_ag_202411081114_003m_R1.sb,20241108,11:14:58,39.7694,-70.8881,2.5,569.0,0.004008,0.000245
NES-LTER_AE2426_ag_202411081114_003m_R1.sb,20241108,11:14:58,39.7694,-70.8881,2.5,570.0,0.004031,0.000246
NES-LTER_AE2426_ag_202411081114_003m_R1.sb,20241108,11:14:58,39.7694,-70.8881,2.5,571.0,0.0041,0.000249
NES-LTER_AE2426_ag_202411081114_003m_R1.sb,20241108,11:14:58,39.7694,-70.8881,2.5,572.0,0.0041,0.000249
NES-LTER_AE2426_ag_202411081114_003m_R1.sb,20241108,11:14:58,39.7694,-70.8881,2.5,573.0,0.004606,0.000271
NES-LTER_AE2426_ag_202411081114_003m_R1.sb,20241108,11:14:58,39.7694,-70.8881,2.5,574.0,0.004721,0.000276
NES-LTER_AE2426_ag_202411081114_003m_R1.sb,20241108,11:14:58,39.7694,-70.8881,2.5,575.0,0.004721,0.000276
NES-LTER_AE2426_ag_202411081114_003m_R1.sb,20241108,11:14:58,39.7694,-70.8881,2.5,576.0,0.004491,0.000266
NES-LTER_AE2426_ag_202411081114_003m_R1.sb,20241108,11:14:58,39.7694,-70.8881,2.5,577.0,0.004353,0.00026
NES-LTER_AE2426_ag_202411081114_003m_R1.sb,20241108,11:14:58,39.7694,-70.8881,2.5,578.0,0.004399,0.000262
NES-LTER_AE2426_ag_202411081114_003m_R1.sb,20241108,11:14:58,39.7694,-70.8881,2.5,579.0,0.004606,0.000271
NES-LTER_AE2426_ag_202411081114_003m_R1.sb,20241108,11:14:58,39.7694,-70.8881,2.5,580.0,0.004399,0.000262
NES-LTER_AE2426_ag_202411081114_003m_R1.sb,20241108,11:14:58,39.7694,-70.8881,2.5,581.0,0.004077,0.000248
NES-LTER_AE2426_ag_202411081114_003m_R1.sb,20241108,11:14:58,39.7694,-70.8881,2.5,582.0,0.003548,0.000225
NES-LTER_AE2426_ag_202411081114_003m_R1.sb,20241108,11:14:58,39.7694,-70.8881,2.5,583.0,0.003387,0.000218
NES-LTER_AE2426_ag_202411081114_003m_R1.sb,20241108,11:14:58,39.7694,-70.8881,2.5,584.0,0.003203,0.00021
NES-LTER_AE2426_ag_202411081114_003m_R1.sb,20241108,11:14:58,39.7694,-70.8881,2.5,585.0,0.002904,0.000197
NES-LTER_AE2426_ag_202411081114_003m_R1.sb,20241108,11:14:58,39.7694,-70.8881,2.5,586.0,0.003019,0.000202
NES-LTER_AE2426_ag_202411081114_003m_R1.sb,20241108,11:14:58,39.7694,-70.8881,2.5,587.0,0.00295,0.000199
NES-LTER_AE2426_ag_202411081114_003m_R1.sb,20241108,11:14:58,39.7694,-70.8881,2.5,588.0,0.003203,0.00021
NES-LTER_AE2426_ag_202411081114_003m_R1.sb,20241108,11:14:58,39.7694,-70.8881,2.5,589.0,0.00318,0.000209
NES-LTER_AE2426_ag_202411081114_003m_R1.sb,20241108,11:14:58,39.7694,-70.8881,2.5,590.0,0.002881,0.000196
NES-LTER_AE2426_ag_202411081114_003m_R1.sb,20241108,11:14:58,39.7694,-70.8881,2.5,591.0,0.002651,0.000186
NES-LTER_AE2426_ag_202411081114_003m_R1.sb,20241108,11:14:58,39.7694,-70.8881,2.5,592.0,0.002398,0.000175
NES-LTER_AE2426_ag_202411081114_003m_R1.sb,20241108,11:14:58,39.7694,-70.8881,2.5,593.0,0.002904,0.000197
NES-LTER_AE2426_ag_202411081114_003m_R1.sb,20241108,11:14:58,39.7694,-70.8881,2.5,594.0,0.002697,0.000188
NES-LTER_AE2426_ag_202411081114_003m_R1.sb,20241108,11:14:58,39.7694,-70.8881,2.5,595.0,0.00249,0.000179
NES-LTER_AE2426_ag_202411081114_003m_R1.sb,20241108,11:14:58,39.7694,-70.8881,2.5,596.0,0.001823,0.00015
NES-LTER_AE2426_ag_202411081114_003m_R1.sb,20241108,11:14:58,39.7694,-70.8881,2.5,597.0,0.001662,0.000143
NES-LTER_AE2426_ag_202411081114_003m_R1.sb,20241108,11:14:58,39.7694,-70.8881,2.5,598.0,0.001455,0.000134
NES-LTER_AE2426_ag_202411081114_003m_R1.sb,20241108,11:14:58,39.7694,-70.8881,2.5,599.0,0.001547,0.000138
NES-LTER_AE2426_ag_202411081114_003m_R1.sb,20241108,11:14:58,39.7694,-70.8881,2.5,600.0,0.002007,0.000158
NES-LTER_AE2426_ag_202411081114_003m_R1.sb,20241108,11:14:58,39.7694,-70.8881,2.5,601.0,0.001823,0.00015
NES-LTER_AE2426_ag_202411081114_003m_R1.sb,20241108,11:14:58,39.7694,-70.8881,2.5,602.0,0.001869,0.000152
NES-LTER_AE2426_ag_202411081114_003m_R1.sb,20241108,11:14:58,39.7694,-70.8881,2.5,603.0,0.001616,0.000141
NES-LTER_AE2426_ag_202411081114_003m_R1.sb,20241108,11:14:58,39.7694,-70.8881,2.5,604.0,0.002076,0.000161
NES-LTER_AE2426_ag_202411081114_003m_R1.sb,20241108,11:14:58,39.7694,-70.8881,2.5,605.0,0.002536,0.000181
NES-LTER_AE2426_ag_202411081114_003m_R1.sb,20241108,11:14:58,39.7694,-70.8881,2.5,606.0,0.003042,0.000203
NES-LTER_AE2426_ag_202411081114_003m_R1.sb,20241108,11:14:58,39.7694,-70.8881,2.5,607.0,0.003479,0.000222
NES-LTER_AE2426_ag_202411081114_003m_R1.sb,20241108,11:14:58,39.7694,-70.8881,2.5,608.0,0.003502,0.000223
NES-LTER_AE2426_ag_202411081114_003m_R1.sb,20241108,11:14:58,39.7694,-70.8881,2.5,609.0,0.003479,0.000222
NES-LTER_AE2426_ag_202411081114_003m_R1.sb,20241108,11:14:58,39.7694,-70.8881,2.5,610.0,0.003364,0.000217
NES-LTER_AE2426_ag_202411081114_003m_R1.sb,20241108,11:14:58,39.7694,-70.8881,2.5,611.0,0.003387,0.000218
NES-LTER_AE2426_ag_202411081114_003m_R1.sb,20241108,11:14:58,39.7694,-70.8881,2.5,612.0,0.003686,0.000231
NES-LTER_AE2426_ag_202411081114_003m_R1.sb,20241108,11:14:58,39.7694,-70.8881,2.5,613.0,0.003893,0.00024
NES-LTER_AE2426_ag_202411081114_003m_R1.sb,20241108,11:14:58,39.7694,-70.8881,2.5,614.0,0.004606,0.000271
NES-LTER_AE2426_ag_202411081114_003m_R1.sb,20241108,11:14:58,39.7694,-70.8881,2.5,615.0,0.00433,0.000259
NES-LTER_AE2426_ag_202411081114_003m_R1.sb,20241108,11:14:58,39.7694,-70.8881,2.5,616.0,0.004491,0.000266
NES-LTER_AE2426_ag_202411081114_003m_R1.sb,20241108,11:14:58,39.7694,-70.8881,2.5,617.0,0.004054,0.000247
NES-LTER_AE2426_ag_202411081114_003m_R1.sb,20241108,11:14:58,39.7694,-70.8881,2.5,618.0,0.003985,0.000244
NES-LTER_AE2426_ag_202411081114_003m_R1.sb,20241108,11:14:58,39.7694,-70.8881,2.5,619.0,0.003778,0.000235
NES-LTER_AE2426_ag_202411081114_003m_R1.sb,20241108,11:14:58,39.7694,-70.8881,2.5,620.0,0.003824,0.000237
NES-LTER_AE2426_ag_202411081114_003m_R1.sb,20241108,11:14:58,39.7694,-70.8881,2.5,621.0,0.004123,0.00025
NES-LTER_AE2426_ag_202411081114_003m_R1.sb,20241108,11:14:58,39.7694,-70.8881,2.5,622.0,0.004284,0.000257
NES-LTER_AE2426_ag_202411081114_003m_R1.sb,20241108,11:14:58,39.7694,-70.8881,2.5,623.0,0.004215,0.000254
NES-LTER_AE2426_ag_202411081114_003m_R1.sb,20241108,11:14:58,39.7694,-70.8881,2.5,624.0,0.004054,0.000247
NES-LTER_AE2426_ag_202411081114_003m_R1.sb,20241108,11:14:58,39.7694,-70.8881,2.5,625.0,0.003939,0.000242
NES-LTER_AE2426_ag_202411081114_003m_R1.sb,20241108,11:14:58,39.7694,-70.8881,2.5,626.0,0.004169,0.000252
NES-LTER_AE2426_ag_202411081114_003m_R1.sb,20241108,11:14:58,39.7694,-70.8881,2.5,627.0,0.004261,0.000256
NES-LTER_AE2426_ag_202411081114_003m_R1.sb,20241108,11:14:58,39.7694,-70.8881,2.5,628.0,0.004422,0.000263
NES-LTER_AE2426_ag_202411081114_003m_R1.sb,20241108,11:14:58,39.7694,-70.8881,2.5,629.0,0.004123,0.00025
NES-LTER_AE2426_ag_202411081114_003m_R1.sb,20241108,11:14:58,39.7694,-70.8881,2.5,630.0,0.003962,0.000243
NES-LTER_AE2426_ag_202411081114_003m_R1.sb,20241108,11:14:58,39.7694,-70.8881,2.5,631.0,0.003801,0.000236
NES-LTER_AE2426_ag_202411081114_003m_R1.sb,20241108,11:14:58,39.7694,-70.8881,2.5,632.0,0.003341,0.000216
NES-LTER_AE2426_ag_202411081114_003m_R1.sb,20241108,11:14:58,39.7694,-70.8881,2.5,633.0,0.003042,0.000203
NES-LTER_AE2426_ag_202411081114_003m_R1.sb,20241108,11:14:58,39.7694,-70.8881,2.5,634.0,0.002812,0.000193
NES-LTER_AE2426_ag_202411081114_003m_R1.sb,20241108,11:14:58,39.7694,-70.8881,2.5,635.0,0.002881,0.000196
NES-LTER_AE2426_ag_202411081114_003m_R1.sb,20241108,11:14:58,39.7694,-70.8881,2.5,636.0,0.003019,0.000202
NES-LTER_AE2426_ag_202411081114_003m_R1.sb,20241108,11:14:58,39.7694,-70.8881,2.5,637.0,0.003134,0.000207
NES-LTER_AE2426_ag_202411081114_003m_R1.sb,20241108,11:14:58,39.7694,-70.8881,2.5,638.0,0.003111,0.000206
NES-LTER_AE2426_ag_202411081114_003m_R1.sb,20241108,11:14:58,39.7694,-70.8881,2.5,639.0,0.002628,0.000185
NES-LTER_AE2426_ag_202411081114_003m_R1.sb,20241108,11:14:58,39.7694,-70.8881,2.5,640.0,0.002214,0.000167
NES-LTER_AE2426_ag_202411081114_003m_R1.sb,20241108,11:14:58,39.7694,-70.8881,2.5,641.0,0.001915,0.000154
NES-LTER_AE2426_ag_202411081114_003m_R1.sb,20241108,11:14:58,39.7694,-70.8881,2.5,642.0,0.002214,0.000167
NES-LTER_AE2426_ag_202411081114_003m_R1.sb,20241108,11:14:58,39.7694,-70.8881,2.5,643.0,0.00226,0.000169
NES-LTER_AE2426_ag_202411081114_003m_R1.sb,20241108,11:14:58,39.7694,-70.8881,2.5,644.0,0.002352,0.000173
NES-LTER_AE2426_ag_202411081114_003m_R1.sb,20241108,11:14:58,39.7694,-70.8881,2.5,645.0,0.002605,0.000184
NES-LTER_AE2426_ag_202411081114_003m_R1.sb,20241108,11:14:58,39.7694,-70.8881,2.5,646.0,0.002674,0.000187
NES-LTER_AE2426_ag_202411081114_003m_R1.sb,20241108,11:14:58,39.7694,-70.8881,2.5,647.0,0.002789,0.000192
NES-LTER_AE2426_ag_202411081114_003m_R1.sb,20241108,11:14:58,39.7694,-70.8881,2.5,648.0,0.002352,0.000173
NES-LTER_AE2426_ag_202411081114_003m_R1.sb,20241108,11:14:58,39.7694,-70.8881,2.5,649.0,0.002306,0.000171
NES-LTER_AE2426_ag_202411081114_003m_R1.sb,20241108,11:14:58,39.7694,-70.8881,2.5,650.0,0.002191,0.000166
NES-LTER_AE2426_ag_202411081114_003m_R1.sb,20241108,11:14:58,39.7694,-70.8881,2.5,651.0,0.00203,0.000159
NES-LTER_AE2426_ag_202411081114_003m_R1.sb,20241108,11:14:58,39.7694,-70.8881,2.5,652.0,0.001662,0.000143
NES-LTER_AE2426_ag_202411081114_003m_R1.sb,20241108,11:14:58,39.7694,-70.8881,2.5,653.0,0.001294,0.000127
NES-LTER_AE2426_ag_202411081114_003m_R1.sb,20241108,11:14:58,39.7694,-70.8881,2.5,654.0,0.001179,0.000122
NES-LTER_AE2426_ag_202411081114_003m_R1.sb,20241108,11:14:58,39.7694,-70.8881,2.5,655.0,0.000604,9.7e-05
NES-LTER_AE2426_ag_202411081114_003m_R1.sb,20241108,11:14:58,39.7694,-70.8881,2.5,656.0,7.5e-05,7.4e-05
NES-LTER_AE2426_ag_202411081114_003m_R1.sb,20241108,11:14:58,39.7694,-70.8881,2.5,657.0,-0.000109,6.6e-05
NES-LTER_AE2426_ag_202411081114_003m_R1.sb,20241108,11:14:58,39.7694,-70.8881,2.5,658.0,5.2e-05,7.3e-05
NES-LTER_AE2426_ag_202411081114_003m_R1.sb,20241108,11:14:58,39.7694,-70.8881,2.5,659.0,0.000213,8e-05
NES-LTER_AE2426_ag_202411081114_003m_R1.sb,20241108,11:14:58,39.7694,-70.8881,2.5,660.0,-1.7e-05,7e-05
NES-LTER_AE2426_ag_202411081114_003m_R1.sb,20241108,11:14:58,39.7694,-70.8881,2.5,661.0,-0.000224,6.1e-05
NES-LTER_AE2426_ag_202411081114_003m_R1.sb,20241108,11:14:58,39.7694,-70.8881,2.5,662.0,-0.000339,5.6e-05
NES-LTER_AE2426_ag_202411081114_003m_R1.sb,20241108,11:14:58,39.7694,-70.8881,2.5,663.0,-0.000293,5.8e-05
NES-LTER_AE2426_ag_202411081114_003m_R1.sb,20241108,11:14:58,39.7694,-70.8881,2.5,664.0,-0.000132,6.5e-05
NES-LTER_AE2426_ag_202411081114_003m_R1.sb,20241108,11:14:58,39.7694,-70.8881,2.5,665.0,-4e-05,6.9e-05
NES-LTER_AE2426_ag_202411081114_003m_R1.sb,20241108,11:14:58,39.7694,-70.8881,2.5,666.0,0.000121,7.6e-05
NES-LTER_AE2426_ag_202411081114_003m_R1.sb,20241108,11:14:58,39.7694,-70.8881,2.5,667.0,0.000328,8.5e-05
NES-LTER_AE2426_ag_202411081114_003m_R1.sb,20241108,11:14:58,39.7694,-70.8881,2.5,668.0,0.000305,8.4e-05
NES-LTER_AE2426_ag_202411081114_003m_R1.sb,20241108,11:14:58,39.7694,-70.8881,2.5,669.0,0.000236,8.1e-05
NES-LTER_AE2426_ag_202411081114_003m_R1.sb,20241108,11:14:58,39.7694,-70.8881,2.5,670.0,5.2e-05,7.3e-05
NES-LTER_AE2426_ag_202411081114_003m_R1.sb,20241108,11:14:58,39.7694,-70.8881,2.5,671.0,0.000512,9.3e-05
NES-LTER_AE2426_ag_202411081114_003m_R1.sb,20241108,11:14:58,39.7694,-70.8881,2.5,672.0,0.000489,9.2e-05
NES-LTER_AE2426_ag_202411081114_003m_R1.sb,20241108,11:14:58,39.7694,-70.8881,2.5,673.0,0.000627,9.8e-05
NES-LTER_AE2426_ag_202411081114_003m_R1.sb,20241108,11:14:58,39.7694,-70.8881,2.5,674.0,0.000259,8.2e-05
NES-LTER_AE2426_ag_202411081114_003m_R1.sb,20241108,11:14:58,39.7694,-70.8881,2.5,675.0,-6.3e-05,6.8e-05
NES-LTER_AE2426_ag_202411081114_003m_R1.sb,20241108,11:14:58,39.7694,-70.8881,2.5,676.0,-0.000385,5.4e-05
NES-LTER_AE2426_ag_202411081114_003m_R1.sb,20241108,11:14:58,39.7694,-70.8881,2.5,677.0,-0.000385,5.4e-05
NES-LTER_AE2426_ag_202411081114_003m_R1.sb,20241108,11:14:58,39.7694,-70.8881,2.5,678.0,-0.000684,4.1e-05
NES-LTER_AE2426_ag_202411081114_003m_R1.sb,20241108,11:14:58,39.7694,-70.8881,2.5,679.0,-0.000845,3.4e-05
NES-LTER_AE2426_ag_202411081114_003m_R1.sb,20241108,11:14:58,39.7694,-70.8881,2.5,680.0,-0.001213,1.8e-05
NES-LTER_AE2426_ag_202411081114_003m_R1.sb,20241108,11:14:58,39.7694,-70.8881,2.5,681.0,-0.001282,1.5e-05
NES-LTER_AE2426_ag_202411081114_003m_R1.sb,20241108,11:14:58,39.7694,-70.8881,2.5,682.0,-0.001512,5e-06
NES-LTER_AE2426_ag_202411081114_003m_R1.sb,20241108,11:14:58,39.7694,-70.8881,2.5,683.0,-0.001512,5e-06
NES-LTER_AE2426_ag_202411081114_003m_R1.sb,20241108,11:14:58,39.7694,-70.8881,2.5,684.0,-0.00142,9e-06
NES-LTER_AE2426_ag_202411081114_003m_R1.sb,20241108,11:14:58,39.7694,-70.8881,2.5,685.0,-0.00188,-1.1e-05
NES-LTER_AE2426_ag_202411081114_003m_R1.sb,20241108,11:14:58,39.7694,-70.8881,2.5,686.0,-0.002639,-4.4e-05
NES-LTER_AE2426_ag_202411081114_003m_R1.sb,20241108,11:14:58,39.7694,-70.8881,2.5,687.0,-0.003398,-7.7e-05
NES-LTER_AE2426_ag_202411081114_003m_R1.sb,20241108,11:14:58,39.7694,-70.8881,2.5,688.0,-0.003743,-9.2e-05
NES-LTER_AE2426_ag_202411081114_003m_R1.sb,20241108,11:14:58,39.7694,-70.8881,2.5,689.0,-0.004065,-0.000106
NES-LTER_AE2426_ag_202411081114_003m_R1.sb,20241108,11:14:58,39.7694,-70.8881,2.5,690.0,-0.00441,-0.000121
NES-LTER_AE2426_ag_202411081114_003m_R1.sb,20241108,11:14:58,39.7694,-70.8881,2.5,691.0,-0.004663,-0.000132
NES-LTER_AE2426_ag_202411081114_003m_R1.sb,20241108,11:14:58,39.7694,-70.8881,2.5,692.0,-0.004824,-0.000139
NES-LTER_AE2426_ag_202411081114_003m_R1.sb,20241108,11:14:58,39.7694,-70.8881,2.5,693.0,-0.005307,-0.00016
NES-LTER_AE2426_ag_202411081114_003m_R1.sb,20241108,11:14:58,39.7694,-70.8881,2.5,694.0,-0.006296,-0.000203
NES-LTER_AE2426_ag_202411081114_003m_R1.sb,20241108,11:14:58,39.7694,-70.8881,2.5,695.0,-0.006779,-0.000224
NES-LTER_AE2426_ag_202411081114_003m_R1.sb,20241108,11:14:58,39.7694,-70.8881,2.5,696.0,-0.007193,-0.000242
NES-LTER_AE2426_ag_202411081114_003m_R1.sb,20241108,11:14:58,39.7694,-70.8881,2.5,697.0,-0.007078,-0.000237
NES-LTER_AE2426_ag_202411081114_003m_R1.sb,20241108,11:14:58,39.7694,-70.8881,2.5,698.0,-0.007768,-0.000267
NES-LTER_AE2426_ag_202411081114_003m_R1.sb,20241108,11:14:58,39.7694,-70.8881,2.5,699.0,-0.008389,-0.000294
NES-LTER_AE2426_ag_202411081114_003m_R1.sb,20241108,11:14:58,39.7694,-70.8881,2.5,700.0,-0.008734,-0.000309
NES-LTER_AE2426_ag_202411081114_003m_R1.sb,20241108,11:14:58,39.7694,-70.8881,2.5,701.0,-0.009102,-0.000325
NES-LTER_AE2426_ag_202411081114_003m_R1.sb,20241108,11:14:58,39.7694,-70.8881,2.5,702.0,-0.009585,-0.000346
NES-LTER_AE2426_ag_202411081114_003m_R1.sb,20241108,11:14:58,39.7694,-70.8881,2.5,703.0,-0.010551,-0.000388
NES-LTER_AE2426_ag_202411081114_003m_R1.sb,20241108,11:14:58,39.7694,-70.8881,2.5,704.0,-0.011264,-0.000419
NES-LTER_AE2426_ag_202411081114_003m_R1.sb,20241108,11:14:58,39.7694,-70.8881,2.5,705.0,-0.011517,-0.00043
NES-LTER_AE2426_ag_202411081114_003m_R1.sb,20241108,11:14:58,39.7694,-70.8881,2.5,706.0,-0.011448,-0.000427
NES-LTER_AE2426_ag_202411081114_003m_R1.sb,20241108,11:14:58,39.7694,-70.8881,2.5,707.0,-0.011816,-0.000443
NES-LTER_AE2426_ag_202411081114_003m_R1.sb,20241108,11:14:58,39.7694,-70.8881,2.5,708.0,-0.011977,-0.00045
NES-LTER_AE2426_ag_202411081114_003m_R1.sb,20241108,11:14:58,39.7694,-70.8881,2.5,709.0,-0.012483,-0.000472
NES-LTER_AE2426_ag_202411081114_003m_R1.sb,20241108,11:14:58,39.7694,-70.8881,2.5,710.0,-0.012598,-0.000477
NES-LTER_AE2426_ag_202411081114_003m_R1.sb,20241108,11:14:58,39.7694,-70.8881,2.5,711.0,-0.013219,-0.000504
NES-LTER_AE2426_ag_202411081114_003m_R1.sb,20241108,11:14:58,39.7694,-70.8881,2.5,712.0,-0.014093,-0.000542
NES-LTER_AE2426_ag_202411081114_003m_R1.sb,20241108,11:14:58,39.7694,-70.8881,2.5,713.0,-0.014898,-0.000577
NES-LTER_AE2426_ag_202411081114_003m_R1.sb,20241108,11:14:58,39.7694,-70.8881,2.5,714.0,-0.01591,-0.000621
NES-LTER_AE2426_ag_202411081114_003m_R1.sb,20241108,11:14:58,39.7694,-70.8881,2.5,715.0,-0.016117,-0.00063
NES-LTER_AE2426_ag_202411081114_003m_R1.sb,20241108,11:14:58,39.7694,-70.8881,2.5,716.0,-0.016991,-0.000668
NES-LTER_AE2426_ag_202411081114_003m_R1.sb,20241108,11:14:58,39.7694,-70.8881,2.5,717.0,-0.017658,-0.000697
NES-LTER_AE2426_ag_202411081114_003m_R1.sb,20241108,11:14:58,39.7694,-70.8881,2.5,718.0,-0.018325,-0.000726
NES-LTER_AE2426_ag_202411081114_003m_R1.sb,20241108,11:14:58,39.7694,-70.8881,2.5,719.0,-0.018693,-0.000742
NES-LTER_AE2426_ag_202411081114_003m_R1.sb,20241108,11:14:58,39.7694,-70.8881,2.5,720.0,-0.01913,-0.000761
NES-LTER_AE2426_ag_202411081114_003m_R1.sb,20241108,11:14:58,39.7694,-70.8881,2.5,721.0,-0.019452,-0.000775
NES-LTER_AE2426_ag_202411081114_003m_R1.sb,20241108,11:14:58,39.7694,-70.8881,2.5,722.0,-0.020004,-0.000799
NES-LTER_AE2426_ag_202411081114_003m_R1.sb,20241108,11:14:58,39.7694,-70.8881,2.5,723.0,-0.020924,-0.000839
NES-LTER_AE2426_ag_202411081114_003m_R1.sb,20241108,11:14:58,39.7694,-70.8881,2.5,724.0,-0.022304,-0.000899
NES-LTER_AE2426_ag_202411081114_003m_R1.sb,20241108,11:14:58,39.7694,-70.8881,2.5,725.0,-0.023454,-0.000949
NES-LTER_AE2426_ag_202411081114_003m_R1.sb,20241108,11:14:58,39.7694,-70.8881,2.5,726.0,-0.024719,-0.001004
NES-LTER_AE2426_ag_202411081114_003m_R1.sb,20241108,11:14:58,39.7694,-70.8881,2.5,727.0,-0.026881,-0.001098
NES-LTER_AE2426_ag_202411081114_003m_R1.sb,20241108,11:14:58,39.7694,-70.8881,2.5,728.0,-0.029641,-0.001218
NES-LTER_AE2426_ag_202411081114_003m_R1.sb,20241108,11:14:58,39.7694,-70.8881,2.5,729.0,-0.032516,-0.001343
NES-LTER_AE2426_ag_202411081114_003m_R1.sb,20241108,11:14:58,39.7694,-70.8881,2.5,730.0,-0.035161,-0.001458
NES-LTER_AE2426_ag_202411081114_003m_R1.sb,20241108,11:14:58,39.7694,-70.8881,2.5,731.0,-0.037668,-0.001567
NES-LTER_AE2426_ag_202411081114_003m_R1.sb,20241108,11:14:58,39.7694,-70.8881,2.5,732.0,-0.039784,-0.001659
NES-LTER_AE2426_ag_202411081114_003m_R1.sb,20241108,11:14:58,39.7694,-70.8881,2.5,733.0,-0.040888,-0.001707
NES-LTER_AE2426_ag_202411081114_003m_R1.sb,20241108,11:14:58,39.7694,-70.8881,2.5,734.0,-0.040704,-0.001699
NES-LTER_AE2426_ag_202411081114_003m_R1.sb,20241108,11:14:58,39.7694,-70.8881,2.5,735.0,-0.039324,-0.001639
NES-LTER_AE2426_ag_202411081114_003m_R1.sb,20241108,11:14:58,39.7694,-70.8881,2.5,736.0,-0.036725,-0.001526
NES-LTER_AE2426_ag_202411081114_003m_R1.sb,20241108,11:14:58,39.7694,-70.8881,2.5,737.0,-0.033413,-0.001382
NES-LTER_AE2426_ag_202411081114_003m_R1.sb,20241108,11:14:58,39.7694,-70.8881,2.5,738.0,-0.029181,-0.001198
NES-LTER_AE2426_ag_202411081114_003m_R1.sb,20241108,11:14:58,39.7694,-70.8881,2.5,739.0,-0.024857,-0.00101
NES-LTER_AE2426_ag_202411081114_003m_R1.sb,20241108,11:14:58,39.7694,-70.8881,2.5,740.0,-0.020763,-0.000832
NES-LTER_AE2426_ag_202411081114_003m_R1.sb,20241108,11:14:58,39.7694,-70.8881,2.5,741.0,-0.016991,-0.000668
NES-LTER_AE2426_ag_202411081114_003m_R1.sb,20241108,11:14:58,39.7694,-70.8881,2.5,742.0,-0.013357,-0.00051
NES-LTER_AE2426_ag_202411081114_003m_R1.sb,20241108,11:14:58,39.7694,-70.8881,2.5,743.0,-0.009792,-0.000355
NES-LTER_AE2426_ag_202411081114_003m_R1.sb,20241108,11:14:58,39.7694,-70.8881,2.5,744.0,-0.00694,-0.000231
NES-LTER_AE2426_ag_202411081114_003m_R1.sb,20241108,11:14:58,39.7694,-70.8881,2.5,745.0,-0.004157,-0.00011
NES-LTER_AE2426_ag_202411081114_003m_R1.sb,20241108,11:14:58,39.7694,-70.8881,2.5,746.0,-0.001857,-1e-05
NES-LTER_AE2426_ag_202411081114_003m_R1.sb,20241108,11:14:58,39.7694,-70.8881,2.5,747.0,0.000328,8.5e-05
NES-LTER_AE2426_ag_202411081114_003m_R1.sb,20241108,11:14:58,39.7694,-70.8881,2.5,748.0,0.001501,0.000136
NES-LTER_AE2426_ag_202411081114_003m_R1.sb,20241108,11:14:58,39.7694,-70.8881,2.5,749.0,0.003088,0.000205
NES-LTER_AE2426_ag_202411081114_003m_R1.sb,20241108,11:14:58,39.7694,-70.8881,2.5,750.0,0.004376,0.000261
NES-LTER_AE2426_ag_202411081114_003m_R1.sb,20241108,11:14:58,39.7694,-70.8881,2.5,751.0,0.005802,0.000323
NES-LTER_AE2426_ag_202411081114_003m_R1.sb,20241108,11:14:58,39.7694,-70.8881,2.5,752.0,0.005917,0.000328
NES-LTER_AE2426_ag_202411081114_003m_R1.sb,20241108,11:14:58,39.7694,-70.8881,2.5,753.0,0.006239,0.000342
NES-LTER_AE2426_ag_202411081114_003m_R1.sb,20241108,11:14:58,39.7694,-70.8881,2.5,754.0,0.006423,0.00035
NES-LTER_AE2426_ag_202411081114_003m_R1.sb,20241108,11:14:58,39.7694,-70.8881,2.5,755.0,0.007366,0.000391
NES-LTER_AE2426_ag_202411081114_003m_R1.sb,20241108,11:14:58,39.7694,-70.8881,2.5,756.0,0.007711,0.000406
NES-LTER_AE2426_ag_202411081114_003m_R1.sb,20241108,11:14:58,39.7694,-70.8881,2.5,757.0,0.008125,0.000424
NES-LTER_AE2426_ag_202411081114_003m_R1.sb,20241108,11:14:58,39.7694,-70.8881,2.5,758.0,0.008263,0.00043
NES-LTER_AE2426_ag_202411081114_003m_R1.sb,20241108,11:14:58,39.7694,-70.8881,2.5,759.0,0.008562,0.000443
NES-LTER_AE2426_ag_202411081114_003m_R1.sb,20241108,11:14:58,39.7694,-70.8881,2.5,760.0,0.008562,0.000443
NES-LTER_AE2426_ag_202411081114_003m_R1.sb,20241108,11:14:58,39.7694,-70.8881,2.5,761.0,0.008516,0.000441
NES-LTER_AE2426_ag_202411081114_003m_R1.sb,20241108,11:14:58,39.7694,-70.8881,2.5,762.0,0.008424,0.000437
NES-LTER_AE2426_ag_202411081114_003m_R1.sb,20241108,11:14:58,39.7694,-70.8881,2.5,763.0,0.008171,0.000426
NES-LTER_AE2426_ag_202411081114_003m_R1.sb,20241108,11:14:58,39.7694,-70.8881,2.5,764.0,0.008217,0.000428
NES-LTER_AE2426_ag_202411081114_003m_R1.sb,20241108,11:14:58,39.7694,-70.8881,2.5,765.0,0.008148,0.000425
NES-LTER_AE2426_ag_202411081114_003m_R1.sb,20241108,11:14:58,39.7694,-70.8881,2.5,766.0,0.008608,0.000445
NES-LTER_AE2426_ag_202411081114_003m_R1.sb,20241108,11:14:58,39.7694,-70.8881,2.5,767.0,0.008608,0.000445
NES-LTER_AE2426_ag_202411081114_003m_R1.sb,20241108,11:14:58,39.7694,-70.8881,2.5,768.0,0.008148,0.000425
NES-LTER_AE2426_ag_202411081114_003m_R1.sb,20241108,11:14:58,39.7694,-70.8881,2.5,769.0,0.007527,0.000398
NES-LTER_AE2426_ag_202411081114_003m_R1.sb,20241108,11:14:58,39.7694,-70.8881,2.5,770.0,0.007021,0.000376
NES-LTER_AE2426_ag_202411081114_003m_R1.sb,20241108,11:14:58,39.7694,-70.8881,2.5,771.0,0.007412,0.000393
NES-LTER_AE2426_ag_202411081114_003m_R1.sb,20241108,11:14:58,39.7694,-70.8881,2.5,772.0,0.007642,0.000403
NES-LTER_AE2426_ag_202411081114_003m_R1.sb,20241108,11:14:58,39.7694,-70.8881,2.5,773.0,0.007504,0.000397
NES-LTER_AE2426_ag_202411081114_003m_R1.sb,20241108,11:14:58,39.7694,-70.8881,2.5,774.0,0.007021,0.000376
NES-LTER_AE2426_ag_202411081114_003m_R1.sb,20241108,11:14:58,39.7694,-70.8881,2.5,775.0,0.006078,0.000335
NES-LTER_AE2426_ag_202411081114_003m_R1.sb,20241108,11:14:58,39.7694,-70.8881,2.5,776.0,0.00594,0.000329
NES-LTER_AE2426_ag_202411081114_003m_R1.sb,20241108,11:14:58,39.7694,-70.8881,2.5,777.0,0.005733,0.00032
NES-LTER_AE2426_ag_202411081114_003m_R1.sb,20241108,11:14:58,39.7694,-70.8881,2.5,778.0,0.005848,0.000325
NES-LTER_AE2426_ag_202411081114_003m_R1.sb,20241108,11:14:58,39.7694,-70.8881,2.5,779.0,0.00502,0.000289
NES-LTER_AE2426_ag_202411081114_003m_R1.sb,20241108,11:14:58,39.7694,-70.8881,2.5,780.0,0.004767,0.000278
NES-LTER_AE2426_ag_202411081114_003m_R1.sb,20241108,11:14:58,39.7694,-70.8881,2.5,781.0,0.004514,0.000267
NES-LTER_AE2426_ag_202411081114_003m_R1.sb,20241108,11:14:58,39.7694,-70.8881,2.5,782.0,0.004422,0.000263
NES-LTER_AE2426_ag_202411081114_003m_R1.sb,20241108,11:14:58,39.7694,-70.8881,2.5,783.0,0.003525,0.000224
NES-LTER_AE2426_ag_202411081114_003m_R1.sb,20241108,11:14:58,39.7694,-70.8881,2.5,784.0,0.002628,0.000185
NES-LTER_AE2426_ag_202411081114_003m_R1.sb,20241108,11:14:58,39.7694,-70.8881,2.5,785.0,0.001754,0.000147
NES-LTER_AE2426_ag_202411081114_003m_R1.sb,20241108,11:14:58,39.7694,-70.8881,2.5,786.0,0.001501,0.000136
NES-LTER_AE2426_ag_202411081114_003m_R1.sb,20241108,11:14:58,39.7694,-70.8881,2.5,787.0,0.00088,0.000109
NES-LTER_AE2426_ag_202411081114_003m_R1.sb,20241108,11:14:58,39.7694,-70.8881,2.5,788.0,0.000696,0.000101
NES-LTER_AE2426_ag_202411081114_003m_R1.sb,20241108,11:14:58,39.7694,-70.8881,2.5,789.0,7.5e-05,7.4e-05
NES-LTER_AE2426_ag_202411081114_003m_R1.sb,20241108,11:14:58,39.7694,-70.8881,2.5,790.0,-0.000868,3.3e-05
NES-LTER_AE2426_ag_202411081114_003m_R1.sb,20241108,11:14:58,39.7694,-70.8881,2.5,791.0,-0.001719,-4e-06
NES-LTER_AE2426_ag_202411081114_003m_R1.sb,20241108,11:14:58,39.7694,-70.8881,2.5,792.0,-0.002524,-3.9e-05
NES-LTER_AE2426_ag_202411081114_003m_R1.sb,20241108,11:14:58,39.7694,-70.8881,2.5,793.0,-0.003191,-6.8e-05
NES-LTER_AE2426_ag_202411081114_003m_R1.sb,20241108,11:14:58,39.7694,-70.8881,2.5,794.0,-0.004893,-0.000142
NES-LTER_AE2426_ag_202411081114_003m_R1.sb,20241108,11:14:58,39.7694,-70.8881,2.5,795.0,-0.00625,-0.000201
NES-LTER_AE2426_ag_202411081114_003m_R1.sb,20241108,11:14:58,39.7694,-70.8881,2.5,796.0,-0.007354,-0.000249
NES-LTER_AE2426_ag_202411081114_003m_R1.sb,20241108,11:14:58,39.7694,-70.8881,2.5,797.0,-0.007722,-0.000265
NES-LTER_AE2426_ag_202411081114_003m_R1.sb,20241108,11:14:58,39.7694,-70.8881,2.5,798.0,-0.008366,-0.000293
NES-LTER_AE2426_ag_202411081114_003m_R1.sb,20241108,11:14:58,39.7694,-70.8881,2.5,799.0,-0.009378,-0.000337
NES-LTER_AE2426_ag_202411081114_003m_R1.sb,20241108,11:14:58,39.7694,-70.8881,2.5,800.0,-0.010666,-0.000393
NES-LTER_AE2426_ag_202411081114_003m_R1.sb,20241108,11:14:58,39.7694,-70.8881,2.5,801.0,-0.012184,-0.000459
NES-LTER_AE2426_ag_202411081114_003m_R1.sb,20241108,11:14:58,39.7694,-70.8881,2.5,802.0,-0.012644,-0.000479
NES-LTER_AE2426_ag_202411081114_003m_R1.sb,20241108,11:14:58,39.7694,-70.8881,2.5,803.0,-0.013127,-0.0005
NES-LTER_AE2426_ag_202411081114_003m_R1.sb,20241108,11:14:58,39.7694,-70.8881,2.5,804.0,-0.014369,-0.000554
NES-LTER_AE2426_ag_202411081114_003m_R1.sb,20241108,11:14:58,39.7694,-70.8881,2.5,805.0,-0.015703,-0.000612
NES-LTER_AE2426_ag_202411081114_003m_R1.sb,20241108,11:14:58,39.7694,-70.8881,2.5,806.0,-0.017198,-0.000677
NES-LTER_AE2426_ag_202411081114_003m_R1.sb,20241108,11:14:58,39.7694,-70.8881,2.5,807.0,-0.017773,-0.000702
NES-LTER_AE2426_ag_202411081114_003m_R1.sb,20241108,11:14:58,39.7694,-70.8881,2.5,808.0,-0.019268,-0.000767
NES-LTER_AE2426_ag_202411081114_003m_R1.sb,20241108,11:14:58,39.7694,-70.8881,2.5,809.0,-0.020717,-0.00083
NES-LTER_AE2426_ag_202411081114_003m_R1.sb,20241108,11:14:58,39.7694,-70.8881,2.5,810.0,-0.021683,-0.000872
NES-LTER_AE2426_ag_202411081114_003m_R1.sb,20241108,11:14:58,39.7694,-70.8881,2.5,811.0,-0.022764,-0.000919
NES-LTER_AE2426_ag_202411081114_003m_R1.sb,20241108,11:14:58,39.7694,-70.8881,2.5,812.0,-0.023707,-0.00096
NES-LTER_AE2426_ag_202411081114_003m_R1.sb,20241108,11:14:58,39.7694,-70.8881,2.5,813.0,-0.024788,-0.001007
NES-LTER_AE2426_ag_202411081114_003m_R1.sb,20241108,11:14:58,39.7694,-70.8881,2.5,814.0,-0.025524,-0.001039
NES-LTER_AE2426_ag_202411081114_003m_R1.sb,20241108,11:14:58,39.7694,-70.8881,2.5,815.0,-0.026076,-0.001063
NES-LTER_AE2426_ag_202411081114_003m_R1.sb,20241108,11:14:58,39.7694,-70.8881,2.5,816.0,-0.026582,-0.001085
NES-LTER_AE2426_ag_202411081114_003m_R1.sb,20241108,11:14:58,39.7694,-70.8881,2.5,817.0,-0.027203,-0.001112
NES-LTER_AE2426_ag_202411081114_003m_R1.sb,20241108,11:14:58,39.7694,-70.8881,2.5,818.0,-0.028077,-0.00115
NES-LTER_AE2426_ag_202411081114_003m_R1.sb,20241108,11:14:58,39.7694,-70.8881,2.5,819.0,-0.029779,-0.001224
NES-LTER_AE2426_ag_202411081114_003m_R1.sb,20241108,11:14:58,39.7694,-70.8881,2.5,820.0,-0.031619,-0.001304
NES-LTER_AE2426_ag_202411081114_003m_R1.sb,20241108,11:14:58,39.7694,-70.8881,2.5,821.0,-0.03385,-0.001401
NES-LTER_AE2426_ag_202411081114_003m_R1.sb,20241108,11:14:58,39.7694,-70.8881,2.5,822.0,-0.035851,-0.001488
NES-LTER_AE2426_ag_202411081114_003m_R1.sb,20241108,11:14:58,39.7694,-70.8881,2.5,823.0,-0.037852,-0.001575
NES-LTER_AE2426_ag_202411081114_003m_R1.sb,20241108,11:14:58,39.7694,-70.8881,2.5,824.0,-0.040083,-0.001672
NES-LTER_AE2426_ag_202411081114_003m_R1.sb,20241108,11:14:58,39.7694,-70.8881,2.5,825.0,-0.043188,-0.001807
NES-LTER_AE2426_ag_202411081114_003m_R1.sb,20241108,11:14:58,39.7694,-70.8881,2.5,826.0,-0.047926,-0.002013
NES-LTER_AE2426_ag_202411081114_003m_R1.sb,20241108,11:14:58,39.7694,-70.8881,2.5,827.0,-0.052825,-0.002226
NES-LTER_AE2426_ag_202411081114_003m_R1.sb,20241108,11:14:58,39.7694,-70.8881,2.5,828.0,-0.057586,-0.002433
NES-LTER_AE2426_ag_202411081114_003m_R1.sb,20241108,11:14:58,39.7694,-70.8881,2.5,829.0,-0.060461,-0.002558
NES-LTER_AE2426_ag_202411081114_003m_R1.sb,20241108,11:14:58,39.7694,-70.8881,2.5,830.0,-0.063106,-0.002673
NES-LTER_AE2426_ag_202411081114_003m_R1.sb,20241108,11:14:58,39.7694,-70.8881,2.5,831.0,-0.064095,-0.002716
NES-LTER_AE2426_ag_202411081114_003m_R1.sb,20241108,11:14:58,39.7694,-70.8881,2.5,832.0,-0.063796,-0.002703
NES-LTER_AE2426_ag_202411081114_003m_R1.sb,20241108,11:14:58,39.7694,-70.8881,2.5,833.0,-0.061036,-0.002583
NES-LTER_AE2426_ag_202411081114_003m_R1.sb,20241108,11:14:58,39.7694,-70.8881,2.5,834.0,-0.057149,-0.002414
NES-LTER_AE2426_ag_202411081114_003m_R1.sb,20241108,11:14:58,39.7694,-70.8881,2.5,835.0,-0.052273,-0.002202
NES-LTER_AE2426_ag_202411081114_003m_R1.sb,20241108,11:14:58,39.7694,-70.8881,2.5,836.0,-0.047719,-0.002004
NES-LTER_AE2426_ag_202411081114_003m_R1.sb,20241108,11:14:58,39.7694,-70.8881,2.5,837.0,-0.042751,-0.001788
NES-LTER_AE2426_ag_202411081114_003m_R1.sb,20241108,11:14:58,39.7694,-70.8881,2.5,838.0,-0.03868,-0.001611
NES-LTER_AE2426_ag_202411081114_003m_R1.sb,20241108,11:14:58,39.7694,-70.8881,2.5,839.0,-0.035092,-0.001455
NES-LTER_AE2426_ag_202411081114_003m_R1.sb,20241108,11:14:58,39.7694,-70.8881,2.5,840.0,-0.032056,-0.001323
NES-LTER_AE2426_ag_202411081114_003m_R1.sb,20241108,11:14:58,39.7694,-70.8881,2.5,841.0,-0.029112,-0.001195
NES-LTER_AE2426_ag_202411081114_003m_R1.sb,20241108,11:14:58,39.7694,-70.8881,2.5,842.0,-0.026858,-0.001097
NES-LTER_AE2426_ag_202411081114_003m_R1.sb,20241108,11:14:58,39.7694,-70.8881,2.5,843.0,-0.024834,-0.001009
NES-LTER_AE2426_ag_202411081114_003m_R1.sb,20241108,11:14:58,39.7694,-70.8881,2.5,844.0,-0.023155,-0.000936
NES-LTER_AE2426_ag_202411081114_003m_R1.sb,20241108,11:14:58,39.7694,-70.8881,2.5,845.0,-0.020924,-0.000839
NES-LTER_AE2426_ag_202411081114_003m_R1.sb,20241108,11:14:58,39.7694,-70.8881,2.5,846.0,-0.020418,-0.000817
NES-LTER_AE2426_ag_202411081114_003m_R1.sb,20241108,11:14:58,39.7694,-70.8881,2.5,847.0,-0.019935,-0.000796
NES-LTER_AE2426_ag_202411081114_003m_R1.sb,20241108,11:14:58,39.7694,-70.8881,2.5,848.0,-0.019958,-0.000797
NES-LTER_AE2426_ag_202411081114_003m_R1.sb,20241108,11:14:58,39.7694,-70.8881,2.5,849.0,-0.018371,-0.000728
NES-LTER_AE2426_ag_202411081114_003m_R1.sb,20241108,11:14:58,39.7694,-70.8881,2.5,850.0,-0.017451,-0.000688
NES-LTER_AE2426_ag_202411081827_003m_R1.sb,20241108,18:27:33,39.928,-70.8643,3.1,300.0,0.74934,0.033798
NES-LTER_AE2426_ag_202411081827_003m_R1.sb,20241108,18:27:33,39.928,-70.8643,3.1,301.0,0.727605,0.032853
NES-LTER_AE2426_ag_202411081827_003m_R1.sb,20241108,18:27:33,39.928,-70.8643,3.1,302.0,0.706997,0.031957
NES-LTER_AE2426_ag_202411081827_003m_R1.sb,20241108,18:27:33,39.928,-70.8643,3.1,303.0,0.686918,0.031084
NES-LTER_AE2426_ag_202411081827_003m_R1.sb,20241108,18:27:33,39.928,-70.8643,3.1,304.0,0.668794,0.030296
NES-LTER_AE2426_ag_202411081827_003m_R1.sb,20241108,18:27:33,39.928,-70.8643,3.1,305.0,0.650693,0.029509
NES-LTER_AE2426_ag_202411081827_003m_R1.sb,20241108,18:27:33,39.928,-70.8643,3.1,306.0,0.63319,0.028748
NES-LTER_AE2426_ag_202411081827_003m_R1.sb,20241108,18:27:33,39.928,-70.8643,3.1,307.0,0.616377,0.028017
NES-LTER_AE2426_ag_202411081827_003m_R1.sb,20241108,18:27:33,39.928,-70.8643,3.1,308.0,0.600691,0.027335
NES-LTER_AE2426_ag_202411081827_003m_R1.sb,20241108,18:27:33,39.928,-70.8643,3.1,309.0,0.585902,0.026692
NES-LTER_AE2426_ag_202411081827_003m_R1.sb,20241108,18:27:33,39.928,-70.8643,3.1,310.0,0.571918,0.026084
NES-LTER_AE2426_ag_202411081827_003m_R1.sb,20241108,18:27:33,39.928,-70.8643,3.1,311.0,0.558187,0.025487
NES-LTER_AE2426_ag_202411081827_003m_R1.sb,20241108,18:27:33,39.928,-70.8643,3.1,312.0,0.544249,0.024881
NES-LTER_AE2426_ag_202411081827_003m_R1.sb,20241108,18:27:33,39.928,-70.8643,3.1,313.0,0.531484,0.024326
NES-LTER_AE2426_ag_202411081827_003m_R1.sb,20241108,18:27:33,39.928,-70.8643,3.1,314.0,0.519524,0.023806
NES-LTER_AE2426_ag_202411081827_003m_R1.sb,20241108,18:27:33,39.928,-70.8643,3.1,315.0,0.508392,0.023322
NES-LTER_AE2426_ag_202411081827_003m_R1.sb,20241108,18:27:33,39.928,-70.8643,3.1,316.0,0.497007,0.022827
NES-LTER_AE2426_ag_202411081827_003m_R1.sb,20241108,18:27:33,39.928,-70.8643,3.1,317.0,0.48599,0.022348
NES-LTER_AE2426_ag_202411081827_003m_R1.sb,20241108,18:27:33,39.928,-70.8643,3.1,318.0,0.475456,0.02189
NES-LTER_AE2426_ag_202411081827_003m_R1.sb,20241108,18:27:33,39.928,-70.8643,3.1,319.0,0.465129,0.021441
NES-LTER_AE2426_ag_202411081827_003m_R1.sb,20241108,18:27:33,39.928,-70.8643,3.1,320.0,0.455377,0.021017
NES-LTER_AE2426_ag_202411081827_003m_R1.sb,20241108,18:27:33,39.928,-70.8643,3.1,321.0,0.446361,0.020625
NES-LTER_AE2426_ag_202411081827_003m_R1.sb,20241108,18:27:33,39.928,-70.8643,3.1,322.0,0.437023,0.020219
NES-LTER_AE2426_ag_202411081827_003m_R1.sb,20241108,18:27:33,39.928,-70.8643,3.1,323.0,0.428145,0.019833
NES-LTER_AE2426_ag_202411081827_003m_R1.sb,20241108,18:27:33,39.928,-70.8643,3.1,324.0,0.418991,0.019435
NES-LTER_AE2426_ag_202411081827_003m_R1.sb,20241108,18:27:33,39.928,-70.8643,3.1,325.0,0.410826,0.01908
NES-LTER_AE2426_ag_202411081827_003m_R1.sb,20241108,18:27:33,39.928,-70.8643,3.1,326.0,0.402316,0.01871
NES-LTER_AE2426_ag_202411081827_003m_R1.sb,20241108,18:27:33,39.928,-70.8643,3.1,327.0,0.394105,0.018353
NES-LTER_AE2426_ag_202411081827_003m_R1.sb,20241108,18:27:33,39.928,-70.8643,3.1,328.0,0.385894,0.017996
NES-LTER_AE2426_ag_202411081827_003m_R1.sb,20241108,18:27:33,39.928,-70.8643,3.1,329.0,0.37789,0.017648
NES-LTER_AE2426_ag_202411081827_003m_R1.sb,20241108,18:27:33,39.928,-70.8643,3.1,330.0,0.370645,0.017333
NES-LTER_AE2426_ag_202411081827_003m_R1.sb,20241108,18:27:33,39.928,-70.8643,3.1,331.0,0.363446,0.01702
NES-LTER_AE2426_ag_202411081827_003m_R1.sb,20241108,18:27:33,39.928,-70.8643,3.1,332.0,0.356822,0.016732
NES-LTER_AE2426_ag_202411081827_003m_R1.sb,20241108,18:27:33,39.928,-70.8643,3.1,333.0,0.349347,0.016407
NES-LTER_AE2426_ag_202411081827_003m_R1.sb,20241108,18:27:33,39.928,-70.8643,3.1,334.0,0.342447,0.016107
NES-LTER_AE2426_ag_202411081827_003m_R1.sb,20241108,18:27:33,39.928,-70.8643,3.1,335.0,0.335455,0.015803
NES-LTER_AE2426_ag_202411081827_003m_R1.sb,20241108,18:27:33,39.928,-70.8643,3.1,336.0,0.329314,0.015536
NES-LTER_AE2426_ag_202411081827_003m_R1.sb,20241108,18:27:33,39.928,-70.8643,3.1,337.0,0.323242,0.015272
NES-LTER_AE2426_ag_202411081827_003m_R1.sb,20241108,18:27:33,39.928,-70.8643,3.1,338.0,0.3174,0.015018
NES-LTER_AE2426_ag_202411081827_003m_R1.sb,20241108,18:27:33,39.928,-70.8643,3.1,339.0,0.31142,0.014758
NES-LTER_AE2426_ag_202411081827_003m_R1.sb,20241108,18:27:33,39.928,-70.8643,3.1,340.0,0.305394,0.014496
NES-LTER_AE2426_ag_202411081827_003m_R1.sb,20241108,18:27:33,39.928,-70.8643,3.1,341.0,0.299299,0.014231
NES-LTER_AE2426_ag_202411081827_003m_R1.sb,20241108,18:27:33,39.928,-70.8643,3.1,342.0,0.293618,0.013984
NES-LTER_AE2426_ag_202411081827_003m_R1.sb,20241108,18:27:33,39.928,-70.8643,3.1,343.0,0.28842,0.013758
NES-LTER_AE2426_ag_202411081827_003m_R1.sb,20241108,18:27:33,39.928,-70.8643,3.1,344.0,0.283981,0.013565
NES-LTER_AE2426_ag_202411081827_003m_R1.sb,20241108,18:27:33,39.928,-70.8643,3.1,345.0,0.279082,0.013352
NES-LTER_AE2426_ag_202411081827_003m_R1.sb,20241108,18:27:33,39.928,-70.8643,3.1,346.0,0.274091,0.013135
NES-LTER_AE2426_ag_202411081827_003m_R1.sb,20241108,18:27:33,39.928,-70.8643,3.1,347.0,0.268778,0.012904
NES-LTER_AE2426_ag_202411081827_003m_R1.sb,20241108,18:27:33,39.928,-70.8643,3.1,348.0,0.264086,0.0127
NES-LTER_AE2426_ag_202411081827_003m_R1.sb,20241108,18:27:33,39.928,-70.8643,3.1,349.0,0.259509,0.012501
NES-LTER_AE2426_ag_202411081827_003m_R1.sb,20241108,18:27:33,39.928,-70.8643,3.1,350.0,0.254932,0.012302
NES-LTER_AE2426_ag_202411081827_003m_R1.sb,20241108,18:27:33,39.928,-70.8643,3.1,351.0,0.250539,0.012111
NES-LTER_AE2426_ag_202411081827_003m_R1.sb,20241108,18:27:33,39.928,-70.8643,3.1,352.0,0.245824,0.011906
NES-LTER_AE2426_ag_202411081827_003m_R1.sb,20241108,18:27:33,39.928,-70.8643,3.1,353.0,0.241707,0.011727
NES-LTER_AE2426_ag_202411081827_003m_R1.sb,20241108,18:27:33,39.928,-70.8643,3.1,354.0,0.23759,0.011548
NES-LTER_AE2426_ag_202411081827_003m_R1.sb,20241108,18:27:33,39.928,-70.8643,3.1,355.0,0.233726,0.01138
NES-LTER_AE2426_ag_202411081827_003m_R1.sb,20241108,18:27:33,39.928,-70.8643,3.1,356.0,0.230046,0.01122
NES-LTER_AE2426_ag_202411081827_003m_R1.sb,20241108,18:27:33,39.928,-70.8643,3.1,357.0,0.226067,0.011047
NES-LTER_AE2426_ag_202411081827_003m_R1.sb,20241108,18:27:33,39.928,-70.8643,3.1,358.0,0.222042,0.010872
NES-LTER_AE2426_ag_202411081827_003m_R1.sb,20241108,18:27:33,39.928,-70.8643,3.1,359.0,0.217718,0.010684
NES-LTER_AE2426_ag_202411081827_003m_R1.sb,20241108,18:27:33,39.928,-70.8643,3.1,360.0,0.213578,0.010504
NES-LTER_AE2426_ag_202411081827_003m_R1.sb,20241108,18:27:33,39.928,-70.8643,3.1,361.0,0.210059,0.010351
NES-LTER_AE2426_ag_202411081827_003m_R1.sb,20241108,18:27:33,39.928,-70.8643,3.1,362.0,0.206402,0.010192
NES-LTER_AE2426_ag_202411081827_003m_R1.sb,20241108,18:27:33,39.928,-70.8643,3.1,363.0,0.203274,0.010056
NES-LTER_AE2426_ag_202411081827_003m_R1.sb,20241108,18:27:33,39.928,-70.8643,3.1,364.0,0.199594,0.009896
NES-LTER_AE2426_ag_202411081827_003m_R1.sb,20241108,18:27:33,39.928,-70.8643,3.1,365.0,0.196351,0.009755
NES-LTER_AE2426_ag_202411081827_003m_R1.sb,20241108,18:27:33,39.928,-70.8643,3.1,366.0,0.193131,0.009615
NES-LTER_AE2426_ag_202411081827_003m_R1.sb,20241108,18:27:33,39.928,-70.8643,3.1,367.0,0.190118,0.009484
NES-LTER_AE2426_ag_202411081827_003m_R1.sb,20241108,18:27:33,39.928,-70.8643,3.1,368.0,0.186829,0.009341
NES-LTER_AE2426_ag_202411081827_003m_R1.sb,20241108,18:27:33,39.928,-70.8643,3.1,369.0,0.183908,0.009214
NES-LTER_AE2426_ag_202411081827_003m_R1.sb,20241108,18:27:33,39.928,-70.8643,3.1,370.0,0.180596,0.00907
NES-LTER_AE2426_ag_202411081827_003m_R1.sb,20241108,18:27:33,39.928,-70.8643,3.1,371.0,0.177813,0.008949
NES-LTER_AE2426_ag_202411081827_003m_R1.sb,20241108,18:27:33,39.928,-70.8643,3.1,372.0,0.173857,0.008777
NES-LTER_AE2426_ag_202411081827_003m_R1.sb,20241108,18:27:33,39.928,-70.8643,3.1,373.0,0.170591,0.008635
NES-LTER_AE2426_ag_202411081827_003m_R1.sb,20241108,18:27:33,39.928,-70.8643,3.1,374.0,0.167417,0.008497
NES-LTER_AE2426_ag_202411081827_003m_R1.sb,20241108,18:27:33,39.928,-70.8643,3.1,375.0,0.164496,0.00837
NES-LTER_AE2426_ag_202411081827_003m_R1.sb,20241108,18:27:33,39.928,-70.8643,3.1,376.0,0.161621,0.008245
NES-LTER_AE2426_ag_202411081827_003m_R1.sb,20241108,18:27:33,39.928,-70.8643,3.1,377.0,0.159022,0.008132
NES-LTER_AE2426_ag_202411081827_003m_R1.sb,20241108,18:27:33,39.928,-70.8643,3.1,378.0,0.156745,0.008033
NES-LTER_AE2426_ag_202411081827_003m_R1.sb,20241108,18:27:33,39.928,-70.8643,3.1,379.0,0.154077,0.007917
NES-LTER_AE2426_ag_202411081827_003m_R1.sb,20241108,18:27:33,39.928,-70.8643,3.1,380.0,0.151156,0.00779
NES-LTER_AE2426_ag_202411081827_003m_R1.sb,20241108,18:27:33,39.928,-70.8643,3.1,381.0,0.148649,0.007681
NES-LTER_AE2426_ag_202411081827_003m_R1.sb,20241108,18:27:33,39.928,-70.8643,3.1,382.0,0.146257,0.007577
NES-LTER_AE2426_ag_202411081827_003m_R1.sb,20241108,18:27:33,39.928,-70.8643,3.1,383.0,0.144279,0.007491
NES-LTER_AE2426_ag_202411081827_003m_R1.sb,20241108,18:27:33,39.928,-70.8643,3.1,384.0,0.141933,0.007389
NES-LTER_AE2426_ag_202411081827_003m_R1.sb,20241108,18:27:33,39.928,-70.8643,3.1,385.0,0.139863,0.007299
NES-LTER_AE2426_ag_202411081827_003m_R1.sb,20241108,18:27:33,39.928,-70.8643,3.1,386.0,0.137655,0.007203
NES-LTER_AE2426_ag_202411081827_003m_R1.sb,20241108,18:27:33,39.928,-70.8643,3.1,387.0,0.135723,0.007119
NES-LTER_AE2426_ag_202411081827_003m_R1.sb,20241108,18:27:33,39.928,-70.8643,3.1,388.0,0.133653,0.007029
NES-LTER_AE2426_ag_202411081827_003m_R1.sb,20241108,18:27:33,39.928,-70.8643,3.1,389.0,0.131284,0.006926
NES-LTER_AE2426_ag_202411081827_003m_R1.sb,20241108,18:27:33,39.928,-70.8643,3.1,390.0,0.129214,0.006836
NES-LTER_AE2426_ag_202411081827_003m_R1.sb,20241108,18:27:33,39.928,-70.8643,3.1,391.0,0.127351,0.006755
NES-LTER_AE2426_ag_202411081827_003m_R1.sb,20241108,18:27:33,39.928,-70.8643,3.1,392.0,0.125557,0.006677
NES-LTER_AE2426_ag_202411081827_003m_R1.sb,20241108,18:27:33,39.928,-70.8643,3.1,393.0,0.123786,0.0066
NES-LTER_AE2426_ag_202411081827_003m_R1.sb,20241108,18:27:33,39.928,-70.8643,3.1,394.0,0.122038,0.006524
NES-LTER_AE2426_ag_202411081827_003m_R1.sb,20241108,18:27:33,39.928,-70.8643,3.1,395.0,0.12029,0.006448
NES-LTER_AE2426_ag_202411081827_003m_R1.sb,20241108,18:27:33,39.928,-70.8643,3.1,396.0,0.11845,0.006368
NES-LTER_AE2426_ag_202411081827_003m_R1.sb,20241108,18:27:33,39.928,-70.8643,3.1,397.0,0.117047,0.006307
NES-LTER_AE2426_ag_202411081827_003m_R1.sb,20241108,18:27:33,39.928,-70.8643,3.1,398.0,0.115759,0.006251
NES-LTER_AE2426_ag_202411081827_003m_R1.sb,20241108,18:27:33,39.928,-70.8643,3.1,399.0,0.114379,0.006191
NES-LTER_AE2426_ag_202411081827_003m_R1.sb,20241108,18:27:33,39.928,-70.8643,3.1,400.0,0.112355,0.006103
NES-LTER_AE2426_ag_202411081827_003m_R1.sb,20241108,18:27:33,39.928,-70.8643,3.1,401.0,0.110699,0.006031
NES-LTER_AE2426_ag_202411081827_003m_R1.sb,20241108,18:27:33,39.928,-70.8643,3.1,402.0,0.109388,0.005974
NES-LTER_AE2426_ag_202411081827_003m_R1.sb,20241108,18:27:33,39.928,-70.8643,3.1,403.0,0.10879,0.005948
NES-LTER_AE2426_ag_202411081827_003m_R1.sb,20241108,18:27:33,39.928,-70.8643,3.1,404.0,0.107019,0.005871
NES-LTER_AE2426_ag_202411081827_003m_R1.sb,20241108,18:27:33,39.928,-70.8643,3.1,405.0,0.105524,0.005806
NES-LTER_AE2426_ag_202411081827_003m_R1.sb,20241108,18:27:33,39.928,-70.8643,3.1,406.0,0.103385,0.005713
NES-LTER_AE2426_ag_202411081827_003m_R1.sb,20241108,18:27:33,39.928,-70.8643,3.1,407.0,0.102258,0.005664
NES-LTER_AE2426_ag_202411081827_003m_R1.sb,20241108,18:27:33,39.928,-70.8643,3.1,408.0,0.101131,0.005615
NES-LTER_AE2426_ag_202411081827_003m_R1.sb,20241108,18:27:33,39.928,-70.8643,3.1,409.0,0.10005,0.005568
NES-LTER_AE2426_ag_202411081827_003m_R1.sb,20241108,18:27:33,39.928,-70.8643,3.1,410.0,0.098509,0.005501
NES-LTER_AE2426_ag_202411081827_003m_R1.sb,20241108,18:27:33,39.928,-70.8643,3.1,411.0,0.096761,0.005425
NES-LTER_AE2426_ag_202411081827_003m_R1.sb,20241108,18:27:33,39.928,-70.8643,3.1,412.0,0.095496,0.00537
NES-LTER_AE2426_ag_202411081827_003m_R1.sb,20241108,18:27:33,39.928,-70.8643,3.1,413.0,0.094369,0.005321
NES-LTER_AE2426_ag_202411081827_003m_R1.sb,20241108,18:27:33,39.928,-70.8643,3.1,414.0,0.092621,0.005245
NES-LTER_AE2426_ag_202411081827_003m_R1.sb,20241108,18:27:33,39.928,-70.8643,3.1,415.0,0.091333,0.005189
NES-LTER_AE2426_ag_202411081827_003m_R1.sb,20241108,18:27:33,39.928,-70.8643,3.1,416.0,0.08993,0.005128
NES-LTER_AE2426_ag_202411081827_003m_R1.sb,20241108,18:27:33,39.928,-70.8643,3.1,417.0,0.088711,0.005075
NES-LTER_AE2426_ag_202411081827_003m_R1.sb,20241108,18:27:33,39.928,-70.8643,3.1,418.0,0.087055,0.005003
NES-LTER_AE2426_ag_202411081827_003m_R1.sb,20241108,18:27:33,39.928,-70.8643,3.1,419.0,0.08579,0.004948
NES-LTER_AE2426_ag_202411081827_003m_R1.sb,20241108,18:27:33,39.928,-70.8643,3.1,420.0,0.084732,0.004902
NES-LTER_AE2426_ag_202411081827_003m_R1.sb,20241108,18:27:33,39.928,-70.8643,3.1,421.0,0.08349,0.004848
NES-LTER_AE2426_ag_202411081827_003m_R1.sb,20241108,18:27:33,39.928,-70.8643,3.1,422.0,0.081949,0.004781
NES-LTER_AE2426_ag_202411081827_003m_R1.sb,20241108,18:27:33,39.928,-70.8643,3.1,423.0,0.080592,0.004722
NES-LTER_AE2426_ag_202411081827_003m_R1.sb,20241108,18:27:33,39.928,-70.8643,3.1,424.0,0.07889,0.004648
NES-LTER_AE2426_ag_202411081827_003m_R1.sb,20241108,18:27:33,39.928,-70.8643,3.1,425.0,0.077579,0.004591
NES-LTER_AE2426_ag_202411081827_003m_R1.sb,20241108,18:27:33,39.928,-70.8643,3.1,426.0,0.076498,0.004544
NES-LTER_AE2426_ag_202411081827_003m_R1.sb,20241108,18:27:33,39.928,-70.8643,3.1,427.0,0.075854,0.004516
NES-LTER_AE2426_ag_202411081827_003m_R1.sb,20241108,18:27:33,39.928,-70.8643,3.1,428.0,0.074911,0.004475
NES-LTER_AE2426_ag_202411081827_003m_R1.sb,20241108,18:27:33,39.928,-70.8643,3.1,429.0,0.073485,0.004413
NES-LTER_AE2426_ag_202411081827_003m_R1.sb,20241108,18:27:33,39.928,-70.8643,3.1,430.0,0.07222,0.004358
NES-LTER_AE2426_ag_202411081827_003m_R1.sb,20241108,18:27:33,39.928,-70.8643,3.1,431.0,0.071185,0.004313
NES-LTER_AE2426_ag_202411081827_003m_R1.sb,20241108,18:27:33,39.928,-70.8643,3.1,432.0,0.070081,0.004265
NES-LTER_AE2426_ag_202411081827_003m_R1.sb,20241108,18:27:33,39.928,-70.8643,3.1,433.0,0.068977,0.004217
NES-LTER_AE2426_ag_202411081827_003m_R1.sb,20241108,18:27:33,39.928,-70.8643,3.1,434.0,0.067735,0.004163
NES-LTER_AE2426_ag_202411081827_003m_R1.sb,20241108,18:27:33,39.928,-70.8643,3.1,435.0,0.066815,0.004123
NES-LTER_AE2426_ag_202411081827_003m_R1.sb,20241108,18:27:33,39.928,-70.8643,3.1,436.0,0.065941,0.004085
NES-LTER_AE2426_ag_202411081827_003m_R1.sb,20241108,18:27:33,39.928,-70.8643,3.1,437.0,0.064975,0.004043
NES-LTER_AE2426_ag_202411081827_003m_R1.sb,20241108,18:27:33,39.928,-70.8643,3.1,438.0,0.063733,0.003989
NES-LTER_AE2426_ag_202411081827_003m_R1.sb,20241108,18:27:33,39.928,-70.8643,3.1,439.0,0.062813,0.003949
NES-LTER_AE2426_ag_202411081827_003m_R1.sb,20241108,18:27:33,39.928,-70.8643,3.1,440.0,0.061985,0.003913
NES-LTER_AE2426_ag_202411081827_003m_R1.sb,20241108,18:27:33,39.928,-70.8643,3.1,441.0,0.06118,0.003878
NES-LTER_AE2426_ag_202411081827_003m_R1.sb,20241108,18:27:33,39.928,-70.8643,3.1,442.0,0.060007,0.003827
NES-LTER_AE2426_ag_202411081827_003m_R1.sb,20241108,18:27:33,39.928,-70.8643,3.1,443.0,0.059041,0.003785
NES-LTER_AE2426_ag_202411081827_003m_R1.sb,20241108,18:27:33,39.928,-70.8643,3.1,444.0,0.058351,0.003755
NES-LTER_AE2426_ag_202411081827_003m_R1.sb,20241108,18:27:33,39.928,-70.8643,3.1,445.0,0.0575,0.003718
NES-LTER_AE2426_ag_202411081827_003m_R1.sb,20241108,18:27:33,39.928,-70.8643,3.1,446.0,0.05658,0.003678
NES-LTER_AE2426_ag_202411081827_003m_R1.sb,20241108,18:27:33,39.928,-70.8643,3.1,447.0,0.055844,0.003646
NES-LTER_AE2426_ag_202411081827_003m_R1.sb,20241108,18:27:33,39.928,-70.8643,3.1,448.0,0.054809,0.003601
NES-LTER_AE2426_ag_202411081827_003m_R1.sb,20241108,18:27:33,39.928,-70.8643,3.1,449.0,0.053613,0.003549
NES-LTER_AE2426_ag_202411081827_003m_R1.sb,20241108,18:27:33,39.928,-70.8643,3.1,450.0,0.05244,0.003498
NES-LTER_AE2426_ag_202411081827_003m_R1.sb,20241108,18:27:33,39.928,-70.8643,3.1,451.0,0.051704,0.003466
NES-LTER_AE2426_ag_202411081827_003m_R1.sb,20241108,18:27:33,39.928,-70.8643,3.1,452.0,0.051405,0.003453
NES-LTER_AE2426_ag_202411081827_003m_R1.sb,20241108,18:27:33,39.928,-70.8643,3.1,453.0,0.0506,0.003418
NES-LTER_AE2426_ag_202411081827_003m_R1.sb,20241108,18:27:33,39.928,-70.8643,3.1,454.0,0.050002,0.003392
NES-LTER_AE2426_ag_202411081827_003m_R1.sb,20241108,18:27:33,39.928,-70.8643,3.1,455.0,0.048921,0.003345
NES-LTER_AE2426_ag_202411081827_003m_R1.sb,20241108,18:27:33,39.928,-70.8643,3.1,456.0,0.048921,0.003345
NES-LTER_AE2426_ag_202411081827_003m_R1.sb,20241108,18:27:33,39.928,-70.8643,3.1,457.0,0.048346,0.00332
NES-LTER_AE2426_ag_202411081827_003m_R1.sb,20241108,18:27:33,39.928,-70.8643,3.1,458.0,0.048139,0.003311
NES-LTER_AE2426_ag_202411081827_003m_R1.sb,20241108,18:27:33,39.928,-70.8643,3.1,459.0,0.047035,0.003263
NES-LTER_AE2426_ag_202411081827_003m_R1.sb,20241108,18:27:33,39.928,-70.8643,3.1,460.0,0.046253,0.003229
NES-LTER_AE2426_ag_202411081827_003m_R1.sb,20241108,18:27:33,39.928,-70.8643,3.1,461.0,0.045586,0.0032
NES-LTER_AE2426_ag_202411081827_003m_R1.sb,20241108,18:27:33,39.928,-70.8643,3.1,462.0,0.044919,0.003171
NES-LTER_AE2426_ag_202411081827_003m_R1.sb,20241108,18:27:33,39.928,-70.8643,3.1,463.0,0.04416,0.003138
NES-LTER_AE2426_ag_202411081827_003m_R1.sb,20241108,18:27:33,39.928,-70.8643,3.1,464.0,0.0437,0.003118
NES-LTER_AE2426_ag_202411081827_003m_R1.sb,20241108,18:27:33,39.928,-70.8643,3.1,465.0,0.043171,0.003095
NES-LTER_AE2426_ag_202411081827_003m_R1.sb,20241108,18:27:33,39.928,-70.8643,3.1,466.0,0.042734,0.003076
NES-LTER_AE2426_ag_202411081827_003m_R1.sb,20241108,18:27:33,39.928,-70.8643,3.1,467.0,0.041699,0.003031
NES-LTER_AE2426_ag_202411081827_003m_R1.sb,20241108,18:27:33,39.928,-70.8643,3.1,468.0,0.040871,0.002995
NES-LTER_AE2426_ag_202411081827_003m_R1.sb,20241108,18:27:33,39.928,-70.8643,3.1,469.0,0.040112,0.002962
NES-LTER_AE2426_ag_202411081827_003m_R1.sb,20241108,18:27:33,39.928,-70.8643,3.1,470.0,0.04002,0.002958
NES-LTER_AE2426_ag_202411081827_003m_R1.sb,20241108,18:27:33,39.928,-70.8643,3.1,471.0,0.03979,0.002948
NES-LTER_AE2426_ag_202411081827_003m_R1.sb,20241108,18:27:33,39.928,-70.8643,3.1,472.0,0.03956,0.002938
NES-LTER_AE2426_ag_202411081827_003m_R1.sb,20241108,18:27:33,39.928,-70.8643,3.1,473.0,0.039054,0.002916
NES-LTER_AE2426_ag_202411081827_003m_R1.sb,20241108,18:27:33,39.928,-70.8643,3.1,474.0,0.038295,0.002883
NES-LTER_AE2426_ag_202411081827_003m_R1.sb,20241108,18:27:33,39.928,-70.8643,3.1,475.0,0.03749,0.002848
NES-LTER_AE2426_ag_202411081827_003m_R1.sb,20241108,18:27:33,39.928,-70.8643,3.1,476.0,0.036731,0.002815
NES-LTER_AE2426_ag_202411081827_003m_R1.sb,20241108,18:27:33,39.928,-70.8643,3.1,477.0,0.036639,0.002811
NES-LTER_AE2426_ag_202411081827_003m_R1.sb,20241108,18:27:33,39.928,-70.8643,3.1,478.0,0.03611,0.002788
NES-LTER_AE2426_ag_202411081827_003m_R1.sb,20241108,18:27:33,39.928,-70.8643,3.1,479.0,0.035673,0.002769
NES-LTER_AE2426_ag_202411081827_003m_R1.sb,20241108,18:27:33,39.928,-70.8643,3.1,480.0,0.035144,0.002746
NES-LTER_AE2426_ag_202411081827_003m_R1.sb,20241108,18:27:33,39.928,-70.8643,3.1,481.0,0.035213,0.002749
NES-LTER_AE2426_ag_202411081827_003m_R1.sb,20241108,18:27:33,39.928,-70.8643,3.1,482.0,0.035121,0.002745
NES-LTER_AE2426_ag_202411081827_003m_R1.sb,20241108,18:27:33,39.928,-70.8643,3.1,483.0,0.034914,0.002736
NES-LTER_AE2426_ag_202411081827_003m_R1.sb,20241108,18:27:33,39.928,-70.8643,3.1,484.0,0.034661,0.002725
NES-LTER_AE2426_ag_202411081827_003m_R1.sb,20241108,18:27:33,39.928,-70.8643,3.1,485.0,0.034017,0.002697
NES-LTER_AE2426_ag_202411081827_003m_R1.sb,20241108,18:27:33,39.928,-70.8643,3.1,486.0,0.033419,0.002671
NES-LTER_AE2426_ag_202411081827_003m_R1.sb,20241108,18:27:33,39.928,-70.8643,3.1,487.0,0.032936,0.00265
NES-LTER_AE2426_ag_202411081827_003m_R1.sb,20241108,18:27:33,39.928,-70.8643,3.1,488.0,0.032522,0.002632
NES-LTER_AE2426_ag_202411081827_003m_R1.sb,20241108,18:27:33,39.928,-70.8643,3.1,489.0,0.031878,0.002604
NES-LTER_AE2426_ag_202411081827_003m_R1.sb,20241108,18:27:33,39.928,-70.8643,3.1,490.0,0.031579,0.002591
NES-LTER_AE2426_ag_202411081827_003m_R1.sb,20241108,18:27:33,39.928,-70.8643,3.1,491.0,0.031188,0.002574
NES-LTER_AE2426_ag_202411081827_003m_R1.sb,20241108,18:27:33,39.928,-70.8643,3.1,492.0,0.030935,0.002563
NES-LTER_AE2426_ag_202411081827_003m_R1.sb,20241108,18:27:33,39.928,-70.8643,3.1,493.0,0.030199,0.002531
NES-LTER_AE2426_ag_202411081827_003m_R1.sb,20241108,18:27:33,39.928,-70.8643,3.1,494.0,0.029601,0.002505
NES-LTER_AE2426_ag_202411081827_003m_R1.sb,20241108,18:27:33,39.928,-70.8643,3.1,495.0,0.029348,0.002494
NES-LTER_AE2426_ag_202411081827_003m_R1.sb,20241108,18:27:33,39.928,-70.8643,3.1,496.0,0.029233,0.002489
NES-LTER_AE2426_ag_202411081827_003m_R1.sb,20241108,18:27:33,39.928,-70.8643,3.1,497.0,0.029463,0.002499
NES-LTER_AE2426_ag_202411081827_003m_R1.sb,20241108,18:27:33,39.928,-70.8643,3.1,498.0,0.029256,0.00249
NES-LTER_AE2426_ag_202411081827_003m_R1.sb,20241108,18:27:33,39.928,-70.8643,3.1,499.0,0.029417,0.002497
NES-LTER_AE2426_ag_202411081827_003m_R1.sb,20241108,18:27:33,39.928,-70.8643,3.1,500.0,0.028796,0.00247
NES-LTER_AE2426_ag_202411081827_003m_R1.sb,20241108,18:27:33,39.928,-70.8643,3.1,501.0,0.028451,0.002455
NES-LTER_AE2426_ag_202411081827_003m_R1.sb,20241108,18:27:33,39.928,-70.8643,3.1,502.0,0.027715,0.002423
NES-LTER_AE2426_ag_202411081827_003m_R1.sb,20241108,18:27:33,39.928,-70.8643,3.1,503.0,0.027761,0.002425
NES-LTER_AE2426_ag_202411081827_003m_R1.sb,20241108,18:27:33,39.928,-70.8643,3.1,504.0,0.027232,0.002402
NES-LTER_AE2426_ag_202411081827_003m_R1.sb,20241108,18:27:33,39.928,-70.8643,3.1,505.0,0.026818,0.002384
NES-LTER_AE2426_ag_202411081827_003m_R1.sb,20241108,18:27:33,39.928,-70.8643,3.1,506.0,0.026151,0.002355
NES-LTER_AE2426_ag_202411081827_003m_R1.sb,20241108,18:27:33,39.928,-70.8643,3.1,507.0,0.026197,0.002357
NES-LTER_AE2426_ag_202411081827_003m_R1.sb,20241108,18:27:33,39.928,-70.8643,3.1,508.0,0.025576,0.00233
NES-LTER_AE2426_ag_202411081827_003m_R1.sb,20241108,18:27:33,39.928,-70.8643,3.1,509.0,0.0253,0.002318
NES-LTER_AE2426_ag_202411081827_003m_R1.sb,20241108,18:27:33,39.928,-70.8643,3.1,510.0,0.024863,0.002299
NES-LTER_AE2426_ag_202411081827_003m_R1.sb,20241108,18:27:33,39.928,-70.8643,3.1,511.0,0.024863,0.002299
NES-LTER_AE2426_ag_202411081827_003m_R1.sb,20241108,18:27:33,39.928,-70.8643,3.1,512.0,0.024725,0.002293
NES-LTER_AE2426_ag_202411081827_003m_R1.sb,20241108,18:27:33,39.928,-70.8643,3.1,513.0,0.024518,0.002284
NES-LTER_AE2426_ag_202411081827_003m_R1.sb,20241108,18:27:33,39.928,-70.8643,3.1,514.0,0.024587,0.002287
NES-LTER_AE2426_ag_202411081827_003m_R1.sb,20241108,18:27:33,39.928,-70.8643,3.1,515.0,0.02461,0.002288
NES-LTER_AE2426_ag_202411081827_003m_R1.sb,20241108,18:27:33,39.928,-70.8643,3.1,516.0,0.024495,0.002283
NES-LTER_AE2426_ag_202411081827_003m_R1.sb,20241108,18:27:33,39.928,-70.8643,3.1,517.0,0.023874,0.002256
NES-LTER_AE2426_ag_202411081827_003m_R1.sb,20241108,18:27:33,39.928,-70.8643,3.1,518.0,0.023644,0.002246
NES-LTER_AE2426_ag_202411081827_003m_R1.sb,20241108,18:27:33,39.928,-70.8643,3.1,519.0,0.023092,0.002222
NES-LTER_AE2426_ag_202411081827_003m_R1.sb,20241108,18:27:33,39.928,-70.8643,3.1,520.0,0.023483,0.002239
NES-LTER_AE2426_ag_202411081827_003m_R1.sb,20241108,18:27:33,39.928,-70.8643,3.1,521.0,0.022908,0.002214
NES-LTER_AE2426_ag_202411081827_003m_R1.sb,20241108,18:27:33,39.928,-70.8643,3.1,522.0,0.023161,0.002225
NES-LTER_AE2426_ag_202411081827_003m_R1.sb,20241108,18:27:33,39.928,-70.8643,3.1,523.0,0.022517,0.002197
NES-LTER_AE2426_ag_202411081827_003m_R1.sb,20241108,18:27:33,39.928,-70.8643,3.1,524.0,0.02208,0.002178
NES-LTER_AE2426_ag_202411081827_003m_R1.sb,20241108,18:27:33,39.928,-70.8643,3.1,525.0,0.021528,0.002154
NES-LTER_AE2426_ag_202411081827_003m_R1.sb,20241108,18:27:33,39.928,-70.8643,3.1,526.0,0.021183,0.002139
NES-LTER_AE2426_ag_202411081827_003m_R1.sb,20241108,18:27:33,39.928,-70.8643,3.1,527.0,0.021022,0.002132
NES-LTER_AE2426_ag_202411081827_003m_R1.sb,20241108,18:27:33,39.928,-70.8643,3.1,528.0,0.020999,0.002131
NES-LTER_AE2426_ag_202411081827_003m_R1.sb,20241108,18:27:33,39.928,-70.8643,3.1,529.0,0.020562,0.002112
NES-LTER_AE2426_ag_202411081827_003m_R1.sb,20241108,18:27:33,39.928,-70.8643,3.1,530.0,0.020539,0.002111
NES-LTER_AE2426_ag_202411081827_003m_R1.sb,20241108,18:27:33,39.928,-70.8643,3.1,531.0,0.020171,0.002095
NES-LTER_AE2426_ag_202411081827_003m_R1.sb,20241108,18:27:33,39.928,-70.8643,3.1,532.0,0.020378,0.002104
NES-LTER_AE2426_ag_202411081827_003m_R1.sb,20241108,18:27:33,39.928,-70.8643,3.1,533.0,0.020033,0.002089
NES-LTER_AE2426_ag_202411081827_003m_R1.sb,20241108,18:27:33,39.928,-70.8643,3.1,534.0,0.019596,0.00207
NES-LTER_AE2426_ag_202411081827_003m_R1.sb,20241108,18:27:33,39.928,-70.8643,3.1,535.0,0.019182,0.002052
NES-LTER_AE2426_ag_202411081827_003m_R1.sb,20241108,18:27:33,39.928,-70.8643,3.1,536.0,0.019159,0.002051
NES-LTER_AE2426_ag_202411081827_003m_R1.sb,20241108,18:27:33,39.928,-70.8643,3.1,537.0,0.018929,0.002041
NES-LTER_AE2426_ag_202411081827_003m_R1.sb,20241108,18:27:33,39.928,-70.8643,3.1,538.0,0.018791,0.002035
NES-LTER_AE2426_ag_202411081827_003m_R1.sb,20241108,18:27:33,39.928,-70.8643,3.1,539.0,0.018883,0.002039
NES-LTER_AE2426_ag_202411081827_003m_R1.sb,20241108,18:27:33,39.928,-70.8643,3.1,540.0,0.01909,0.002048
NES-LTER_AE2426_ag_202411081827_003m_R1.sb,20241108,18:27:33,39.928,-70.8643,3.1,541.0,0.0184,0.002018
NES-LTER_AE2426_ag_202411081827_003m_R1.sb,20241108,18:27:33,39.928,-70.8643,3.1,542.0,0.017871,0.001995
NES-LTER_AE2426_ag_202411081827_003m_R1.sb,20241108,18:27:33,39.928,-70.8643,3.1,543.0,0.017503,0.001979
NES-LTER_AE2426_ag_202411081827_003m_R1.sb,20241108,18:27:33,39.928,-70.8643,3.1,544.0,0.017687,0.001987
NES-LTER_AE2426_ag_202411081827_003m_R1.sb,20241108,18:27:33,39.928,-70.8643,3.1,545.0,0.017227,0.001967
NES-LTER_AE2426_ag_202411081827_003m_R1.sb,20241108,18:27:33,39.928,-70.8643,3.1,546.0,0.016882,0.001952
NES-LTER_AE2426_ag_202411081827_003m_R1.sb,20241108,18:27:33,39.928,-70.8643,3.1,547.0,0.016537,0.001937
NES-LTER_AE2426_ag_202411081827_003m_R1.sb,20241108,18:27:33,39.928,-70.8643,3.1,548.0,0.016376,0.00193
NES-LTER_AE2426_ag_202411081827_003m_R1.sb,20241108,18:27:33,39.928,-70.8643,3.1,549.0,0.016031,0.001915
NES-LTER_AE2426_ag_202411081827_003m_R1.sb,20241108,18:27:33,39.928,-70.8643,3.1,550.0,0.0161,0.001918
NES-LTER_AE2426_ag_202411081827_003m_R1.sb,20241108,18:27:33,39.928,-70.8643,3.1,551.0,0.0161,0.001918
NES-LTER_AE2426_ag_202411081827_003m_R1.sb,20241108,18:27:33,39.928,-70.8643,3.1,552.0,0.016238,0.001924
NES-LTER_AE2426_ag_202411081827_003m_R1.sb,20241108,18:27:33,39.928,-70.8643,3.1,553.0,0.016077,0.001917
NES-LTER_AE2426_ag_202411081827_003m_R1.sb,20241108,18:27:33,39.928,-70.8643,3.1,554.0,0.015985,0.001913
NES-LTER_AE2426_ag_202411081827_003m_R1.sb,20241108,18:27:33,39.928,-70.8643,3.1,555.0,0.015456,0.00189
NES-LTER_AE2426_ag_202411081827_003m_R1.sb,20241108,18:27:33,39.928,-70.8643,3.1,556.0,0.015157,0.001877
NES-LTER_AE2426_ag_202411081827_003m_R1.sb,20241108,18:27:33,39.928,-70.8643,3.1,557.0,0.015019,0.001871
NES-LTER_AE2426_ag_202411081827_003m_R1.sb,20241108,18:27:33,39.928,-70.8643,3.1,558.0,0.015019,0.001871
NES-LTER_AE2426_ag_202411081827_003m_R1.sb,20241108,18:27:33,39.928,-70.8643,3.1,559.0,0.014881,0.001865
NES-LTER_AE2426_ag_202411081827_003m_R1.sb,20241108,18:27:33,39.928,-70.8643,3.1,560.0,0.014398,0.001844
NES-LTER_AE2426_ag_202411081827_003m_R1.sb,20241108,18:27:33,39.928,-70.8643,3.1,561.0,0.014398,0.001844
NES-LTER_AE2426_ag_202411081827_003m_R1.sb,20241108,18:27:33,39.928,-70.8643,3.1,562.0,0.01426,0.001838
NES-LTER_AE2426_ag_202411081827_003m_R1.sb,20241108,18:27:33,39.928,-70.8643,3.1,563.0,0.014076,0.00183
NES-LTER_AE2426_ag_202411081827_003m_R1.sb,20241108,18:27:33,39.928,-70.8643,3.1,564.0,0.013616,0.00181
NES-LTER_AE2426_ag_202411081827_003m_R1.sb,20241108,18:27:33,39.928,-70.8643,3.1,565.0,0.01334,0.001798
NES-LTER_AE2426_ag_202411081827_003m_R1.sb,20241108,18:27:33,39.928,-70.8643,3.1,566.0,0.012949,0.001781
NES-LTER_AE2426_ag_202411081827_003m_R1.sb,20241108,18:27:33,39.928,-70.8643,3.1,567.0,0.012604,0.001766
NES-LTER_AE2426_ag_202411081827_003m_R1.sb,20241108,18:27:33,39.928,-70.8643,3.1,568.0,0.01242,0.001758
NES-LTER_AE2426_ag_202411081827_003m_R1.sb,20241108,18:27:33,39.928,-70.8643,3.1,569.0,0.012213,0.001749
NES-LTER_AE2426_ag_202411081827_003m_R1.sb,20241108,18:27:33,39.928,-70.8643,3.1,570.0,0.012259,0.001751
NES-LTER_AE2426_ag_202411081827_003m_R1.sb,20241108,18:27:33,39.928,-70.8643,3.1,571.0,0.011845,0.001733
NES-LTER_AE2426_ag_202411081827_003m_R1.sb,20241108,18:27:33,39.928,-70.8643,3.1,572.0,0.01196,0.001738
NES-LTER_AE2426_ag_202411081827_003m_R1.sb,20241108,18:27:33,39.928,-70.8643,3.1,573.0,0.011891,0.001735
NES-LTER_AE2426_ag_202411081827_003m_R1.sb,20241108,18:27:33,39.928,-70.8643,3.1,574.0,0.011845,0.001733
NES-LTER_AE2426_ag_202411081827_003m_R1.sb,20241108,18:27:33,39.928,-70.8643,3.1,575.0,0.011753,0.001729
NES-LTER_AE2426_ag_202411081827_003m_R1.sb,20241108,18:27:33,39.928,-70.8643,3.1,576.0,0.011615,0.001723
NES-LTER_AE2426_ag_202411081827_003m_R1.sb,20241108,18:27:33,39.928,-70.8643,3.1,577.0,0.011868,0.001734
NES-LTER_AE2426_ag_202411081827_003m_R1.sb,20241108,18:27:33,39.928,-70.8643,3.1,578.0,0.01173,0.001728
NES-LTER_AE2426_ag_202411081827_003m_R1.sb,20241108,18:27:33,39.928,-70.8643,3.1,579.0,0.011362,0.001712
NES-LTER_AE2426_ag_202411081827_003m_R1.sb,20241108,18:27:33,39.928,-70.8643,3.1,580.0,0.010649,0.001681
NES-LTER_AE2426_ag_202411081827_003m_R1.sb,20241108,18:27:33,39.928,-70.8643,3.1,581.0,0.010258,0.001664
NES-LTER_AE2426_ag_202411081827_003m_R1.sb,20241108,18:27:33,39.928,-70.8643,3.1,582.0,0.009729,0.001641
NES-LTER_AE2426_ag_202411081827_003m_R1.sb,20241108,18:27:33,39.928,-70.8643,3.1,583.0,0.009568,0.001634
NES-LTER_AE2426_ag_202411081827_003m_R1.sb,20241108,18:27:33,39.928,-70.8643,3.1,584.0,0.009384,0.001626
NES-LTER_AE2426_ag_202411081827_003m_R1.sb,20241108,18:27:33,39.928,-70.8643,3.1,585.0,0.009269,0.001621
NES-LTER_AE2426_ag_202411081827_003m_R1.sb,20241108,18:27:33,39.928,-70.8643,3.1,586.0,0.008993,0.001609
NES-LTER_AE2426_ag_202411081827_003m_R1.sb,20241108,18:27:33,39.928,-70.8643,3.1,587.0,0.008602,0.001592
NES-LTER_AE2426_ag_202411081827_003m_R1.sb,20241108,18:27:33,39.928,-70.8643,3.1,588.0,0.008855,0.001603
NES-LTER_AE2426_ag_202411081827_003m_R1.sb,20241108,18:27:33,39.928,-70.8643,3.1,589.0,0.008924,0.001606
NES-LTER_AE2426_ag_202411081827_003m_R1.sb,20241108,18:27:33,39.928,-70.8643,3.1,590.0,0.008786,0.0016
NES-LTER_AE2426_ag_202411081827_003m_R1.sb,20241108,18:27:33,39.928,-70.8643,3.1,591.0,0.00805,0.001568
NES-LTER_AE2426_ag_202411081827_003m_R1.sb,20241108,18:27:33,39.928,-70.8643,3.1,592.0,0.007728,0.001554
NES-LTER_AE2426_ag_202411081827_003m_R1.sb,20241108,18:27:33,39.928,-70.8643,3.1,593.0,0.007889,0.001561
NES-LTER_AE2426_ag_202411081827_003m_R1.sb,20241108,18:27:33,39.928,-70.8643,3.1,594.0,0.007958,0.001564
NES-LTER_AE2426_ag_202411081827_003m_R1.sb,20241108,18:27:33,39.928,-70.8643,3.1,595.0,0.007613,0.001549
NES-LTER_AE2426_ag_202411081827_003m_R1.sb,20241108,18:27:33,39.928,-70.8643,3.1,596.0,0.0069,0.001518
NES-LTER_AE2426_ag_202411081827_003m_R1.sb,20241108,18:27:33,39.928,-70.8643,3.1,597.0,0.00667,0.001508
NES-LTER_AE2426_ag_202411081827_003m_R1.sb,20241108,18:27:33,39.928,-70.8643,3.1,598.0,0.006532,0.001502
NES-LTER_AE2426_ag_202411081827_003m_R1.sb,20241108,18:27:33,39.928,-70.8643,3.1,599.0,0.006325,0.001493
NES-LTER_AE2426_ag_202411081827_003m_R1.sb,20241108,18:27:33,39.928,-70.8643,3.1,600.0,0.00644,0.001498
NES-LTER_AE2426_ag_202411081827_003m_R1.sb,20241108,18:27:33,39.928,-70.8643,3.1,601.0,0.006371,0.001495
NES-LTER_AE2426_ag_202411081827_003m_R1.sb,20241108,18:27:33,39.928,-70.8643,3.1,602.0,0.006302,0.001492
NES-LTER_AE2426_ag_202411081827_003m_R1.sb,20241108,18:27:33,39.928,-70.8643,3.1,603.0,0.006095,0.001483
NES-LTER_AE2426_ag_202411081827_003m_R1.sb,20241108,18:27:33,39.928,-70.8643,3.1,604.0,0.006003,0.001479
NES-LTER_AE2426_ag_202411081827_003m_R1.sb,20241108,18:27:33,39.928,-70.8643,3.1,605.0,0.006532,0.001502
NES-LTER_AE2426_ag_202411081827_003m_R1.sb,20241108,18:27:33,39.928,-70.8643,3.1,606.0,0.006923,0.001519
NES-LTER_AE2426_ag_202411081827_003m_R1.sb,20241108,18:27:33,39.928,-70.8643,3.1,607.0,0.007521,0.001545
NES-LTER_AE2426_ag_202411081827_003m_R1.sb,20241108,18:27:33,39.928,-70.8643,3.1,608.0,0.007797,0.001557
NES-LTER_AE2426_ag_202411081827_003m_R1.sb,20241108,18:27:33,39.928,-70.8643,3.1,609.0,0.007613,0.001549
NES-LTER_AE2426_ag_202411081827_003m_R1.sb,20241108,18:27:33,39.928,-70.8643,3.1,610.0,0.00736,0.001538
NES-LTER_AE2426_ag_202411081827_003m_R1.sb,20241108,18:27:33,39.928,-70.8643,3.1,611.0,0.007199,0.001531
NES-LTER_AE2426_ag_202411081827_003m_R1.sb,20241108,18:27:33,39.928,-70.8643,3.1,612.0,0.007153,0.001529
NES-LTER_AE2426_ag_202411081827_003m_R1.sb,20241108,18:27:33,39.928,-70.8643,3.1,613.0,0.007153,0.001529
NES-LTER_AE2426_ag_202411081827_003m_R1.sb,20241108,18:27:33,39.928,-70.8643,3.1,614.0,0.007406,0.00154
NES-LTER_AE2426_ag_202411081827_003m_R1.sb,20241108,18:27:33,39.928,-70.8643,3.1,615.0,0.007268,0.001534
NES-LTER_AE2426_ag_202411081827_003m_R1.sb,20241108,18:27:33,39.928,-70.8643,3.1,616.0,0.007176,0.00153
NES-LTER_AE2426_ag_202411081827_003m_R1.sb,20241108,18:27:33,39.928,-70.8643,3.1,617.0,0.006946,0.00152
NES-LTER_AE2426_ag_202411081827_003m_R1.sb,20241108,18:27:33,39.928,-70.8643,3.1,618.0,0.006923,0.001519
NES-LTER_AE2426_ag_202411081827_003m_R1.sb,20241108,18:27:33,39.928,-70.8643,3.1,619.0,0.006693,0.001509
NES-LTER_AE2426_ag_202411081827_003m_R1.sb,20241108,18:27:33,39.928,-70.8643,3.1,620.0,0.006555,0.001503
NES-LTER_AE2426_ag_202411081827_003m_R1.sb,20241108,18:27:33,39.928,-70.8643,3.1,621.0,0.006647,0.001507
NES-LTER_AE2426_ag_202411081827_003m_R1.sb,20241108,18:27:33,39.928,-70.8643,3.1,622.0,0.00667,0.001508
NES-LTER_AE2426_ag_202411081827_003m_R1.sb,20241108,18:27:33,39.928,-70.8643,3.1,623.0,0.006693,0.001509
NES-LTER_AE2426_ag_202411081827_003m_R1.sb,20241108,18:27:33,39.928,-70.8643,3.1,624.0,0.006348,0.001494
NES-LTER_AE2426_ag_202411081827_003m_R1.sb,20241108,18:27:33,39.928,-70.8643,3.1,625.0,0.006164,0.001486
NES-LTER_AE2426_ag_202411081827_003m_R1.sb,20241108,18:27:33,39.928,-70.8643,3.1,626.0,0.006095,0.001483
NES-LTER_AE2426_ag_202411081827_003m_R1.sb,20241108,18:27:33,39.928,-70.8643,3.1,627.0,0.006072,0.001482
NES-LTER_AE2426_ag_202411081827_003m_R1.sb,20241108,18:27:33,39.928,-70.8643,3.1,628.0,0.006095,0.001483
NES-LTER_AE2426_ag_202411081827_003m_R1.sb,20241108,18:27:33,39.928,-70.8643,3.1,629.0,0.00552,0.001458
NES-LTER_AE2426_ag_202411081827_003m_R1.sb,20241108,18:27:33,39.928,-70.8643,3.1,630.0,0.005313,0.001449
NES-LTER_AE2426_ag_202411081827_003m_R1.sb,20241108,18:27:33,39.928,-70.8643,3.1,631.0,0.005106,0.00144
NES-LTER_AE2426_ag_202411081827_003m_R1.sb,20241108,18:27:33,39.928,-70.8643,3.1,632.0,0.004853,0.001429
NES-LTER_AE2426_ag_202411081827_003m_R1.sb,20241108,18:27:33,39.928,-70.8643,3.1,633.0,0.004508,0.001414
NES-LTER_AE2426_ag_202411081827_003m_R1.sb,20241108,18:27:33,39.928,-70.8643,3.1,634.0,0.004485,0.001413
NES-LTER_AE2426_ag_202411081827_003m_R1.sb,20241108,18:27:33,39.928,-70.8643,3.1,635.0,0.004347,0.001407
NES-LTER_AE2426_ag_202411081827_003m_R1.sb,20241108,18:27:33,39.928,-70.8643,3.1,636.0,0.004669,0.001421
NES-LTER_AE2426_ag_202411081827_003m_R1.sb,20241108,18:27:33,39.928,-70.8643,3.1,637.0,0.004416,0.00141
NES-LTER_AE2426_ag_202411081827_003m_R1.sb,20241108,18:27:33,39.928,-70.8643,3.1,638.0,0.004485,0.001413
NES-LTER_AE2426_ag_202411081827_003m_R1.sb,20241108,18:27:33,39.928,-70.8643,3.1,639.0,0.003795,0.001383
NES-LTER_AE2426_ag_202411081827_003m_R1.sb,20241108,18:27:33,39.928,-70.8643,3.1,640.0,0.003588,0.001374
NES-LTER_AE2426_ag_202411081827_003m_R1.sb,20241108,18:27:33,39.928,-70.8643,3.1,641.0,0.003289,0.001361
NES-LTER_AE2426_ag_202411081827_003m_R1.sb,20241108,18:27:33,39.928,-70.8643,3.1,642.0,0.003289,0.001361
NES-LTER_AE2426_ag_202411081827_003m_R1.sb,20241108,18:27:33,39.928,-70.8643,3.1,643.0,0.002944,0.001346
NES-LTER_AE2426_ag_202411081827_003m_R1.sb,20241108,18:27:33,39.928,-70.8643,3.1,644.0,0.002783,0.001339
NES-LTER_AE2426_ag_202411081827_003m_R1.sb,20241108,18:27:33,39.928,-70.8643,3.1,645.0,0.00299,0.001348
NES-LTER_AE2426_ag_202411081827_003m_R1.sb,20241108,18:27:33,39.928,-70.8643,3.1,646.0,0.002967,0.001347
NES-LTER_AE2426_ag_202411081827_003m_R1.sb,20241108,18:27:33,39.928,-70.8643,3.1,647.0,0.002806,0.00134
NES-LTER_AE2426_ag_202411081827_003m_R1.sb,20241108,18:27:33,39.928,-70.8643,3.1,648.0,0.002346,0.00132
NES-LTER_AE2426_ag_202411081827_003m_R1.sb,20241108,18:27:33,39.928,-70.8643,3.1,649.0,0.002254,0.001316
NES-LTER_AE2426_ag_202411081827_003m_R1.sb,20241108,18:27:33,39.928,-70.8643,3.1,650.0,0.002438,0.001324
NES-LTER_AE2426_ag_202411081827_003m_R1.sb,20241108,18:27:33,39.928,-70.8643,3.1,651.0,0.002484,0.001326
NES-LTER_AE2426_ag_202411081827_003m_R1.sb,20241108,18:27:33,39.928,-70.8643,3.1,652.0,0.002047,0.001307
NES-LTER_AE2426_ag_202411081827_003m_R1.sb,20241108,18:27:33,39.928,-70.8643,3.1,653.0,0.001702,0.001292
NES-LTER_AE2426_ag_202411081827_003m_R1.sb,20241108,18:27:33,39.928,-70.8643,3.1,654.0,0.000943,0.001259
NES-LTER_AE2426_ag_202411081827_003m_R1.sb,20241108,18:27:33,39.928,-70.8643,3.1,655.0,0.000828,0.001254
NES-LTER_AE2426_ag_202411081827_003m_R1.sb,20241108,18:27:33,39.928,-70.8643,3.1,656.0,0.000345,0.001233
NES-LTER_AE2426_ag_202411081827_003m_R1.sb,20241108,18:27:33,39.928,-70.8643,3.1,657.0,0.000437,0.001237
NES-LTER_AE2426_ag_202411081827_003m_R1.sb,20241108,18:27:33,39.928,-70.8643,3.1,658.0,0.00023,0.001228
NES-LTER_AE2426_ag_202411081827_003m_R1.sb,20241108,18:27:33,39.928,-70.8643,3.1,659.0,0.000161,0.001225
NES-LTER_AE2426_ag_202411081827_003m_R1.sb,20241108,18:27:33,39.928,-70.8643,3.1,660.0,-0.000161,0.001211
NES-LTER_AE2426_ag_202411081827_003m_R1.sb,20241108,18:27:33,39.928,-70.8643,3.1,661.0,-0.000299,0.001205
NES-LTER_AE2426_ag_202411081827_003m_R1.sb,20241108,18:27:33,39.928,-70.8643,3.1,662.0,-0.000506,0.001196
NES-LTER_AE2426_ag_202411081827_003m_R1.sb,20241108,18:27:33,39.928,-70.8643,3.1,663.0,-4.6e-05,0.001216
NES-LTER_AE2426_ag_202411081827_003m_R1.sb,20241108,18:27:33,39.928,-70.8643,3.1,664.0,0.000207,0.001227
NES-LTER_AE2426_ag_202411081827_003m_R1.sb,20241108,18:27:33,39.928,-70.8643,3.1,665.0,0.000391,0.001235
NES-LTER_AE2426_ag_202411081827_003m_R1.sb,20241108,18:27:33,39.928,-70.8643,3.1,666.0,0.000322,0.001232
NES-LTER_AE2426_ag_202411081827_003m_R1.sb,20241108,18:27:33,39.928,-70.8643,3.1,667.0,0.000322,0.001232
NES-LTER_AE2426_ag_202411081827_003m_R1.sb,20241108,18:27:33,39.928,-70.8643,3.1,668.0,0.000138,0.001224
NES-LTER_AE2426_ag_202411081827_003m_R1.sb,20241108,18:27:33,39.928,-70.8643,3.1,669.0,-9.2e-05,0.001214
NES-LTER_AE2426_ag_202411081827_003m_R1.sb,20241108,18:27:33,39.928,-70.8643,3.1,670.0,-0.000276,0.001206
NES-LTER_AE2426_ag_202411081827_003m_R1.sb,20241108,18:27:33,39.928,-70.8643,3.1,671.0,6.9e-05,0.001221
NES-LTER_AE2426_ag_202411081827_003m_R1.sb,20241108,18:27:33,39.928,-70.8643,3.1,672.0,-0.000345,0.001203
NES-LTER_AE2426_ag_202411081827_003m_R1.sb,20241108,18:27:33,39.928,-70.8643,3.1,673.0,-0.000621,0.001191
NES-LTER_AE2426_ag_202411081827_003m_R1.sb,20241108,18:27:33,39.928,-70.8643,3.1,674.0,-0.001035,0.001173
NES-LTER_AE2426_ag_202411081827_003m_R1.sb,20241108,18:27:33,39.928,-70.8643,3.1,675.0,-0.000759,0.001185
NES-LTER_AE2426_ag_202411081827_003m_R1.sb,20241108,18:27:33,39.928,-70.8643,3.1,676.0,-0.000989,0.001175
NES-LTER_AE2426_ag_202411081827_003m_R1.sb,20241108,18:27:33,39.928,-70.8643,3.1,677.0,-0.001104,0.00117
NES-LTER_AE2426_ag_202411081827_003m_R1.sb,20241108,18:27:33,39.928,-70.8643,3.1,678.0,-0.00184,0.001138
NES-LTER_AE2426_ag_202411081827_003m_R1.sb,20241108,18:27:33,39.928,-70.8643,3.1,679.0,-0.001978,0.001132
NES-LTER_AE2426_ag_202411081827_003m_R1.sb,20241108,18:27:33,39.928,-70.8643,3.1,680.0,-0.002392,0.001114
NES-LTER_AE2426_ag_202411081827_003m_R1.sb,20241108,18:27:33,39.928,-70.8643,3.1,681.0,-0.002415,0.001113
NES-LTER_AE2426_ag_202411081827_003m_R1.sb,20241108,18:27:33,39.928,-70.8643,3.1,682.0,-0.002645,0.001103
NES-LTER_AE2426_ag_202411081827_003m_R1.sb,20241108,18:27:33,39.928,-70.8643,3.1,683.0,-0.002921,0.001091
NES-LTER_AE2426_ag_202411081827_003m_R1.sb,20241108,18:27:33,39.928,-70.8643,3.1,684.0,-0.003036,0.001086
NES-LTER_AE2426_ag_202411081827_003m_R1.sb,20241108,18:27:33,39.928,-70.8643,3.1,685.0,-0.003703,0.001057
NES-LTER_AE2426_ag_202411081827_003m_R1.sb,20241108,18:27:33,39.928,-70.8643,3.1,686.0,-0.004324,0.00103
NES-LTER_AE2426_ag_202411081827_003m_R1.sb,20241108,18:27:33,39.928,-70.8643,3.1,687.0,-0.004715,0.001013
NES-LTER_AE2426_ag_202411081827_003m_R1.sb,20241108,18:27:33,39.928,-70.8643,3.1,688.0,-0.004945,0.001003
NES-LTER_AE2426_ag_202411081827_003m_R1.sb,20241108,18:27:33,39.928,-70.8643,3.1,689.0,-0.005106,0.000996
NES-LTER_AE2426_ag_202411081827_003m_R1.sb,20241108,18:27:33,39.928,-70.8643,3.1,690.0,-0.00575,0.000968
NES-LTER_AE2426_ag_202411081827_003m_R1.sb,20241108,18:27:33,39.928,-70.8643,3.1,691.0,-0.006348,0.000942
NES-LTER_AE2426_ag_202411081827_003m_R1.sb,20241108,18:27:33,39.928,-70.8643,3.1,692.0,-0.006647,0.000929
NES-LTER_AE2426_ag_202411081827_003m_R1.sb,20241108,18:27:33,39.928,-70.8643,3.1,693.0,-0.007107,0.000909
NES-LTER_AE2426_ag_202411081827_003m_R1.sb,20241108,18:27:33,39.928,-70.8643,3.1,694.0,-0.007222,0.000904
NES-LTER_AE2426_ag_202411081827_003m_R1.sb,20241108,18:27:33,39.928,-70.8643,3.1,695.0,-0.007544,0.00089
NES-LTER_AE2426_ag_202411081827_003m_R1.sb,20241108,18:27:33,39.928,-70.8643,3.1,696.0,-0.008234,0.00086
NES-LTER_AE2426_ag_202411081827_003m_R1.sb,20241108,18:27:33,39.928,-70.8643,3.1,697.0,-0.008924,0.00083
NES-LTER_AE2426_ag_202411081827_003m_R1.sb,20241108,18:27:33,39.928,-70.8643,3.1,698.0,-0.009614,0.0008
NES-LTER_AE2426_ag_202411081827_003m_R1.sb,20241108,18:27:33,39.928,-70.8643,3.1,699.0,-0.009706,0.000796
NES-LTER_AE2426_ag_202411081827_003m_R1.sb,20241108,18:27:33,39.928,-70.8643,3.1,700.0,-0.009982,0.000784
NES-LTER_AE2426_ag_202411081827_003m_R1.sb,20241108,18:27:33,39.928,-70.8643,3.1,701.0,-0.01058,0.000758
NES-LTER_AE2426_ag_202411081827_003m_R1.sb,20241108,18:27:33,39.928,-70.8643,3.1,702.0,-0.011017,0.000739
NES-LTER_AE2426_ag_202411081827_003m_R1.sb,20241108,18:27:33,39.928,-70.8643,3.1,703.0,-0.011753,0.000707
NES-LTER_AE2426_ag_202411081827_003m_R1.sb,20241108,18:27:33,39.928,-70.8643,3.1,704.0,-0.012328,0.000682
NES-LTER_AE2426_ag_202411081827_003m_R1.sb,20241108,18:27:33,39.928,-70.8643,3.1,705.0,-0.012719,0.000665
NES-LTER_AE2426_ag_202411081827_003m_R1.sb,20241108,18:27:33,39.928,-70.8643,3.1,706.0,-0.012489,0.000675
NES-LTER_AE2426_ag_202411081827_003m_R1.sb,20241108,18:27:33,39.928,-70.8643,3.1,707.0,-0.01242,0.000678
NES-LTER_AE2426_ag_202411081827_003m_R1.sb,20241108,18:27:33,39.928,-70.8643,3.1,708.0,-0.012604,0.00067
NES-LTER_AE2426_ag_202411081827_003m_R1.sb,20241108,18:27:33,39.928,-70.8643,3.1,709.0,-0.013386,0.000636
NES-LTER_AE2426_ag_202411081827_003m_R1.sb,20241108,18:27:33,39.928,-70.8643,3.1,710.0,-0.014053,0.000607
NES-LTER_AE2426_ag_202411081827_003m_R1.sb,20241108,18:27:33,39.928,-70.8643,3.1,711.0,-0.014283,0.000597
NES-LTER_AE2426_ag_202411081827_003m_R1.sb,20241108,18:27:33,39.928,-70.8643,3.1,712.0,-0.014674,0.00058
NES-LTER_AE2426_ag_202411081827_003m_R1.sb,20241108,18:27:33,39.928,-70.8643,3.1,713.0,-0.014904,0.00057
NES-LTER_AE2426_ag_202411081827_003m_R1.sb,20241108,18:27:33,39.928,-70.8643,3.1,714.0,-0.015456,0.000546
NES-LTER_AE2426_ag_202411081827_003m_R1.sb,20241108,18:27:33,39.928,-70.8643,3.1,715.0,-0.015433,0.000547
NES-LTER_AE2426_ag_202411081827_003m_R1.sb,20241108,18:27:33,39.928,-70.8643,3.1,716.0,-0.0161,0.000518
NES-LTER_AE2426_ag_202411081827_003m_R1.sb,20241108,18:27:33,39.928,-70.8643,3.1,717.0,-0.016721,0.000491
NES-LTER_AE2426_ag_202411081827_003m_R1.sb,20241108,18:27:33,39.928,-70.8643,3.1,718.0,-0.017227,0.000469
NES-LTER_AE2426_ag_202411081827_003m_R1.sb,20241108,18:27:33,39.928,-70.8643,3.1,719.0,-0.017273,0.000467
NES-LTER_AE2426_ag_202411081827_003m_R1.sb,20241108,18:27:33,39.928,-70.8643,3.1,720.0,-0.017641,0.000451
NES-LTER_AE2426_ag_202411081827_003m_R1.sb,20241108,18:27:33,39.928,-70.8643,3.1,721.0,-0.017894,0.00044
NES-LTER_AE2426_ag_202411081827_003m_R1.sb,20241108,18:27:33,39.928,-70.8643,3.1,722.0,-0.018124,0.00043
NES-LTER_AE2426_ag_202411081827_003m_R1.sb,20241108,18:27:33,39.928,-70.8643,3.1,723.0,-0.018262,0.000424
NES-LTER_AE2426_ag_202411081827_003m_R1.sb,20241108,18:27:33,39.928,-70.8643,3.1,724.0,-0.019136,0.000386
NES-LTER_AE2426_ag_202411081827_003m_R1.sb,20241108,18:27:33,39.928,-70.8643,3.1,725.0,-0.020217,0.000339
NES-LTER_AE2426_ag_202411081827_003m_R1.sb,20241108,18:27:33,39.928,-70.8643,3.1,726.0,-0.021574,0.00028
NES-LTER_AE2426_ag_202411081827_003m_R1.sb,20241108,18:27:33,39.928,-70.8643,3.1,727.0,-0.022655,0.000233
NES-LTER_AE2426_ag_202411081827_003m_R1.sb,20241108,18:27:33,39.928,-70.8643,3.1,728.0,-0.024495,0.000153
NES-LTER_AE2426_ag_202411081827_003m_R1.sb,20241108,18:27:33,39.928,-70.8643,3.1,729.0,-0.026496,6.6e-05
NES-LTER_AE2426_ag_202411081827_003m_R1.sb,20241108,18:27:33,39.928,-70.8643,3.1,730.0,-0.029049,-4.5e-05
NES-LTER_AE2426_ag_202411081827_003m_R1.sb,20241108,18:27:33,39.928,-70.8643,3.1,731.0,-0.030981,-0.000129
NES-LTER_AE2426_ag_202411081827_003m_R1.sb,20241108,18:27:33,39.928,-70.8643,3.1,732.0,-0.032315,-0.000187
NES-LTER_AE2426_ag_202411081827_003m_R1.sb,20241108,18:27:33,39.928,-70.8643,3.1,733.0,-0.032499,-0.000195
NES-LTER_AE2426_ag_202411081827_003m_R1.sb,20241108,18:27:33,39.928,-70.8643,3.1,734.0,-0.031809,-0.000165
NES-LTER_AE2426_ag_202411081827_003m_R1.sb,20241108,18:27:33,39.928,-70.8643,3.1,735.0,-0.029969,-8.5e-05
NES-LTER_AE2426_ag_202411081827_003m_R1.sb,20241108,18:27:33,39.928,-70.8643,3.1,736.0,-0.027025,4.3e-05
NES-LTER_AE2426_ag_202411081827_003m_R1.sb,20241108,18:27:33,39.928,-70.8643,3.1,737.0,-0.023667,0.000189
NES-LTER_AE2426_ag_202411081827_003m_R1.sb,20241108,18:27:33,39.928,-70.8643,3.1,738.0,-0.019596,0.000366
NES-LTER_AE2426_ag_202411081827_003m_R1.sb,20241108,18:27:33,39.928,-70.8643,3.1,739.0,-0.015778,0.000532
NES-LTER_AE2426_ag_202411081827_003m_R1.sb,20241108,18:27:33,39.928,-70.8643,3.1,740.0,-0.012052,0.000694
NES-LTER_AE2426_ag_202411081827_003m_R1.sb,20241108,18:27:33,39.928,-70.8643,3.1,741.0,-0.008671,0.000841
NES-LTER_AE2426_ag_202411081827_003m_R1.sb,20241108,18:27:33,39.928,-70.8643,3.1,742.0,-0.005566,0.000976
NES-LTER_AE2426_ag_202411081827_003m_R1.sb,20241108,18:27:33,39.928,-70.8643,3.1,743.0,-0.002185,0.001123
NES-LTER_AE2426_ag_202411081827_003m_R1.sb,20241108,18:27:33,39.928,-70.8643,3.1,744.0,-0.000138,0.001212
NES-LTER_AE2426_ag_202411081827_003m_R1.sb,20241108,18:27:33,39.928,-70.8643,3.1,745.0,0.002369,0.001321
NES-LTER_AE2426_ag_202411081827_003m_R1.sb,20241108,18:27:33,39.928,-70.8643,3.1,746.0,0.003818,0.001384
NES-LTER_AE2426_ag_202411081827_003m_R1.sb,20241108,18:27:33,39.928,-70.8643,3.1,747.0,0.005612,0.001462
NES-LTER_AE2426_ag_202411081827_003m_R1.sb,20241108,18:27:33,39.928,-70.8643,3.1,748.0,0.006417,0.001497
NES-LTER_AE2426_ag_202411081827_003m_R1.sb,20241108,18:27:33,39.928,-70.8643,3.1,749.0,0.007728,0.001554
NES-LTER_AE2426_ag_202411081827_003m_R1.sb,20241108,18:27:33,39.928,-70.8643,3.1,750.0,0.008878,0.001604
NES-LTER_AE2426_ag_202411081827_003m_R1.sb,20241108,18:27:33,39.928,-70.8643,3.1,751.0,0.009476,0.00163
NES-LTER_AE2426_ag_202411081827_003m_R1.sb,20241108,18:27:33,39.928,-70.8643,3.1,752.0,0.009292,0.001622
NES-LTER_AE2426_ag_202411081827_003m_R1.sb,20241108,18:27:33,39.928,-70.8643,3.1,753.0,0.008694,0.001596
NES-LTER_AE2426_ag_202411081827_003m_R1.sb,20241108,18:27:33,39.928,-70.8643,3.1,754.0,0.008487,0.001587
NES-LTER_AE2426_ag_202411081827_003m_R1.sb,20241108,18:27:33,39.928,-70.8643,3.1,755.0,0.008717,0.001597
NES-LTER_AE2426_ag_202411081827_003m_R1.sb,20241108,18:27:33,39.928,-70.8643,3.1,756.0,0.009062,0.001612
NES-LTER_AE2426_ag_202411081827_003m_R1.sb,20241108,18:27:33,39.928,-70.8643,3.1,757.0,0.009085,0.001613
NES-LTER_AE2426_ag_202411081827_003m_R1.sb,20241108,18:27:33,39.928,-70.8643,3.1,758.0,0.00874,0.001598
NES-LTER_AE2426_ag_202411081827_003m_R1.sb,20241108,18:27:33,39.928,-70.8643,3.1,759.0,0.008165,0.001573
NES-LTER_AE2426_ag_202411081827_003m_R1.sb,20241108,18:27:33,39.928,-70.8643,3.1,760.0,0.008027,0.001567
NES-LTER_AE2426_ag_202411081827_003m_R1.sb,20241108,18:27:33,39.928,-70.8643,3.1,761.0,0.007981,0.001565
NES-LTER_AE2426_ag_202411081827_003m_R1.sb,20241108,18:27:33,39.928,-70.8643,3.1,762.0,0.008073,0.001569
NES-LTER_AE2426_ag_202411081827_003m_R1.sb,20241108,18:27:33,39.928,-70.8643,3.1,763.0,0.007107,0.001527
NES-LTER_AE2426_ag_202411081827_003m_R1.sb,20241108,18:27:33,39.928,-70.8643,3.1,764.0,0.006164,0.001486
NES-LTER_AE2426_ag_202411081827_003m_R1.sb,20241108,18:27:33,39.928,-70.8643,3.1,765.0,0.005612,0.001462
NES-LTER_AE2426_ag_202411081827_003m_R1.sb,20241108,18:27:33,39.928,-70.8643,3.1,766.0,0.005336,0.00145
NES-LTER_AE2426_ag_202411081827_003m_R1.sb,20241108,18:27:33,39.928,-70.8643,3.1,767.0,0.005129,0.001441
NES-LTER_AE2426_ag_202411081827_003m_R1.sb,20241108,18:27:33,39.928,-70.8643,3.1,768.0,0.004209,0.001401
NES-LTER_AE2426_ag_202411081827_003m_R1.sb,20241108,18:27:33,39.928,-70.8643,3.1,769.0,0.003473,0.001369
NES-LTER_AE2426_ag_202411081827_003m_R1.sb,20241108,18:27:33,39.928,-70.8643,3.1,770.0,0.002921,0.001345
NES-LTER_AE2426_ag_202411081827_003m_R1.sb,20241108,18:27:33,39.928,-70.8643,3.1,771.0,0.00299,0.001348
NES-LTER_AE2426_ag_202411081827_003m_R1.sb,20241108,18:27:33,39.928,-70.8643,3.1,772.0,0.002806,0.00134
NES-LTER_AE2426_ag_202411081827_003m_R1.sb,20241108,18:27:33,39.928,-70.8643,3.1,773.0,0.002231,0.001315
NES-LTER_AE2426_ag_202411081827_003m_R1.sb,20241108,18:27:33,39.928,-70.8643,3.1,774.0,0.001242,0.001272
NES-LTER_AE2426_ag_202411081827_003m_R1.sb,20241108,18:27:33,39.928,-70.8643,3.1,775.0,0.000368,0.001234
NES-LTER_AE2426_ag_202411081827_003m_R1.sb,20241108,18:27:33,39.928,-70.8643,3.1,776.0,-4.6e-05,0.001216
NES-LTER_AE2426_ag_202411081827_003m_R1.sb,20241108,18:27:33,39.928,-70.8643,3.1,777.0,-0.000943,0.001177
NES-LTER_AE2426_ag_202411081827_003m_R1.sb,20241108,18:27:33,39.928,-70.8643,3.1,778.0,-0.001219,0.001165
NES-LTER_AE2426_ag_202411081827_003m_R1.sb,20241108,18:27:33,39.928,-70.8643,3.1,779.0,-0.002162,0.001124
NES-LTER_AE2426_ag_202411081827_003m_R1.sb,20241108,18:27:33,39.928,-70.8643,3.1,780.0,-0.00276,0.001098
NES-LTER_AE2426_ag_202411081827_003m_R1.sb,20241108,18:27:33,39.928,-70.8643,3.1,781.0,-0.003197,0.001079
NES-LTER_AE2426_ag_202411081827_003m_R1.sb,20241108,18:27:33,39.928,-70.8643,3.1,782.0,-0.003381,0.001071
NES-LTER_AE2426_ag_202411081827_003m_R1.sb,20241108,18:27:33,39.928,-70.8643,3.1,783.0,-0.003542,0.001064
NES-LTER_AE2426_ag_202411081827_003m_R1.sb,20241108,18:27:33,39.928,-70.8643,3.1,784.0,-0.004853,0.001007
NES-LTER_AE2426_ag_202411081827_003m_R1.sb,20241108,18:27:33,39.928,-70.8643,3.1,785.0,-0.006026,0.000956
NES-LTER_AE2426_ag_202411081827_003m_R1.sb,20241108,18:27:33,39.928,-70.8643,3.1,786.0,-0.007314,0.0009
NES-LTER_AE2426_ag_202411081827_003m_R1.sb,20241108,18:27:33,39.928,-70.8643,3.1,787.0,-0.00782,0.000878
NES-LTER_AE2426_ag_202411081827_003m_R1.sb,20241108,18:27:33,39.928,-70.8643,3.1,788.0,-0.008487,0.000849
NES-LTER_AE2426_ag_202411081827_003m_R1.sb,20241108,18:27:33,39.928,-70.8643,3.1,789.0,-0.008671,0.000841
NES-LTER_AE2426_ag_202411081827_003m_R1.sb,20241108,18:27:33,39.928,-70.8643,3.1,790.0,-0.009706,0.000796
NES-LTER_AE2426_ag_202411081827_003m_R1.sb,20241108,18:27:33,39.928,-70.8643,3.1,791.0,-0.010695,0.000753
NES-LTER_AE2426_ag_202411081827_003m_R1.sb,20241108,18:27:33,39.928,-70.8643,3.1,792.0,-0.012121,0.000691
NES-LTER_AE2426_ag_202411081827_003m_R1.sb,20241108,18:27:33,39.928,-70.8643,3.1,793.0,-0.012972,0.000654
NES-LTER_AE2426_ag_202411081827_003m_R1.sb,20241108,18:27:33,39.928,-70.8643,3.1,794.0,-0.014099,0.000605
NES-LTER_AE2426_ag_202411081827_003m_R1.sb,20241108,18:27:33,39.928,-70.8643,3.1,795.0,-0.014812,0.000574
NES-LTER_AE2426_ag_202411081827_003m_R1.sb,20241108,18:27:33,39.928,-70.8643,3.1,796.0,-0.015755,0.000533
NES-LTER_AE2426_ag_202411081827_003m_R1.sb,20241108,18:27:33,39.928,-70.8643,3.1,797.0,-0.016215,0.000513
NES-LTER_AE2426_ag_202411081827_003m_R1.sb,20241108,18:27:33,39.928,-70.8643,3.1,798.0,-0.016905,0.000483
NES-LTER_AE2426_ag_202411081827_003m_R1.sb,20241108,18:27:33,39.928,-70.8643,3.1,799.0,-0.018055,0.000433
NES-LTER_AE2426_ag_202411081827_003m_R1.sb,20241108,18:27:33,39.928,-70.8643,3.1,800.0,-0.019159,0.000385
NES-LTER_AE2426_ag_202411081827_003m_R1.sb,20241108,18:27:33,39.928,-70.8643,3.1,801.0,-0.020631,0.000321
NES-LTER_AE2426_ag_202411081827_003m_R1.sb,20241108,18:27:33,39.928,-70.8643,3.1,802.0,-0.021091,0.000301
NES-LTER_AE2426_ag_202411081827_003m_R1.sb,20241108,18:27:33,39.928,-70.8643,3.1,803.0,-0.021919,0.000265
NES-LTER_AE2426_ag_202411081827_003m_R1.sb,20241108,18:27:33,39.928,-70.8643,3.1,804.0,-0.022471,0.000241
NES-LTER_AE2426_ag_202411081827_003m_R1.sb,20241108,18:27:33,39.928,-70.8643,3.1,805.0,-0.024012,0.000174
NES-LTER_AE2426_ag_202411081827_003m_R1.sb,20241108,18:27:33,39.928,-70.8643,3.1,806.0,-0.025254,0.00012
NES-LTER_AE2426_ag_202411081827_003m_R1.sb,20241108,18:27:33,39.928,-70.8643,3.1,807.0,-0.026289,7.5e-05
NES-LTER_AE2426_ag_202411081827_003m_R1.sb,20241108,18:27:33,39.928,-70.8643,3.1,808.0,-0.027025,4.3e-05
NES-LTER_AE2426_ag_202411081827_003m_R1.sb,20241108,18:27:33,39.928,-70.8643,3.1,809.0,-0.02806,-2e-06
NES-LTER_AE2426_ag_202411081827_003m_R1.sb,20241108,18:27:33,39.928,-70.8643,3.1,810.0,-0.028865,-3.7e-05
NES-LTER_AE2426_ag_202411081827_003m_R1.sb,20241108,18:27:33,39.928,-70.8643,3.1,811.0,-0.029923,-8.3e-05
NES-LTER_AE2426_ag_202411081827_003m_R1.sb,20241108,18:27:33,39.928,-70.8643,3.1,812.0,-0.030958,-0.000128
NES-LTER_AE2426_ag_202411081827_003m_R1.sb,20241108,18:27:33,39.928,-70.8643,3.1,813.0,-0.031763,-0.000163
NES-LTER_AE2426_ag_202411081827_003m_R1.sb,20241108,18:27:33,39.928,-70.8643,3.1,814.0,-0.032039,-0.000175
NES-LTER_AE2426_ag_202411081827_003m_R1.sb,20241108,18:27:33,39.928,-70.8643,3.1,815.0,-0.0322,-0.000182
NES-LTER_AE2426_ag_202411081827_003m_R1.sb,20241108,18:27:33,39.928,-70.8643,3.1,816.0,-0.033258,-0.000228
NES-LTER_AE2426_ag_202411081827_003m_R1.sb,20241108,18:27:33,39.928,-70.8643,3.1,817.0,-0.033833,-0.000253
NES-LTER_AE2426_ag_202411081827_003m_R1.sb,20241108,18:27:33,39.928,-70.8643,3.1,818.0,-0.034247,-0.000271
NES-LTER_AE2426_ag_202411081827_003m_R1.sb,20241108,18:27:33,39.928,-70.8643,3.1,819.0,-0.034891,-0.000299
NES-LTER_AE2426_ag_202411081827_003m_R1.sb,20241108,18:27:33,39.928,-70.8643,3.1,820.0,-0.036524,-0.00037
NES-LTER_AE2426_ag_202411081827_003m_R1.sb,20241108,18:27:33,39.928,-70.8643,3.1,821.0,-0.038387,-0.000451
NES-LTER_AE2426_ag_202411081827_003m_R1.sb,20241108,18:27:33,39.928,-70.8643,3.1,822.0,-0.039675,-0.000507
NES-LTER_AE2426_ag_202411081827_003m_R1.sb,20241108,18:27:33,39.928,-70.8643,3.1,823.0,-0.041354,-0.00058
NES-LTER_AE2426_ag_202411081827_003m_R1.sb,20241108,18:27:33,39.928,-70.8643,3.1,824.0,-0.043631,-0.000679
NES-LTER_AE2426_ag_202411081827_003m_R1.sb,20241108,18:27:33,39.928,-70.8643,3.1,825.0,-0.046437,-0.000801
NES-LTER_AE2426_ag_202411081827_003m_R1.sb,20241108,18:27:33,39.928,-70.8643,3.1,826.0,-0.048944,-0.00091
NES-LTER_AE2426_ag_202411081827_003m_R1.sb,20241108,18:27:33,39.928,-70.8643,3.1,827.0,-0.052187,-0.001051
NES-LTER_AE2426_ag_202411081827_003m_R1.sb,20241108,18:27:33,39.928,-70.8643,3.1,828.0,-0.055913,-0.001213
NES-LTER_AE2426_ag_202411081827_003m_R1.sb,20241108,18:27:33,39.928,-70.8643,3.1,829.0,-0.058903,-0.001343
NES-LTER_AE2426_ag_202411081827_003m_R1.sb,20241108,18:27:33,39.928,-70.8643,3.1,830.0,-0.060421,-0.001409
NES-LTER_AE2426_ag_202411081827_003m_R1.sb,20241108,18:27:33,39.928,-70.8643,3.1,831.0,-0.059846,-0.001384
NES-LTER_AE2426_ag_202411081827_003m_R1.sb,20241108,18:27:33,39.928,-70.8643,3.1,832.0,-0.057983,-0.001303
NES-LTER_AE2426_ag_202411081827_003m_R1.sb,20241108,18:27:33,39.928,-70.8643,3.1,833.0,-0.0552,-0.001182
NES-LTER_AE2426_ag_202411081827_003m_R1.sb,20241108,18:27:33,39.928,-70.8643,3.1,834.0,-0.051244,-0.00101
NES-LTER_AE2426_ag_202411081827_003m_R1.sb,20241108,18:27:33,39.928,-70.8643,3.1,835.0,-0.047012,-0.000826
NES-LTER_AE2426_ag_202411081827_003m_R1.sb,20241108,18:27:33,39.928,-70.8643,3.1,836.0,-0.041653,-0.000593
NES-LTER_AE2426_ag_202411081827_003m_R1.sb,20241108,18:27:33,39.928,-70.8643,3.1,837.0,-0.037375,-0.000407
NES-LTER_AE2426_ag_202411081827_003m_R1.sb,20241108,18:27:33,39.928,-70.8643,3.1,838.0,-0.033327,-0.000231
NES-LTER_AE2426_ag_202411081827_003m_R1.sb,20241108,18:27:33,39.928,-70.8643,3.1,839.0,-0.029992,-8.6e-05
NES-LTER_AE2426_ag_202411081827_003m_R1.sb,20241108,18:27:33,39.928,-70.8643,3.1,840.0,-0.027002,4.4e-05
NES-LTER_AE2426_ag_202411081827_003m_R1.sb,20241108,18:27:33,39.928,-70.8643,3.1,841.0,-0.024564,0.00015
NES-LTER_AE2426_ag_202411081827_003m_R1.sb,20241108,18:27:33,39.928,-70.8643,3.1,842.0,-0.022264,0.00025
NES-LTER_AE2426_ag_202411081827_003m_R1.sb,20241108,18:27:33,39.928,-70.8643,3.1,843.0,-0.020539,0.000325
NES-LTER_AE2426_ag_202411081827_003m_R1.sb,20241108,18:27:33,39.928,-70.8643,3.1,844.0,-0.019228,0.000382
NES-LTER_AE2426_ag_202411081827_003m_R1.sb,20241108,18:27:33,39.928,-70.8643,3.1,845.0,-0.018837,0.000399
NES-LTER_AE2426_ag_202411081827_003m_R1.sb,20241108,18:27:33,39.928,-70.8643,3.1,846.0,-0.018538,0.000412
NES-LTER_AE2426_ag_202411081827_003m_R1.sb,20241108,18:27:33,39.928,-70.8643,3.1,847.0,-0.018768,0.000402
NES-LTER_AE2426_ag_202411081827_003m_R1.sb,20241108,18:27:33,39.928,-70.8643,3.1,848.0,-0.01886,0.000398
NES-LTER_AE2426_ag_202411081827_003m_R1.sb,20241108,18:27:33,39.928,-70.8643,3.1,849.0,-0.017779,0.000445
NES-LTER_AE2426_ag_202411081827_003m_R1.sb,20241108,18:27:33,39.928,-70.8643,3.1,850.0,-0.01794,0.000438
NES-LTER_AE2426_ag_202411090118_004m_R1.sb,20241109,01:18:19,40.0481,-70.8842,3.6,300.0,0.363145,0.016084
NES-LTER_AE2426_ag_202411090118_004m_R1.sb,20241109,01:18:19,40.0481,-70.8842,3.6,301.0,0.355532,0.015753
NES-LTER_AE2426_ag_202411090118_004m_R1.sb,20241109,01:18:19,40.0481,-70.8842,3.6,302.0,0.348264,0.015437
NES-LTER_AE2426_ag_202411090118_004m_R1.sb,20241109,01:18:19,40.0481,-70.8842,3.6,303.0,0.341134,0.015127
NES-LTER_AE2426_ag_202411090118_004m_R1.sb,20241109,01:18:19,40.0481,-70.8842,3.6,304.0,0.334648,0.014845
NES-LTER_AE2426_ag_202411090118_004m_R1.sb,20241109,01:18:19,40.0481,-70.8842,3.6,305.0,0.327449,0.014532
NES-LTER_AE2426_ag_202411090118_004m_R1.sb,20241109,01:18:19,40.0481,-70.8842,3.6,306.0,0.319652,0.014193
NES-LTER_AE2426_ag_202411090118_004m_R1.sb,20241109,01:18:19,40.0481,-70.8842,3.6,307.0,0.312177,0.013868
NES-LTER_AE2426_ag_202411090118_004m_R1.sb,20241109,01:18:19,40.0481,-70.8842,3.6,308.0,0.305392,0.013573
NES-LTER_AE2426_ag_202411090118_004m_R1.sb,20241109,01:18:19,40.0481,-70.8842,3.6,309.0,0.299711,0.013326
NES-LTER_AE2426_ag_202411090118_004m_R1.sb,20241109,01:18:19,40.0481,-70.8842,3.6,310.0,0.293455,0.013054
NES-LTER_AE2426_ag_202411090118_004m_R1.sb,20241109,01:18:19,40.0481,-70.8842,3.6,311.0,0.287107,0.012778
NES-LTER_AE2426_ag_202411090118_004m_R1.sb,20241109,01:18:19,40.0481,-70.8842,3.6,312.0,0.280483,0.01249
NES-LTER_AE2426_ag_202411090118_004m_R1.sb,20241109,01:18:19,40.0481,-70.8842,3.6,313.0,0.274319,0.012222
NES-LTER_AE2426_ag_202411090118_004m_R1.sb,20241109,01:18:19,40.0481,-70.8842,3.6,314.0,0.268822,0.011983
NES-LTER_AE2426_ag_202411090118_004m_R1.sb,20241109,01:18:19,40.0481,-70.8842,3.6,315.0,0.262934,0.011727
NES-LTER_AE2426_ag_202411090118_004m_R1.sb,20241109,01:18:19,40.0481,-70.8842,3.6,316.0,0.257322,0.011483
NES-LTER_AE2426_ag_202411090118_004m_R1.sb,20241109,01:18:19,40.0481,-70.8842,3.6,317.0,0.251227,0.011218
NES-LTER_AE2426_ag_202411090118_004m_R1.sb,20241109,01:18:19,40.0481,-70.8842,3.6,318.0,0.245684,0.010977
NES-LTER_AE2426_ag_202411090118_004m_R1.sb,20241109,01:18:19,40.0481,-70.8842,3.6,319.0,0.240026,0.010731
NES-LTER_AE2426_ag_202411090118_004m_R1.sb,20241109,01:18:19,40.0481,-70.8842,3.6,320.0,0.234851,0.010506
NES-LTER_AE2426_ag_202411090118_004m_R1.sb,20241109,01:18:19,40.0481,-70.8842,3.6,321.0,0.229929,0.010292
NES-LTER_AE2426_ag_202411090118_004m_R1.sb,20241109,01:18:19,40.0481,-70.8842,3.6,322.0,0.224846,0.010071
NES-LTER_AE2426_ag_202411090118_004m_R1.sb,20241109,01:18:19,40.0481,-70.8842,3.6,323.0,0.219832,0.009853
NES-LTER_AE2426_ag_202411090118_004m_R1.sb,20241109,01:18:19,40.0481,-70.8842,3.6,324.0,0.21491,0.009639
NES-LTER_AE2426_ag_202411090118_004m_R1.sb,20241109,01:18:19,40.0481,-70.8842,3.6,325.0,0.210724,0.009457
NES-LTER_AE2426_ag_202411090118_004m_R1.sb,20241109,01:18:19,40.0481,-70.8842,3.6,326.0,0.20663,0.009279
NES-LTER_AE2426_ag_202411090118_004m_R1.sb,20241109,01:18:19,40.0481,-70.8842,3.6,327.0,0.202444,0.009097
NES-LTER_AE2426_ag_202411090118_004m_R1.sb,20241109,01:18:19,40.0481,-70.8842,3.6,328.0,0.197522,0.008883
NES-LTER_AE2426_ag_202411090118_004m_R1.sb,20241109,01:18:19,40.0481,-70.8842,3.6,329.0,0.19306,0.008689
NES-LTER_AE2426_ag_202411090118_004m_R1.sb,20241109,01:18:19,40.0481,-70.8842,3.6,330.0,0.189426,0.008531
NES-LTER_AE2426_ag_202411090118_004m_R1.sb,20241109,01:18:19,40.0481,-70.8842,3.6,331.0,0.186298,0.008395
NES-LTER_AE2426_ag_202411090118_004m_R1.sb,20241109,01:18:19,40.0481,-70.8842,3.6,332.0,0.183147,0.008258
NES-LTER_AE2426_ag_202411090118_004m_R1.sb,20241109,01:18:19,40.0481,-70.8842,3.6,333.0,0.179398,0.008095
NES-LTER_AE2426_ag_202411090118_004m_R1.sb,20241109,01:18:19,40.0481,-70.8842,3.6,334.0,0.176086,0.007951
NES-LTER_AE2426_ag_202411090118_004m_R1.sb,20241109,01:18:19,40.0481,-70.8842,3.6,335.0,0.173004,0.007817
NES-LTER_AE2426_ag_202411090118_004m_R1.sb,20241109,01:18:19,40.0481,-70.8842,3.6,336.0,0.169968,0.007685
NES-LTER_AE2426_ag_202411090118_004m_R1.sb,20241109,01:18:19,40.0481,-70.8842,3.6,337.0,0.167024,0.007557
NES-LTER_AE2426_ag_202411090118_004m_R1.sb,20241109,01:18:19,40.0481,-70.8842,3.6,338.0,0.16408,0.007429
NES-LTER_AE2426_ag_202411090118_004m_R1.sb,20241109,01:18:19,40.0481,-70.8842,3.6,339.0,0.161734,0.007327
NES-LTER_AE2426_ag_202411090118_004m_R1.sb,20241109,01:18:19,40.0481,-70.8842,3.6,340.0,0.15879,0.007199
NES-LTER_AE2426_ag_202411090118_004m_R1.sb,20241109,01:18:19,40.0481,-70.8842,3.6,341.0,0.155892,0.007073
NES-LTER_AE2426_ag_202411090118_004m_R1.sb,20241109,01:18:19,40.0481,-70.8842,3.6,342.0,0.152373,0.00692
NES-LTER_AE2426_ag_202411090118_004m_R1.sb,20241109,01:18:19,40.0481,-70.8842,3.6,343.0,0.149452,0.006793
NES-LTER_AE2426_ag_202411090118_004m_R1.sb,20241109,01:18:19,40.0481,-70.8842,3.6,344.0,0.147198,0.006695
NES-LTER_AE2426_ag_202411090118_004m_R1.sb,20241109,01:18:19,40.0481,-70.8842,3.6,345.0,0.144921,0.006596
NES-LTER_AE2426_ag_202411090118_004m_R1.sb,20241109,01:18:19,40.0481,-70.8842,3.6,346.0,0.142851,0.006506
NES-LTER_AE2426_ag_202411090118_004m_R1.sb,20241109,01:18:19,40.0481,-70.8842,3.6,347.0,0.140436,0.006401
NES-LTER_AE2426_ag_202411090118_004m_R1.sb,20241109,01:18:19,40.0481,-70.8842,3.6,348.0,0.138688,0.006325
NES-LTER_AE2426_ag_202411090118_004m_R1.sb,20241109,01:18:19,40.0481,-70.8842,3.6,349.0,0.136756,0.006241
NES-LTER_AE2426_ag_202411090118_004m_R1.sb,20241109,01:18:19,40.0481,-70.8842,3.6,350.0,0.134433,0.00614
NES-LTER_AE2426_ag_202411090118_004m_R1.sb,20241109,01:18:19,40.0481,-70.8842,3.6,351.0,0.132225,0.006044
NES-LTER_AE2426_ag_202411090118_004m_R1.sb,20241109,01:18:19,40.0481,-70.8842,3.6,352.0,0.129879,0.005942
NES-LTER_AE2426_ag_202411090118_004m_R1.sb,20241109,01:18:19,40.0481,-70.8842,3.6,353.0,0.128292,0.005873
NES-LTER_AE2426_ag_202411090118_004m_R1.sb,20241109,01:18:19,40.0481,-70.8842,3.6,354.0,0.126544,0.005797
NES-LTER_AE2426_ag_202411090118_004m_R1.sb,20241109,01:18:19,40.0481,-70.8842,3.6,355.0,0.125348,0.005745
NES-LTER_AE2426_ag_202411090118_004m_R1.sb,20241109,01:18:19,40.0481,-70.8842,3.6,356.0,0.123876,0.005681
NES-LTER_AE2426_ag_202411090118_004m_R1.sb,20241109,01:18:19,40.0481,-70.8842,3.6,357.0,0.122059,0.005602
NES-LTER_AE2426_ag_202411090118_004m_R1.sb,20241109,01:18:19,40.0481,-70.8842,3.6,358.0,0.120012,0.005513
NES-LTER_AE2426_ag_202411090118_004m_R1.sb,20241109,01:18:19,40.0481,-70.8842,3.6,359.0,0.117804,0.005417
NES-LTER_AE2426_ag_202411090118_004m_R1.sb,20241109,01:18:19,40.0481,-70.8842,3.6,360.0,0.116056,0.005341
NES-LTER_AE2426_ag_202411090118_004m_R1.sb,20241109,01:18:19,40.0481,-70.8842,3.6,361.0,0.114653,0.00528
NES-LTER_AE2426_ag_202411090118_004m_R1.sb,20241109,01:18:19,40.0481,-70.8842,3.6,362.0,0.112905,0.005204
NES-LTER_AE2426_ag_202411090118_004m_R1.sb,20241109,01:18:19,40.0481,-70.8842,3.6,363.0,0.111456,0.005141
NES-LTER_AE2426_ag_202411090118_004m_R1.sb,20241109,01:18:19,40.0481,-70.8842,3.6,364.0,0.109432,0.005053
NES-LTER_AE2426_ag_202411090118_004m_R1.sb,20241109,01:18:19,40.0481,-70.8842,3.6,365.0,0.108535,0.005014
NES-LTER_AE2426_ag_202411090118_004m_R1.sb,20241109,01:18:19,40.0481,-70.8842,3.6,366.0,0.106994,0.004947
NES-LTER_AE2426_ag_202411090118_004m_R1.sb,20241109,01:18:19,40.0481,-70.8842,3.6,367.0,0.105913,0.0049
NES-LTER_AE2426_ag_202411090118_004m_R1.sb,20241109,01:18:19,40.0481,-70.8842,3.6,368.0,0.103935,0.004814
NES-LTER_AE2426_ag_202411090118_004m_R1.sb,20241109,01:18:19,40.0481,-70.8842,3.6,369.0,0.102923,0.00477
NES-LTER_AE2426_ag_202411090118_004m_R1.sb,20241109,01:18:19,40.0481,-70.8842,3.6,370.0,0.10152,0.004709
NES-LTER_AE2426_ag_202411090118_004m_R1.sb,20241109,01:18:19,40.0481,-70.8842,3.6,371.0,0.100784,0.004677
NES-LTER_AE2426_ag_202411090118_004m_R1.sb,20241109,01:18:19,40.0481,-70.8842,3.6,372.0,0.099174,0.004607
NES-LTER_AE2426_ag_202411090118_004m_R1.sb,20241109,01:18:19,40.0481,-70.8842,3.6,373.0,0.097564,0.004537
NES-LTER_AE2426_ag_202411090118_004m_R1.sb,20241109,01:18:19,40.0481,-70.8842,3.6,374.0,0.095977,0.004468
NES-LTER_AE2426_ag_202411090118_004m_R1.sb,20241109,01:18:19,40.0481,-70.8842,3.6,375.0,0.094505,0.004404
NES-LTER_AE2426_ag_202411090118_004m_R1.sb,20241109,01:18:19,40.0481,-70.8842,3.6,376.0,0.093033,0.00434
NES-LTER_AE2426_ag_202411090118_004m_R1.sb,20241109,01:18:19,40.0481,-70.8842,3.6,377.0,0.092044,0.004297
NES-LTER_AE2426_ag_202411090118_004m_R1.sb,20241109,01:18:19,40.0481,-70.8842,3.6,378.0,0.090871,0.004246
NES-LTER_AE2426_ag_202411090118_004m_R1.sb,20241109,01:18:19,40.0481,-70.8842,3.6,379.0,0.089445,0.004184
NES-LTER_AE2426_ag_202411090118_004m_R1.sb,20241109,01:18:19,40.0481,-70.8842,3.6,380.0,0.087858,0.004115
NES-LTER_AE2426_ag_202411090118_004m_R1.sb,20241109,01:18:19,40.0481,-70.8842,3.6,381.0,0.086478,0.004055
NES-LTER_AE2426_ag_202411090118_004m_R1.sb,20241109,01:18:19,40.0481,-70.8842,3.6,382.0,0.085489,0.004012
NES-LTER_AE2426_ag_202411090118_004m_R1.sb,20241109,01:18:19,40.0481,-70.8842,3.6,383.0,0.08404,0.003949
NES-LTER_AE2426_ag_202411090118_004m_R1.sb,20241109,01:18:19,40.0481,-70.8842,3.6,384.0,0.083097,0.003908
NES-LTER_AE2426_ag_202411090118_004m_R1.sb,20241109,01:18:19,40.0481,-70.8842,3.6,385.0,0.0822,0.003869
NES-LTER_AE2426_ag_202411090118_004m_R1.sb,20241109,01:18:19,40.0481,-70.8842,3.6,386.0,0.081464,0.003837
NES-LTER_AE2426_ag_202411090118_004m_R1.sb,20241109,01:18:19,40.0481,-70.8842,3.6,387.0,0.08036,0.003789
NES-LTER_AE2426_ag_202411090118_004m_R1.sb,20241109,01:18:19,40.0481,-70.8842,3.6,388.0,0.079187,0.003738
NES-LTER_AE2426_ag_202411090118_004m_R1.sb,20241109,01:18:19,40.0481,-70.8842,3.6,389.0,0.078175,0.003694
NES-LTER_AE2426_ag_202411090118_004m_R1.sb,20241109,01:18:19,40.0481,-70.8842,3.6,390.0,0.077117,0.003648
NES-LTER_AE2426_ag_202411090118_004m_R1.sb,20241109,01:18:19,40.0481,-70.8842,3.6,391.0,0.076266,0.003611
NES-LTER_AE2426_ag_202411090118_004m_R1.sb,20241109,01:18:19,40.0481,-70.8842,3.6,392.0,0.0753,0.003569
NES-LTER_AE2426_ag_202411090118_004m_R1.sb,20241109,01:18:19,40.0481,-70.8842,3.6,393.0,0.074587,0.003538
NES-LTER_AE2426_ag_202411090118_004m_R1.sb,20241109,01:18:19,40.0481,-70.8842,3.6,394.0,0.073736,0.003501
NES-LTER_AE2426_ag_202411090118_004m_R1.sb,20241109,01:18:19,40.0481,-70.8842,3.6,395.0,0.072885,0.003464
NES-LTER_AE2426_ag_202411090118_004m_R1.sb,20241109,01:18:19,40.0481,-70.8842,3.6,396.0,0.072034,0.003427
NES-LTER_AE2426_ag_202411090118_004m_R1.sb,20241109,01:18:19,40.0481,-70.8842,3.6,397.0,0.071321,0.003396
NES-LTER_AE2426_ag_202411090118_004m_R1.sb,20241109,01:18:19,40.0481,-70.8842,3.6,398.0,0.070447,0.003358
NES-LTER_AE2426_ag_202411090118_004m_R1.sb,20241109,01:18:19,40.0481,-70.8842,3.6,399.0,0.069757,0.003328
NES-LTER_AE2426_ag_202411090118_004m_R1.sb,20241109,01:18:19,40.0481,-70.8842,3.6,400.0,0.068814,0.003287
NES-LTER_AE2426_ag_202411090118_004m_R1.sb,20241109,01:18:19,40.0481,-70.8842,3.6,401.0,0.068147,0.003258
NES-LTER_AE2426_ag_202411090118_004m_R1.sb,20241109,01:18:19,40.0481,-70.8842,3.6,402.0,0.067411,0.003226
NES-LTER_AE2426_ag_202411090118_004m_R1.sb,20241109,01:18:19,40.0481,-70.8842,3.6,403.0,0.067365,0.003224
NES-LTER_AE2426_ag_202411090118_004m_R1.sb,20241109,01:18:19,40.0481,-70.8842,3.6,404.0,0.066077,0.003168
NES-LTER_AE2426_ag_202411090118_004m_R1.sb,20241109,01:18:19,40.0481,-70.8842,3.6,405.0,0.065364,0.003137
NES-LTER_AE2426_ag_202411090118_004m_R1.sb,20241109,01:18:19,40.0481,-70.8842,3.6,406.0,0.064375,0.003094
NES-LTER_AE2426_ag_202411090118_004m_R1.sb,20241109,01:18:19,40.0481,-70.8842,3.6,407.0,0.064283,0.00309
NES-LTER_AE2426_ag_202411090118_004m_R1.sb,20241109,01:18:19,40.0481,-70.8842,3.6,408.0,0.0638,0.003069
NES-LTER_AE2426_ag_202411090118_004m_R1.sb,20241109,01:18:19,40.0481,-70.8842,3.6,409.0,0.063041,0.003036
NES-LTER_AE2426_ag_202411090118_004m_R1.sb,20241109,01:18:19,40.0481,-70.8842,3.6,410.0,0.061799,0.002982
NES-LTER_AE2426_ag_202411090118_004m_R1.sb,20241109,01:18:19,40.0481,-70.8842,3.6,411.0,0.060672,0.002933
NES-LTER_AE2426_ag_202411090118_004m_R1.sb,20241109,01:18:19,40.0481,-70.8842,3.6,412.0,0.060097,0.002908
NES-LTER_AE2426_ag_202411090118_004m_R1.sb,20241109,01:18:19,40.0481,-70.8842,3.6,413.0,0.05989,0.002899
NES-LTER_AE2426_ag_202411090118_004m_R1.sb,20241109,01:18:19,40.0481,-70.8842,3.6,414.0,0.059108,0.002865
NES-LTER_AE2426_ag_202411090118_004m_R1.sb,20241109,01:18:19,40.0481,-70.8842,3.6,415.0,0.058096,0.002821
NES-LTER_AE2426_ag_202411090118_004m_R1.sb,20241109,01:18:19,40.0481,-70.8842,3.6,416.0,0.056992,0.002773
NES-LTER_AE2426_ag_202411090118_004m_R1.sb,20241109,01:18:19,40.0481,-70.8842,3.6,417.0,0.056348,0.002745
NES-LTER_AE2426_ag_202411090118_004m_R1.sb,20241109,01:18:19,40.0481,-70.8842,3.6,418.0,0.055658,0.002715
NES-LTER_AE2426_ag_202411090118_004m_R1.sb,20241109,01:18:19,40.0481,-70.8842,3.6,419.0,0.05506,0.002689
NES-LTER_AE2426_ag_202411090118_004m_R1.sb,20241109,01:18:19,40.0481,-70.8842,3.6,420.0,0.054278,0.002655
NES-LTER_AE2426_ag_202411090118_004m_R1.sb,20241109,01:18:19,40.0481,-70.8842,3.6,421.0,0.053266,0.002611
NES-LTER_AE2426_ag_202411090118_004m_R1.sb,20241109,01:18:19,40.0481,-70.8842,3.6,422.0,0.052392,0.002573
NES-LTER_AE2426_ag_202411090118_004m_R1.sb,20241109,01:18:19,40.0481,-70.8842,3.6,423.0,0.051656,0.002541
NES-LTER_AE2426_ag_202411090118_004m_R1.sb,20241109,01:18:19,40.0481,-70.8842,3.6,424.0,0.050782,0.002503
NES-LTER_AE2426_ag_202411090118_004m_R1.sb,20241109,01:18:19,40.0481,-70.8842,3.6,425.0,0.049862,0.002463
NES-LTER_AE2426_ag_202411090118_004m_R1.sb,20241109,01:18:19,40.0481,-70.8842,3.6,426.0,0.04908,0.002429
NES-LTER_AE2426_ag_202411090118_004m_R1.sb,20241109,01:18:19,40.0481,-70.8842,3.6,427.0,0.048551,0.002406
NES-LTER_AE2426_ag_202411090118_004m_R1.sb,20241109,01:18:19,40.0481,-70.8842,3.6,428.0,0.04793,0.002379
NES-LTER_AE2426_ag_202411090118_004m_R1.sb,20241109,01:18:19,40.0481,-70.8842,3.6,429.0,0.04701,0.002339
NES-LTER_AE2426_ag_202411090118_004m_R1.sb,20241109,01:18:19,40.0481,-70.8842,3.6,430.0,0.046067,0.002298
NES-LTER_AE2426_ag_202411090118_004m_R1.sb,20241109,01:18:19,40.0481,-70.8842,3.6,431.0,0.045423,0.00227
NES-LTER_AE2426_ag_202411090118_004m_R1.sb,20241109,01:18:19,40.0481,-70.8842,3.6,432.0,0.045262,0.002263
NES-LTER_AE2426_ag_202411090118_004m_R1.sb,20241109,01:18:19,40.0481,-70.8842,3.6,433.0,0.044802,0.002243
NES-LTER_AE2426_ag_202411090118_004m_R1.sb,20241109,01:18:19,40.0481,-70.8842,3.6,434.0,0.044043,0.00221
NES-LTER_AE2426_ag_202411090118_004m_R1.sb,20241109,01:18:19,40.0481,-70.8842,3.6,435.0,0.042778,0.002155
NES-LTER_AE2426_ag_202411090118_004m_R1.sb,20241109,01:18:19,40.0481,-70.8842,3.6,436.0,0.041858,0.002115
NES-LTER_AE2426_ag_202411090118_004m_R1.sb,20241109,01:18:19,40.0481,-70.8842,3.6,437.0,0.041053,0.00208
NES-LTER_AE2426_ag_202411090118_004m_R1.sb,20241109,01:18:19,40.0481,-70.8842,3.6,438.0,0.04034,0.002049
NES-LTER_AE2426_ag_202411090118_004m_R1.sb,20241109,01:18:19,40.0481,-70.8842,3.6,439.0,0.040064,0.002037
NES-LTER_AE2426_ag_202411090118_004m_R1.sb,20241109,01:18:19,40.0481,-70.8842,3.6,440.0,0.039696,0.002021
NES-LTER_AE2426_ag_202411090118_004m_R1.sb,20241109,01:18:19,40.0481,-70.8842,3.6,441.0,0.039259,0.002002
NES-LTER_AE2426_ag_202411090118_004m_R1.sb,20241109,01:18:19,40.0481,-70.8842,3.6,442.0,0.038293,0.00196
NES-LTER_AE2426_ag_202411090118_004m_R1.sb,20241109,01:18:19,40.0481,-70.8842,3.6,443.0,0.037649,0.001932
NES-LTER_AE2426_ag_202411090118_004m_R1.sb,20241109,01:18:19,40.0481,-70.8842,3.6,444.0,0.036798,0.001895
NES-LTER_AE2426_ag_202411090118_004m_R1.sb,20241109,01:18:19,40.0481,-70.8842,3.6,445.0,0.036315,0.001874
NES-LTER_AE2426_ag_202411090118_004m_R1.sb,20241109,01:18:19,40.0481,-70.8842,3.6,446.0,0.035556,0.001841
NES-LTER_AE2426_ag_202411090118_004m_R1.sb,20241109,01:18:19,40.0481,-70.8842,3.6,447.0,0.03551,0.001839
NES-LTER_AE2426_ag_202411090118_004m_R1.sb,20241109,01:18:19,40.0481,-70.8842,3.6,448.0,0.034613,0.0018
NES-LTER_AE2426_ag_202411090118_004m_R1.sb,20241109,01:18:19,40.0481,-70.8842,3.6,449.0,0.034153,0.00178
NES-LTER_AE2426_ag_202411090118_004m_R1.sb,20241109,01:18:19,40.0481,-70.8842,3.6,450.0,0.033164,0.001737
NES-LTER_AE2426_ag_202411090118_004m_R1.sb,20241109,01:18:19,40.0481,-70.8842,3.6,451.0,0.032957,0.001728
NES-LTER_AE2426_ag_202411090118_004m_R1.sb,20241109,01:18:19,40.0481,-70.8842,3.6,452.0,0.032267,0.001698
NES-LTER_AE2426_ag_202411090118_004m_R1.sb,20241109,01:18:19,40.0481,-70.8842,3.6,453.0,0.031554,0.001667
NES-LTER_AE2426_ag_202411090118_004m_R1.sb,20241109,01:18:19,40.0481,-70.8842,3.6,454.0,0.031186,0.001651
NES-LTER_AE2426_ag_202411090118_004m_R1.sb,20241109,01:18:19,40.0481,-70.8842,3.6,455.0,0.030887,0.001638
NES-LTER_AE2426_ag_202411090118_004m_R1.sb,20241109,01:18:19,40.0481,-70.8842,3.6,456.0,0.031048,0.001645
NES-LTER_AE2426_ag_202411090118_004m_R1.sb,20241109,01:18:19,40.0481,-70.8842,3.6,457.0,0.030795,0.001634
NES-LTER_AE2426_ag_202411090118_004m_R1.sb,20241109,01:18:19,40.0481,-70.8842,3.6,458.0,0.030312,0.001613
NES-LTER_AE2426_ag_202411090118_004m_R1.sb,20241109,01:18:19,40.0481,-70.8842,3.6,459.0,0.029208,0.001565
NES-LTER_AE2426_ag_202411090118_004m_R1.sb,20241109,01:18:19,40.0481,-70.8842,3.6,460.0,0.028403,0.00153
NES-LTER_AE2426_ag_202411090118_004m_R1.sb,20241109,01:18:19,40.0481,-70.8842,3.6,461.0,0.027851,0.001506
NES-LTER_AE2426_ag_202411090118_004m_R1.sb,20241109,01:18:19,40.0481,-70.8842,3.6,462.0,0.027667,0.001498
NES-LTER_AE2426_ag_202411090118_004m_R1.sb,20241109,01:18:19,40.0481,-70.8842,3.6,463.0,0.027483,0.00149
NES-LTER_AE2426_ag_202411090118_004m_R1.sb,20241109,01:18:19,40.0481,-70.8842,3.6,464.0,0.027368,0.001485
NES-LTER_AE2426_ag_202411090118_004m_R1.sb,20241109,01:18:19,40.0481,-70.8842,3.6,465.0,0.02723,0.001479
NES-LTER_AE2426_ag_202411090118_004m_R1.sb,20241109,01:18:19,40.0481,-70.8842,3.6,466.0,0.026632,0.001453
NES-LTER_AE2426_ag_202411090118_004m_R1.sb,20241109,01:18:19,40.0481,-70.8842,3.6,467.0,0.02608,0.001429
NES-LTER_AE2426_ag_202411090118_004m_R1.sb,20241109,01:18:19,40.0481,-70.8842,3.6,468.0,0.02539,0.001399
NES-LTER_AE2426_ag_202411090118_004m_R1.sb,20241109,01:18:19,40.0481,-70.8842,3.6,469.0,0.025114,0.001387
NES-LTER_AE2426_ag_202411090118_004m_R1.sb,20241109,01:18:19,40.0481,-70.8842,3.6,470.0,0.024723,0.00137
NES-LTER_AE2426_ag_202411090118_004m_R1.sb,20241109,01:18:19,40.0481,-70.8842,3.6,471.0,0.024355,0.001354
NES-LTER_AE2426_ag_202411090118_004m_R1.sb,20241109,01:18:19,40.0481,-70.8842,3.6,472.0,0.023895,0.001334
NES-LTER_AE2426_ag_202411090118_004m_R1.sb,20241109,01:18:19,40.0481,-70.8842,3.6,473.0,0.02355,0.001319
NES-LTER_AE2426_ag_202411090118_004m_R1.sb,20241109,01:18:19,40.0481,-70.8842,3.6,474.0,0.023274,0.001307
NES-LTER_AE2426_ag_202411090118_004m_R1.sb,20241109,01:18:19,40.0481,-70.8842,3.6,475.0,0.022975,0.001294
NES-LTER_AE2426_ag_202411090118_004m_R1.sb,20241109,01:18:19,40.0481,-70.8842,3.6,476.0,0.022515,0.001274
NES-LTER_AE2426_ag_202411090118_004m_R1.sb,20241109,01:18:19,40.0481,-70.8842,3.6,477.0,0.022377,0.001268
NES-LTER_AE2426_ag_202411090118_004m_R1.sb,20241109,01:18:19,40.0481,-70.8842,3.6,478.0,0.021549,0.001232
NES-LTER_AE2426_ag_202411090118_004m_R1.sb,20241109,01:18:19,40.0481,-70.8842,3.6,479.0,0.021135,0.001214
NES-LTER_AE2426_ag_202411090118_004m_R1.sb,20241109,01:18:19,40.0481,-70.8842,3.6,480.0,0.020537,0.001188
NES-LTER_AE2426_ag_202411090118_004m_R1.sb,20241109,01:18:19,40.0481,-70.8842,3.6,481.0,0.020744,0.001197
NES-LTER_AE2426_ag_202411090118_004m_R1.sb,20241109,01:18:19,40.0481,-70.8842,3.6,482.0,0.020675,0.001194
NES-LTER_AE2426_ag_202411090118_004m_R1.sb,20241109,01:18:19,40.0481,-70.8842,3.6,483.0,0.020675,0.001194
NES-LTER_AE2426_ag_202411090118_004m_R1.sb,20241109,01:18:19,40.0481,-70.8842,3.6,484.0,0.020583,0.00119
NES-LTER_AE2426_ag_202411090118_004m_R1.sb,20241109,01:18:19,40.0481,-70.8842,3.6,485.0,0.020491,0.001186
NES-LTER_AE2426_ag_202411090118_004m_R1.sb,20241109,01:18:19,40.0481,-70.8842,3.6,486.0,0.020123,0.00117
NES-LTER_AE2426_ag_202411090118_004m_R1.sb,20241109,01:18:19,40.0481,-70.8842,3.6,487.0,0.019525,0.001144
NES-LTER_AE2426_ag_202411090118_004m_R1.sb,20241109,01:18:19,40.0481,-70.8842,3.6,488.0,0.018927,0.001118
NES-LTER_AE2426_ag_202411090118_004m_R1.sb,20241109,01:18:19,40.0481,-70.8842,3.6,489.0,0.018444,0.001097
NES-LTER_AE2426_ag_202411090118_004m_R1.sb,20241109,01:18:19,40.0481,-70.8842,3.6,490.0,0.018536,0.001101
NES-LTER_AE2426_ag_202411090118_004m_R1.sb,20241109,01:18:19,40.0481,-70.8842,3.6,491.0,0.018352,0.001093
NES-LTER_AE2426_ag_202411090118_004m_R1.sb,20241109,01:18:19,40.0481,-70.8842,3.6,492.0,0.018007,0.001078
NES-LTER_AE2426_ag_202411090118_004m_R1.sb,20241109,01:18:19,40.0481,-70.8842,3.6,493.0,0.01757,0.001059
NES-LTER_AE2426_ag_202411090118_004m_R1.sb,20241109,01:18:19,40.0481,-70.8842,3.6,494.0,0.017156,0.001041
NES-LTER_AE2426_ag_202411090118_004m_R1.sb,20241109,01:18:19,40.0481,-70.8842,3.6,495.0,0.017225,0.001044
NES-LTER_AE2426_ag_202411090118_004m_R1.sb,20241109,01:18:19,40.0481,-70.8842,3.6,496.0,0.017156,0.001041
NES-LTER_AE2426_ag_202411090118_004m_R1.sb,20241109,01:18:19,40.0481,-70.8842,3.6,497.0,0.017524,0.001057
NES-LTER_AE2426_ag_202411090118_004m_R1.sb,20241109,01:18:19,40.0481,-70.8842,3.6,498.0,0.017225,0.001044
NES-LTER_AE2426_ag_202411090118_004m_R1.sb,20241109,01:18:19,40.0481,-70.8842,3.6,499.0,0.017248,0.001045
NES-LTER_AE2426_ag_202411090118_004m_R1.sb,20241109,01:18:19,40.0481,-70.8842,3.6,500.0,0.016558,0.001015
NES-LTER_AE2426_ag_202411090118_004m_R1.sb,20241109,01:18:19,40.0481,-70.8842,3.6,501.0,0.016627,0.001018
NES-LTER_AE2426_ag_202411090118_004m_R1.sb,20241109,01:18:19,40.0481,-70.8842,3.6,502.0,0.016144,0.000997
NES-LTER_AE2426_ag_202411090118_004m_R1.sb,20241109,01:18:19,40.0481,-70.8842,3.6,503.0,0.016075,0.000994
NES-LTER_AE2426_ag_202411090118_004m_R1.sb,20241109,01:18:19,40.0481,-70.8842,3.6,504.0,0.015385,0.000964
NES-LTER_AE2426_ag_202411090118_004m_R1.sb,20241109,01:18:19,40.0481,-70.8842,3.6,505.0,0.014948,0.000945
NES-LTER_AE2426_ag_202411090118_004m_R1.sb,20241109,01:18:19,40.0481,-70.8842,3.6,506.0,0.014534,0.000927
NES-LTER_AE2426_ag_202411090118_004m_R1.sb,20241109,01:18:19,40.0481,-70.8842,3.6,507.0,0.014856,0.000941
NES-LTER_AE2426_ag_202411090118_004m_R1.sb,20241109,01:18:19,40.0481,-70.8842,3.6,508.0,0.014626,0.000931
NES-LTER_AE2426_ag_202411090118_004m_R1.sb,20241109,01:18:19,40.0481,-70.8842,3.6,509.0,0.014419,0.000922
NES-LTER_AE2426_ag_202411090118_004m_R1.sb,20241109,01:18:19,40.0481,-70.8842,3.6,510.0,0.01389,0.000899
NES-LTER_AE2426_ag_202411090118_004m_R1.sb,20241109,01:18:19,40.0481,-70.8842,3.6,511.0,0.013982,0.000903
NES-LTER_AE2426_ag_202411090118_004m_R1.sb,20241109,01:18:19,40.0481,-70.8842,3.6,512.0,0.01389,0.000899
NES-LTER_AE2426_ag_202411090118_004m_R1.sb,20241109,01:18:19,40.0481,-70.8842,3.6,513.0,0.013729,0.000892
NES-LTER_AE2426_ag_202411090118_004m_R1.sb,20241109,01:18:19,40.0481,-70.8842,3.6,514.0,0.01366,0.000889
NES-LTER_AE2426_ag_202411090118_004m_R1.sb,20241109,01:18:19,40.0481,-70.8842,3.6,515.0,0.013706,0.000891
NES-LTER_AE2426_ag_202411090118_004m_R1.sb,20241109,01:18:19,40.0481,-70.8842,3.6,516.0,0.01366,0.000889
NES-LTER_AE2426_ag_202411090118_004m_R1.sb,20241109,01:18:19,40.0481,-70.8842,3.6,517.0,0.01297,0.000859
NES-LTER_AE2426_ag_202411090118_004m_R1.sb,20241109,01:18:19,40.0481,-70.8842,3.6,518.0,0.012947,0.000858
NES-LTER_AE2426_ag_202411090118_004m_R1.sb,20241109,01:18:19,40.0481,-70.8842,3.6,519.0,0.012671,0.000846
NES-LTER_AE2426_ag_202411090118_004m_R1.sb,20241109,01:18:19,40.0481,-70.8842,3.6,520.0,0.013269,0.000872
NES-LTER_AE2426_ag_202411090118_004m_R1.sb,20241109,01:18:19,40.0481,-70.8842,3.6,521.0,0.013177,0.000868
NES-LTER_AE2426_ag_202411090118_004m_R1.sb,20241109,01:18:19,40.0481,-70.8842,3.6,522.0,0.01343,0.000879
NES-LTER_AE2426_ag_202411090118_004m_R1.sb,20241109,01:18:19,40.0481,-70.8842,3.6,523.0,0.012924,0.000857
NES-LTER_AE2426_ag_202411090118_004m_R1.sb,20241109,01:18:19,40.0481,-70.8842,3.6,524.0,0.012579,0.000842
NES-LTER_AE2426_ag_202411090118_004m_R1.sb,20241109,01:18:19,40.0481,-70.8842,3.6,525.0,0.012165,0.000824
NES-LTER_AE2426_ag_202411090118_004m_R1.sb,20241109,01:18:19,40.0481,-70.8842,3.6,526.0,0.011958,0.000815
NES-LTER_AE2426_ag_202411090118_004m_R1.sb,20241109,01:18:19,40.0481,-70.8842,3.6,527.0,0.011544,0.000797
NES-LTER_AE2426_ag_202411090118_004m_R1.sb,20241109,01:18:19,40.0481,-70.8842,3.6,528.0,0.011475,0.000794
NES-LTER_AE2426_ag_202411090118_004m_R1.sb,20241109,01:18:19,40.0481,-70.8842,3.6,529.0,0.011314,0.000787
NES-LTER_AE2426_ag_202411090118_004m_R1.sb,20241109,01:18:19,40.0481,-70.8842,3.6,530.0,0.011521,0.000796
NES-LTER_AE2426_ag_202411090118_004m_R1.sb,20241109,01:18:19,40.0481,-70.8842,3.6,531.0,0.011521,0.000796
NES-LTER_AE2426_ag_202411090118_004m_R1.sb,20241109,01:18:19,40.0481,-70.8842,3.6,532.0,0.011958,0.000815
NES-LTER_AE2426_ag_202411090118_004m_R1.sb,20241109,01:18:19,40.0481,-70.8842,3.6,533.0,0.011843,0.00081
NES-LTER_AE2426_ag_202411090118_004m_R1.sb,20241109,01:18:19,40.0481,-70.8842,3.6,534.0,0.011038,0.000775
NES-LTER_AE2426_ag_202411090118_004m_R1.sb,20241109,01:18:19,40.0481,-70.8842,3.6,535.0,0.010463,0.00075
NES-LTER_AE2426_ag_202411090118_004m_R1.sb,20241109,01:18:19,40.0481,-70.8842,3.6,536.0,0.010509,0.000752
NES-LTER_AE2426_ag_202411090118_004m_R1.sb,20241109,01:18:19,40.0481,-70.8842,3.6,537.0,0.010831,0.000766
NES-LTER_AE2426_ag_202411090118_004m_R1.sb,20241109,01:18:19,40.0481,-70.8842,3.6,538.0,0.0109,0.000769
NES-LTER_AE2426_ag_202411090118_004m_R1.sb,20241109,01:18:19,40.0481,-70.8842,3.6,539.0,0.010601,0.000756
NES-LTER_AE2426_ag_202411090118_004m_R1.sb,20241109,01:18:19,40.0481,-70.8842,3.6,540.0,0.010601,0.000756
NES-LTER_AE2426_ag_202411090118_004m_R1.sb,20241109,01:18:19,40.0481,-70.8842,3.6,541.0,0.010348,0.000745
NES-LTER_AE2426_ag_202411090118_004m_R1.sb,20241109,01:18:19,40.0481,-70.8842,3.6,542.0,0.010164,0.000737
NES-LTER_AE2426_ag_202411090118_004m_R1.sb,20241109,01:18:19,40.0481,-70.8842,3.6,543.0,0.010118,0.000735
NES-LTER_AE2426_ag_202411090118_004m_R1.sb,20241109,01:18:19,40.0481,-70.8842,3.6,544.0,0.010026,0.000731
NES-LTER_AE2426_ag_202411090118_004m_R1.sb,20241109,01:18:19,40.0481,-70.8842,3.6,545.0,0.009796,0.000721
NES-LTER_AE2426_ag_202411090118_004m_R1.sb,20241109,01:18:19,40.0481,-70.8842,3.6,546.0,0.009221,0.000696
NES-LTER_AE2426_ag_202411090118_004m_R1.sb,20241109,01:18:19,40.0481,-70.8842,3.6,547.0,0.009267,0.000698
NES-LTER_AE2426_ag_202411090118_004m_R1.sb,20241109,01:18:19,40.0481,-70.8842,3.6,548.0,0.008853,0.00068
NES-LTER_AE2426_ag_202411090118_004m_R1.sb,20241109,01:18:19,40.0481,-70.8842,3.6,549.0,0.00929,0.000699
NES-LTER_AE2426_ag_202411090118_004m_R1.sb,20241109,01:18:19,40.0481,-70.8842,3.6,550.0,0.009106,0.000691
NES-LTER_AE2426_ag_202411090118_004m_R1.sb,20241109,01:18:19,40.0481,-70.8842,3.6,551.0,0.009428,0.000705
NES-LTER_AE2426_ag_202411090118_004m_R1.sb,20241109,01:18:19,40.0481,-70.8842,3.6,552.0,0.00929,0.000699
NES-LTER_AE2426_ag_202411090118_004m_R1.sb,20241109,01:18:19,40.0481,-70.8842,3.6,553.0,0.008945,0.000684
NES-LTER_AE2426_ag_202411090118_004m_R1.sb,20241109,01:18:19,40.0481,-70.8842,3.6,554.0,0.00883,0.000679
NES-LTER_AE2426_ag_202411090118_004m_R1.sb,20241109,01:18:19,40.0481,-70.8842,3.6,555.0,0.008577,0.000668
NES-LTER_AE2426_ag_202411090118_004m_R1.sb,20241109,01:18:19,40.0481,-70.8842,3.6,556.0,0.008784,0.000677
NES-LTER_AE2426_ag_202411090118_004m_R1.sb,20241109,01:18:19,40.0481,-70.8842,3.6,557.0,0.008853,0.00068
NES-LTER_AE2426_ag_202411090118_004m_R1.sb,20241109,01:18:19,40.0481,-70.8842,3.6,558.0,0.008761,0.000676
NES-LTER_AE2426_ag_202411090118_004m_R1.sb,20241109,01:18:19,40.0481,-70.8842,3.6,559.0,0.008531,0.000666
NES-LTER_AE2426_ag_202411090118_004m_R1.sb,20241109,01:18:19,40.0481,-70.8842,3.6,560.0,0.008186,0.000651
NES-LTER_AE2426_ag_202411090118_004m_R1.sb,20241109,01:18:19,40.0481,-70.8842,3.6,561.0,0.007979,0.000642
NES-LTER_AE2426_ag_202411090118_004m_R1.sb,20241109,01:18:19,40.0481,-70.8842,3.6,562.0,0.00791,0.000639
NES-LTER_AE2426_ag_202411090118_004m_R1.sb,20241109,01:18:19,40.0481,-70.8842,3.6,563.0,0.00791,0.000639
NES-LTER_AE2426_ag_202411090118_004m_R1.sb,20241109,01:18:19,40.0481,-70.8842,3.6,564.0,0.007795,0.000634
NES-LTER_AE2426_ag_202411090118_004m_R1.sb,20241109,01:18:19,40.0481,-70.8842,3.6,565.0,0.007726,0.000631
NES-LTER_AE2426_ag_202411090118_004m_R1.sb,20241109,01:18:19,40.0481,-70.8842,3.6,566.0,0.007243,0.00061
NES-LTER_AE2426_ag_202411090118_004m_R1.sb,20241109,01:18:19,40.0481,-70.8842,3.6,567.0,0.006921,0.000596
NES-LTER_AE2426_ag_202411090118_004m_R1.sb,20241109,01:18:19,40.0481,-70.8842,3.6,568.0,0.006622,0.000583
NES-LTER_AE2426_ag_202411090118_004m_R1.sb,20241109,01:18:19,40.0481,-70.8842,3.6,569.0,0.006622,0.000583
NES-LTER_AE2426_ag_202411090118_004m_R1.sb,20241109,01:18:19,40.0481,-70.8842,3.6,570.0,0.00676,0.000589
NES-LTER_AE2426_ag_202411090118_004m_R1.sb,20241109,01:18:19,40.0481,-70.8842,3.6,571.0,0.006484,0.000577
NES-LTER_AE2426_ag_202411090118_004m_R1.sb,20241109,01:18:19,40.0481,-70.8842,3.6,572.0,0.006599,0.000582
NES-LTER_AE2426_ag_202411090118_004m_R1.sb,20241109,01:18:19,40.0481,-70.8842,3.6,573.0,0.006737,0.000588
NES-LTER_AE2426_ag_202411090118_004m_R1.sb,20241109,01:18:19,40.0481,-70.8842,3.6,574.0,0.006806,0.000591
NES-LTER_AE2426_ag_202411090118_004m_R1.sb,20241109,01:18:19,40.0481,-70.8842,3.6,575.0,0.00676,0.000589
NES-LTER_AE2426_ag_202411090118_004m_R1.sb,20241109,01:18:19,40.0481,-70.8842,3.6,576.0,0.006392,0.000573
NES-LTER_AE2426_ag_202411090118_004m_R1.sb,20241109,01:18:19,40.0481,-70.8842,3.6,577.0,0.006553,0.00058
NES-LTER_AE2426_ag_202411090118_004m_R1.sb,20241109,01:18:19,40.0481,-70.8842,3.6,578.0,0.006553,0.00058
NES-LTER_AE2426_ag_202411090118_004m_R1.sb,20241109,01:18:19,40.0481,-70.8842,3.6,579.0,0.006346,0.000571
NES-LTER_AE2426_ag_202411090118_004m_R1.sb,20241109,01:18:19,40.0481,-70.8842,3.6,580.0,0.005909,0.000552
NES-LTER_AE2426_ag_202411090118_004m_R1.sb,20241109,01:18:19,40.0481,-70.8842,3.6,581.0,0.00561,0.000539
NES-LTER_AE2426_ag_202411090118_004m_R1.sb,20241109,01:18:19,40.0481,-70.8842,3.6,582.0,0.005311,0.000526
NES-LTER_AE2426_ag_202411090118_004m_R1.sb,20241109,01:18:19,40.0481,-70.8842,3.6,583.0,0.005196,0.000521
NES-LTER_AE2426_ag_202411090118_004m_R1.sb,20241109,01:18:19,40.0481,-70.8842,3.6,584.0,0.004828,0.000505
NES-LTER_AE2426_ag_202411090118_004m_R1.sb,20241109,01:18:19,40.0481,-70.8842,3.6,585.0,0.005012,0.000513
NES-LTER_AE2426_ag_202411090118_004m_R1.sb,20241109,01:18:19,40.0481,-70.8842,3.6,586.0,0.004805,0.000504
NES-LTER_AE2426_ag_202411090118_004m_R1.sb,20241109,01:18:19,40.0481,-70.8842,3.6,587.0,0.004736,0.000501
NES-LTER_AE2426_ag_202411090118_004m_R1.sb,20241109,01:18:19,40.0481,-70.8842,3.6,588.0,0.004529,0.000492
NES-LTER_AE2426_ag_202411090118_004m_R1.sb,20241109,01:18:19,40.0481,-70.8842,3.6,589.0,0.004644,0.000497
NES-LTER_AE2426_ag_202411090118_004m_R1.sb,20241109,01:18:19,40.0481,-70.8842,3.6,590.0,0.004299,0.000482
NES-LTER_AE2426_ag_202411090118_004m_R1.sb,20241109,01:18:19,40.0481,-70.8842,3.6,591.0,0.003747,0.000458
NES-LTER_AE2426_ag_202411090118_004m_R1.sb,20241109,01:18:19,40.0481,-70.8842,3.6,592.0,0.003333,0.00044
NES-LTER_AE2426_ag_202411090118_004m_R1.sb,20241109,01:18:19,40.0481,-70.8842,3.6,593.0,0.003655,0.000454
NES-LTER_AE2426_ag_202411090118_004m_R1.sb,20241109,01:18:19,40.0481,-70.8842,3.6,594.0,0.003655,0.000454
NES-LTER_AE2426_ag_202411090118_004m_R1.sb,20241109,01:18:19,40.0481,-70.8842,3.6,595.0,0.003678,0.000455
NES-LTER_AE2426_ag_202411090118_004m_R1.sb,20241109,01:18:19,40.0481,-70.8842,3.6,596.0,0.002988,0.000425
NES-LTER_AE2426_ag_202411090118_004m_R1.sb,20241109,01:18:19,40.0481,-70.8842,3.6,597.0,0.002965,0.000424
NES-LTER_AE2426_ag_202411090118_004m_R1.sb,20241109,01:18:19,40.0481,-70.8842,3.6,598.0,0.002436,0.000401
NES-LTER_AE2426_ag_202411090118_004m_R1.sb,20241109,01:18:19,40.0481,-70.8842,3.6,599.0,0.002413,0.0004
NES-LTER_AE2426_ag_202411090118_004m_R1.sb,20241109,01:18:19,40.0481,-70.8842,3.6,600.0,0.002551,0.000406
NES-LTER_AE2426_ag_202411090118_004m_R1.sb,20241109,01:18:19,40.0481,-70.8842,3.6,601.0,0.002643,0.00041
NES-LTER_AE2426_ag_202411090118_004m_R1.sb,20241109,01:18:19,40.0481,-70.8842,3.6,602.0,0.002528,0.000405
NES-LTER_AE2426_ag_202411090118_004m_R1.sb,20241109,01:18:19,40.0481,-70.8842,3.6,603.0,0.002528,0.000405
NES-LTER_AE2426_ag_202411090118_004m_R1.sb,20241109,01:18:19,40.0481,-70.8842,3.6,604.0,0.002735,0.000414
NES-LTER_AE2426_ag_202411090118_004m_R1.sb,20241109,01:18:19,40.0481,-70.8842,3.6,605.0,0.003218,0.000435
NES-LTER_AE2426_ag_202411090118_004m_R1.sb,20241109,01:18:19,40.0481,-70.8842,3.6,606.0,0.003448,0.000445
NES-LTER_AE2426_ag_202411090118_004m_R1.sb,20241109,01:18:19,40.0481,-70.8842,3.6,607.0,0.003816,0.000461
NES-LTER_AE2426_ag_202411090118_004m_R1.sb,20241109,01:18:19,40.0481,-70.8842,3.6,608.0,0.004046,0.000471
NES-LTER_AE2426_ag_202411090118_004m_R1.sb,20241109,01:18:19,40.0481,-70.8842,3.6,609.0,0.004023,0.00047
NES-LTER_AE2426_ag_202411090118_004m_R1.sb,20241109,01:18:19,40.0481,-70.8842,3.6,610.0,0.003908,0.000465
NES-LTER_AE2426_ag_202411090118_004m_R1.sb,20241109,01:18:19,40.0481,-70.8842,3.6,611.0,0.004,0.000469
NES-LTER_AE2426_ag_202411090118_004m_R1.sb,20241109,01:18:19,40.0481,-70.8842,3.6,612.0,0.004161,0.000476
NES-LTER_AE2426_ag_202411090118_004m_R1.sb,20241109,01:18:19,40.0481,-70.8842,3.6,613.0,0.004115,0.000474
NES-LTER_AE2426_ag_202411090118_004m_R1.sb,20241109,01:18:19,40.0481,-70.8842,3.6,614.0,0.004161,0.000476
NES-LTER_AE2426_ag_202411090118_004m_R1.sb,20241109,01:18:19,40.0481,-70.8842,3.6,615.0,0.003908,0.000465
NES-LTER_AE2426_ag_202411090118_004m_R1.sb,20241109,01:18:19,40.0481,-70.8842,3.6,616.0,0.004092,0.000473
NES-LTER_AE2426_ag_202411090118_004m_R1.sb,20241109,01:18:19,40.0481,-70.8842,3.6,617.0,0.004,0.000469
NES-LTER_AE2426_ag_202411090118_004m_R1.sb,20241109,01:18:19,40.0481,-70.8842,3.6,618.0,0.004,0.000469
NES-LTER_AE2426_ag_202411090118_004m_R1.sb,20241109,01:18:19,40.0481,-70.8842,3.6,619.0,0.004046,0.000471
NES-LTER_AE2426_ag_202411090118_004m_R1.sb,20241109,01:18:19,40.0481,-70.8842,3.6,620.0,0.004092,0.000473
NES-LTER_AE2426_ag_202411090118_004m_R1.sb,20241109,01:18:19,40.0481,-70.8842,3.6,621.0,0.004299,0.000482
NES-LTER_AE2426_ag_202411090118_004m_R1.sb,20241109,01:18:19,40.0481,-70.8842,3.6,622.0,0.004207,0.000478
NES-LTER_AE2426_ag_202411090118_004m_R1.sb,20241109,01:18:19,40.0481,-70.8842,3.6,623.0,0.004138,0.000475
NES-LTER_AE2426_ag_202411090118_004m_R1.sb,20241109,01:18:19,40.0481,-70.8842,3.6,624.0,0.004092,0.000473
NES-LTER_AE2426_ag_202411090118_004m_R1.sb,20241109,01:18:19,40.0481,-70.8842,3.6,625.0,0.004138,0.000475
NES-LTER_AE2426_ag_202411090118_004m_R1.sb,20241109,01:18:19,40.0481,-70.8842,3.6,626.0,0.004207,0.000478
NES-LTER_AE2426_ag_202411090118_004m_R1.sb,20241109,01:18:19,40.0481,-70.8842,3.6,627.0,0.004092,0.000473
NES-LTER_AE2426_ag_202411090118_004m_R1.sb,20241109,01:18:19,40.0481,-70.8842,3.6,628.0,0.004,0.000469
NES-LTER_AE2426_ag_202411090118_004m_R1.sb,20241109,01:18:19,40.0481,-70.8842,3.6,629.0,0.003931,0.000466
NES-LTER_AE2426_ag_202411090118_004m_R1.sb,20241109,01:18:19,40.0481,-70.8842,3.6,630.0,0.003793,0.00046
NES-LTER_AE2426_ag_202411090118_004m_R1.sb,20241109,01:18:19,40.0481,-70.8842,3.6,631.0,0.003885,0.000464
NES-LTER_AE2426_ag_202411090118_004m_R1.sb,20241109,01:18:19,40.0481,-70.8842,3.6,632.0,0.003471,0.000446
NES-LTER_AE2426_ag_202411090118_004m_R1.sb,20241109,01:18:19,40.0481,-70.8842,3.6,633.0,0.003103,0.00043
NES-LTER_AE2426_ag_202411090118_004m_R1.sb,20241109,01:18:19,40.0481,-70.8842,3.6,634.0,0.002942,0.000423
NES-LTER_AE2426_ag_202411090118_004m_R1.sb,20241109,01:18:19,40.0481,-70.8842,3.6,635.0,0.002827,0.000418
NES-LTER_AE2426_ag_202411090118_004m_R1.sb,20241109,01:18:19,40.0481,-70.8842,3.6,636.0,0.003241,0.000436
NES-LTER_AE2426_ag_202411090118_004m_R1.sb,20241109,01:18:19,40.0481,-70.8842,3.6,637.0,0.003287,0.000438
NES-LTER_AE2426_ag_202411090118_004m_R1.sb,20241109,01:18:19,40.0481,-70.8842,3.6,638.0,0.003172,0.000433
NES-LTER_AE2426_ag_202411090118_004m_R1.sb,20241109,01:18:19,40.0481,-70.8842,3.6,639.0,0.002781,0.000416
NES-LTER_AE2426_ag_202411090118_004m_R1.sb,20241109,01:18:19,40.0481,-70.8842,3.6,640.0,0.002459,0.000402
NES-LTER_AE2426_ag_202411090118_004m_R1.sb,20241109,01:18:19,40.0481,-70.8842,3.6,641.0,0.002459,0.000402
NES-LTER_AE2426_ag_202411090118_004m_R1.sb,20241109,01:18:19,40.0481,-70.8842,3.6,642.0,0.002597,0.000408
NES-LTER_AE2426_ag_202411090118_004m_R1.sb,20241109,01:18:19,40.0481,-70.8842,3.6,643.0,0.002252,0.000393
NES-LTER_AE2426_ag_202411090118_004m_R1.sb,20241109,01:18:19,40.0481,-70.8842,3.6,644.0,0.002206,0.000391
NES-LTER_AE2426_ag_202411090118_004m_R1.sb,20241109,01:18:19,40.0481,-70.8842,3.6,645.0,0.002367,0.000398
NES-LTER_AE2426_ag_202411090118_004m_R1.sb,20241109,01:18:19,40.0481,-70.8842,3.6,646.0,0.002482,0.000403
NES-LTER_AE2426_ag_202411090118_004m_R1.sb,20241109,01:18:19,40.0481,-70.8842,3.6,647.0,0.002597,0.000408
NES-LTER_AE2426_ag_202411090118_004m_R1.sb,20241109,01:18:19,40.0481,-70.8842,3.6,648.0,0.002275,0.000394
NES-LTER_AE2426_ag_202411090118_004m_R1.sb,20241109,01:18:19,40.0481,-70.8842,3.6,649.0,0.002275,0.000394
NES-LTER_AE2426_ag_202411090118_004m_R1.sb,20241109,01:18:19,40.0481,-70.8842,3.6,650.0,0.001976,0.000381
NES-LTER_AE2426_ag_202411090118_004m_R1.sb,20241109,01:18:19,40.0481,-70.8842,3.6,651.0,0.001769,0.000372
NES-LTER_AE2426_ag_202411090118_004m_R1.sb,20241109,01:18:19,40.0481,-70.8842,3.6,652.0,0.001608,0.000365
NES-LTER_AE2426_ag_202411090118_004m_R1.sb,20241109,01:18:19,40.0481,-70.8842,3.6,653.0,0.001608,0.000365
NES-LTER_AE2426_ag_202411090118_004m_R1.sb,20241109,01:18:19,40.0481,-70.8842,3.6,654.0,0.00147,0.000359
NES-LTER_AE2426_ag_202411090118_004m_R1.sb,20241109,01:18:19,40.0481,-70.8842,3.6,655.0,0.000895,0.000334
NES-LTER_AE2426_ag_202411090118_004m_R1.sb,20241109,01:18:19,40.0481,-70.8842,3.6,656.0,0.00032,0.000309
NES-LTER_AE2426_ag_202411090118_004m_R1.sb,20241109,01:18:19,40.0481,-70.8842,3.6,657.0,0.000113,0.0003
NES-LTER_AE2426_ag_202411090118_004m_R1.sb,20241109,01:18:19,40.0481,-70.8842,3.6,658.0,0.000251,0.000306
NES-LTER_AE2426_ag_202411090118_004m_R1.sb,20241109,01:18:19,40.0481,-70.8842,3.6,659.0,0.000159,0.000302
NES-LTER_AE2426_ag_202411090118_004m_R1.sb,20241109,01:18:19,40.0481,-70.8842,3.6,660.0,-0.000186,0.000287
NES-LTER_AE2426_ag_202411090118_004m_R1.sb,20241109,01:18:19,40.0481,-70.8842,3.6,661.0,-0.000462,0.000275
NES-LTER_AE2426_ag_202411090118_004m_R1.sb,20241109,01:18:19,40.0481,-70.8842,3.6,662.0,-0.000669,0.000266
NES-LTER_AE2426_ag_202411090118_004m_R1.sb,20241109,01:18:19,40.0481,-70.8842,3.6,663.0,-0.000255,0.000284
NES-LTER_AE2426_ag_202411090118_004m_R1.sb,20241109,01:18:19,40.0481,-70.8842,3.6,664.0,-2e-06,0.000295
NES-LTER_AE2426_ag_202411090118_004m_R1.sb,20241109,01:18:19,40.0481,-70.8842,3.6,665.0,0.00032,0.000309
NES-LTER_AE2426_ag_202411090118_004m_R1.sb,20241109,01:18:19,40.0481,-70.8842,3.6,666.0,0.000251,0.000306
NES-LTER_AE2426_ag_202411090118_004m_R1.sb,20241109,01:18:19,40.0481,-70.8842,3.6,667.0,9e-05,0.000299
NES-LTER_AE2426_ag_202411090118_004m_R1.sb,20241109,01:18:19,40.0481,-70.8842,3.6,668.0,0.00032,0.000309
NES-LTER_AE2426_ag_202411090118_004m_R1.sb,20241109,01:18:19,40.0481,-70.8842,3.6,669.0,0.000228,0.000305
NES-LTER_AE2426_ag_202411090118_004m_R1.sb,20241109,01:18:19,40.0481,-70.8842,3.6,670.0,0.000366,0.000311
NES-LTER_AE2426_ag_202411090118_004m_R1.sb,20241109,01:18:19,40.0481,-70.8842,3.6,671.0,0.000573,0.00032
NES-LTER_AE2426_ag_202411090118_004m_R1.sb,20241109,01:18:19,40.0481,-70.8842,3.6,672.0,0.000366,0.000311
NES-LTER_AE2426_ag_202411090118_004m_R1.sb,20241109,01:18:19,40.0481,-70.8842,3.6,673.0,0.000297,0.000308
NES-LTER_AE2426_ag_202411090118_004m_R1.sb,20241109,01:18:19,40.0481,-70.8842,3.6,674.0,-0.000163,0.000288
NES-LTER_AE2426_ag_202411090118_004m_R1.sb,20241109,01:18:19,40.0481,-70.8842,3.6,675.0,-0.000301,0.000282
NES-LTER_AE2426_ag_202411090118_004m_R1.sb,20241109,01:18:19,40.0481,-70.8842,3.6,676.0,-0.000393,0.000278
NES-LTER_AE2426_ag_202411090118_004m_R1.sb,20241109,01:18:19,40.0481,-70.8842,3.6,677.0,-0.000577,0.00027
NES-LTER_AE2426_ag_202411090118_004m_R1.sb,20241109,01:18:19,40.0481,-70.8842,3.6,678.0,-0.000738,0.000263
NES-LTER_AE2426_ag_202411090118_004m_R1.sb,20241109,01:18:19,40.0481,-70.8842,3.6,679.0,-0.000876,0.000257
NES-LTER_AE2426_ag_202411090118_004m_R1.sb,20241109,01:18:19,40.0481,-70.8842,3.6,680.0,-0.000991,0.000252
NES-LTER_AE2426_ag_202411090118_004m_R1.sb,20241109,01:18:19,40.0481,-70.8842,3.6,681.0,-0.001175,0.000244
NES-LTER_AE2426_ag_202411090118_004m_R1.sb,20241109,01:18:19,40.0481,-70.8842,3.6,682.0,-0.001382,0.000235
NES-LTER_AE2426_ag_202411090118_004m_R1.sb,20241109,01:18:19,40.0481,-70.8842,3.6,683.0,-0.001658,0.000223
NES-LTER_AE2426_ag_202411090118_004m_R1.sb,20241109,01:18:19,40.0481,-70.8842,3.6,684.0,-0.001566,0.000227
NES-LTER_AE2426_ag_202411090118_004m_R1.sb,20241109,01:18:19,40.0481,-70.8842,3.6,685.0,-0.001957,0.00021
NES-LTER_AE2426_ag_202411090118_004m_R1.sb,20241109,01:18:19,40.0481,-70.8842,3.6,686.0,-0.00244,0.000189
NES-LTER_AE2426_ag_202411090118_004m_R1.sb,20241109,01:18:19,40.0481,-70.8842,3.6,687.0,-0.003084,0.000161
NES-LTER_AE2426_ag_202411090118_004m_R1.sb,20241109,01:18:19,40.0481,-70.8842,3.6,688.0,-0.003475,0.000144
NES-LTER_AE2426_ag_202411090118_004m_R1.sb,20241109,01:18:19,40.0481,-70.8842,3.6,689.0,-0.003613,0.000138
NES-LTER_AE2426_ag_202411090118_004m_R1.sb,20241109,01:18:19,40.0481,-70.8842,3.6,690.0,-0.00405,0.000119
NES-LTER_AE2426_ag_202411090118_004m_R1.sb,20241109,01:18:19,40.0481,-70.8842,3.6,691.0,-0.004786,8.7e-05
NES-LTER_AE2426_ag_202411090118_004m_R1.sb,20241109,01:18:19,40.0481,-70.8842,3.6,692.0,-0.005039,7.6e-05
NES-LTER_AE2426_ag_202411090118_004m_R1.sb,20241109,01:18:19,40.0481,-70.8842,3.6,693.0,-0.005476,5.7e-05
NES-LTER_AE2426_ag_202411090118_004m_R1.sb,20241109,01:18:19,40.0481,-70.8842,3.6,694.0,-0.005683,4.8e-05
NES-LTER_AE2426_ag_202411090118_004m_R1.sb,20241109,01:18:19,40.0481,-70.8842,3.6,695.0,-0.00635,1.9e-05
NES-LTER_AE2426_ag_202411090118_004m_R1.sb,20241109,01:18:19,40.0481,-70.8842,3.6,696.0,-0.007063,-1.2e-05
NES-LTER_AE2426_ag_202411090118_004m_R1.sb,20241109,01:18:19,40.0481,-70.8842,3.6,697.0,-0.007615,-3.6e-05
NES-LTER_AE2426_ag_202411090118_004m_R1.sb,20241109,01:18:19,40.0481,-70.8842,3.6,698.0,-0.008006,-5.3e-05
NES-LTER_AE2426_ag_202411090118_004m_R1.sb,20241109,01:18:19,40.0481,-70.8842,3.6,699.0,-0.008397,-7e-05
NES-LTER_AE2426_ag_202411090118_004m_R1.sb,20241109,01:18:19,40.0481,-70.8842,3.6,700.0,-0.008857,-9e-05
NES-LTER_AE2426_ag_202411090118_004m_R1.sb,20241109,01:18:19,40.0481,-70.8842,3.6,701.0,-0.009547,-0.00012
NES-LTER_AE2426_ag_202411090118_004m_R1.sb,20241109,01:18:19,40.0481,-70.8842,3.6,702.0,-0.010007,-0.00014
NES-LTER_AE2426_ag_202411090118_004m_R1.sb,20241109,01:18:19,40.0481,-70.8842,3.6,703.0,-0.010674,-0.000169
NES-LTER_AE2426_ag_202411090118_004m_R1.sb,20241109,01:18:19,40.0481,-70.8842,3.6,704.0,-0.011272,-0.000195
NES-LTER_AE2426_ag_202411090118_004m_R1.sb,20241109,01:18:19,40.0481,-70.8842,3.6,705.0,-0.011709,-0.000214
NES-LTER_AE2426_ag_202411090118_004m_R1.sb,20241109,01:18:19,40.0481,-70.8842,3.6,706.0,-0.011778,-0.000217
NES-LTER_AE2426_ag_202411090118_004m_R1.sb,20241109,01:18:19,40.0481,-70.8842,3.6,707.0,-0.012353,-0.000242
NES-LTER_AE2426_ag_202411090118_004m_R1.sb,20241109,01:18:19,40.0481,-70.8842,3.6,708.0,-0.012583,-0.000252
NES-LTER_AE2426_ag_202411090118_004m_R1.sb,20241109,01:18:19,40.0481,-70.8842,3.6,709.0,-0.013089,-0.000274
NES-LTER_AE2426_ag_202411090118_004m_R1.sb,20241109,01:18:19,40.0481,-70.8842,3.6,710.0,-0.013112,-0.000275
NES-LTER_AE2426_ag_202411090118_004m_R1.sb,20241109,01:18:19,40.0481,-70.8842,3.6,711.0,-0.013503,-0.000292
NES-LTER_AE2426_ag_202411090118_004m_R1.sb,20241109,01:18:19,40.0481,-70.8842,3.6,712.0,-0.014354,-0.000329
NES-LTER_AE2426_ag_202411090118_004m_R1.sb,20241109,01:18:19,40.0481,-70.8842,3.6,713.0,-0.015113,-0.000362
NES-LTER_AE2426_ag_202411090118_004m_R1.sb,20241109,01:18:19,40.0481,-70.8842,3.6,714.0,-0.01601,-0.000401
NES-LTER_AE2426_ag_202411090118_004m_R1.sb,20241109,01:18:19,40.0481,-70.8842,3.6,715.0,-0.016424,-0.000419
NES-LTER_AE2426_ag_202411090118_004m_R1.sb,20241109,01:18:19,40.0481,-70.8842,3.6,716.0,-0.017459,-0.000464
NES-LTER_AE2426_ag_202411090118_004m_R1.sb,20241109,01:18:19,40.0481,-70.8842,3.6,717.0,-0.018287,-0.0005
NES-LTER_AE2426_ag_202411090118_004m_R1.sb,20241109,01:18:19,40.0481,-70.8842,3.6,718.0,-0.019092,-0.000535
NES-LTER_AE2426_ag_202411090118_004m_R1.sb,20241109,01:18:19,40.0481,-70.8842,3.6,719.0,-0.019322,-0.000545
NES-LTER_AE2426_ag_202411090118_004m_R1.sb,20241109,01:18:19,40.0481,-70.8842,3.6,720.0,-0.019805,-0.000566
NES-LTER_AE2426_ag_202411090118_004m_R1.sb,20241109,01:18:19,40.0481,-70.8842,3.6,721.0,-0.020311,-0.000588
NES-LTER_AE2426_ag_202411090118_004m_R1.sb,20241109,01:18:19,40.0481,-70.8842,3.6,722.0,-0.021116,-0.000623
NES-LTER_AE2426_ag_202411090118_004m_R1.sb,20241109,01:18:19,40.0481,-70.8842,3.6,723.0,-0.022059,-0.000664
NES-LTER_AE2426_ag_202411090118_004m_R1.sb,20241109,01:18:19,40.0481,-70.8842,3.6,724.0,-0.023393,-0.000722
NES-LTER_AE2426_ag_202411090118_004m_R1.sb,20241109,01:18:19,40.0481,-70.8842,3.6,725.0,-0.024428,-0.000767
NES-LTER_AE2426_ag_202411090118_004m_R1.sb,20241109,01:18:19,40.0481,-70.8842,3.6,726.0,-0.025923,-0.000832
NES-LTER_AE2426_ag_202411090118_004m_R1.sb,20241109,01:18:19,40.0481,-70.8842,3.6,727.0,-0.027901,-0.000918
NES-LTER_AE2426_ag_202411090118_004m_R1.sb,20241109,01:18:19,40.0481,-70.8842,3.6,728.0,-0.031075,-0.001056
NES-LTER_AE2426_ag_202411090118_004m_R1.sb,20241109,01:18:19,40.0481,-70.8842,3.6,729.0,-0.033973,-0.001182
NES-LTER_AE2426_ag_202411090118_004m_R1.sb,20241109,01:18:19,40.0481,-70.8842,3.6,730.0,-0.036986,-0.001313
NES-LTER_AE2426_ag_202411090118_004m_R1.sb,20241109,01:18:19,40.0481,-70.8842,3.6,731.0,-0.039493,-0.001422
NES-LTER_AE2426_ag_202411090118_004m_R1.sb,20241109,01:18:19,40.0481,-70.8842,3.6,732.0,-0.04177,-0.001521
NES-LTER_AE2426_ag_202411090118_004m_R1.sb,20241109,01:18:19,40.0481,-70.8842,3.6,733.0,-0.042966,-0.001573
NES-LTER_AE2426_ag_202411090118_004m_R1.sb,20241109,01:18:19,40.0481,-70.8842,3.6,734.0,-0.042943,-0.001572
NES-LTER_AE2426_ag_202411090118_004m_R1.sb,20241109,01:18:19,40.0481,-70.8842,3.6,735.0,-0.041563,-0.001512
NES-LTER_AE2426_ag_202411090118_004m_R1.sb,20241109,01:18:19,40.0481,-70.8842,3.6,736.0,-0.039125,-0.001406
NES-LTER_AE2426_ag_202411090118_004m_R1.sb,20241109,01:18:19,40.0481,-70.8842,3.6,737.0,-0.036135,-0.001276
NES-LTER_AE2426_ag_202411090118_004m_R1.sb,20241109,01:18:19,40.0481,-70.8842,3.6,738.0,-0.032409,-0.001114
NES-LTER_AE2426_ag_202411090118_004m_R1.sb,20241109,01:18:19,40.0481,-70.8842,3.6,739.0,-0.028453,-0.000942
NES-LTER_AE2426_ag_202411090118_004m_R1.sb,20241109,01:18:19,40.0481,-70.8842,3.6,740.0,-0.024405,-0.000766
NES-LTER_AE2426_ag_202411090118_004m_R1.sb,20241109,01:18:19,40.0481,-70.8842,3.6,741.0,-0.020541,-0.000598
NES-LTER_AE2426_ag_202411090118_004m_R1.sb,20241109,01:18:19,40.0481,-70.8842,3.6,742.0,-0.016976,-0.000443
NES-LTER_AE2426_ag_202411090118_004m_R1.sb,20241109,01:18:19,40.0481,-70.8842,3.6,743.0,-0.013273,-0.000282
NES-LTER_AE2426_ag_202411090118_004m_R1.sb,20241109,01:18:19,40.0481,-70.8842,3.6,744.0,-0.010559,-0.000164
NES-LTER_AE2426_ag_202411090118_004m_R1.sb,20241109,01:18:19,40.0481,-70.8842,3.6,745.0,-0.007454,-2.9e-05
NES-LTER_AE2426_ag_202411090118_004m_R1.sb,20241109,01:18:19,40.0481,-70.8842,3.6,746.0,-0.005246,6.7e-05
NES-LTER_AE2426_ag_202411090118_004m_R1.sb,20241109,01:18:19,40.0481,-70.8842,3.6,747.0,-0.003176,0.000157
NES-LTER_AE2426_ag_202411090118_004m_R1.sb,20241109,01:18:19,40.0481,-70.8842,3.6,748.0,-0.001911,0.000212
NES-LTER_AE2426_ag_202411090118_004m_R1.sb,20241109,01:18:19,40.0481,-70.8842,3.6,749.0,-0.000232,0.000285
NES-LTER_AE2426_ag_202411090118_004m_R1.sb,20241109,01:18:19,40.0481,-70.8842,3.6,750.0,0.001562,0.000363
NES-LTER_AE2426_ag_202411090118_004m_R1.sb,20241109,01:18:19,40.0481,-70.8842,3.6,751.0,0.003149,0.000432
NES-LTER_AE2426_ag_202411090118_004m_R1.sb,20241109,01:18:19,40.0481,-70.8842,3.6,752.0,0.003655,0.000454
NES-LTER_AE2426_ag_202411090118_004m_R1.sb,20241109,01:18:19,40.0481,-70.8842,3.6,753.0,0.003931,0.000466
NES-LTER_AE2426_ag_202411090118_004m_R1.sb,20241109,01:18:19,40.0481,-70.8842,3.6,754.0,0.003839,0.000462
NES-LTER_AE2426_ag_202411090118_004m_R1.sb,20241109,01:18:19,40.0481,-70.8842,3.6,755.0,0.004897,0.000508
NES-LTER_AE2426_ag_202411090118_004m_R1.sb,20241109,01:18:19,40.0481,-70.8842,3.6,756.0,0.005265,0.000524
NES-LTER_AE2426_ag_202411090118_004m_R1.sb,20241109,01:18:19,40.0481,-70.8842,3.6,757.0,0.005955,0.000554
NES-LTER_AE2426_ag_202411090118_004m_R1.sb,20241109,01:18:19,40.0481,-70.8842,3.6,758.0,0.006093,0.00056
NES-LTER_AE2426_ag_202411090118_004m_R1.sb,20241109,01:18:19,40.0481,-70.8842,3.6,759.0,0.006323,0.00057
NES-LTER_AE2426_ag_202411090118_004m_R1.sb,20241109,01:18:19,40.0481,-70.8842,3.6,760.0,0.006346,0.000571
NES-LTER_AE2426_ag_202411090118_004m_R1.sb,20241109,01:18:19,40.0481,-70.8842,3.6,761.0,0.00584,0.000549
NES-LTER_AE2426_ag_202411090118_004m_R1.sb,20241109,01:18:19,40.0481,-70.8842,3.6,762.0,0.005748,0.000545
NES-LTER_AE2426_ag_202411090118_004m_R1.sb,20241109,01:18:19,40.0481,-70.8842,3.6,763.0,0.005932,0.000553
NES-LTER_AE2426_ag_202411090118_004m_R1.sb,20241109,01:18:19,40.0481,-70.8842,3.6,764.0,0.006254,0.000567
NES-LTER_AE2426_ag_202411090118_004m_R1.sb,20241109,01:18:19,40.0481,-70.8842,3.6,765.0,0.006806,0.000591
NES-LTER_AE2426_ag_202411090118_004m_R1.sb,20241109,01:18:19,40.0481,-70.8842,3.6,766.0,0.006944,0.000597
NES-LTER_AE2426_ag_202411090118_004m_R1.sb,20241109,01:18:19,40.0481,-70.8842,3.6,767.0,0.007036,0.000601
NES-LTER_AE2426_ag_202411090118_004m_R1.sb,20241109,01:18:19,40.0481,-70.8842,3.6,768.0,0.006783,0.00059
NES-LTER_AE2426_ag_202411090118_004m_R1.sb,20241109,01:18:19,40.0481,-70.8842,3.6,769.0,0.006507,0.000578
NES-LTER_AE2426_ag_202411090118_004m_R1.sb,20241109,01:18:19,40.0481,-70.8842,3.6,770.0,0.006185,0.000564
NES-LTER_AE2426_ag_202411090118_004m_R1.sb,20241109,01:18:19,40.0481,-70.8842,3.6,771.0,0.005909,0.000552
NES-LTER_AE2426_ag_202411090118_004m_R1.sb,20241109,01:18:19,40.0481,-70.8842,3.6,772.0,0.005886,0.000551
NES-LTER_AE2426_ag_202411090118_004m_R1.sb,20241109,01:18:19,40.0481,-70.8842,3.6,773.0,0.00561,0.000539
NES-LTER_AE2426_ag_202411090118_004m_R1.sb,20241109,01:18:19,40.0481,-70.8842,3.6,774.0,0.005702,0.000543
NES-LTER_AE2426_ag_202411090118_004m_R1.sb,20241109,01:18:19,40.0481,-70.8842,3.6,775.0,0.005035,0.000514
NES-LTER_AE2426_ag_202411090118_004m_R1.sb,20241109,01:18:19,40.0481,-70.8842,3.6,776.0,0.005035,0.000514
NES-LTER_AE2426_ag_202411090118_004m_R1.sb,20241109,01:18:19,40.0481,-70.8842,3.6,777.0,0.004851,0.000506
NES-LTER_AE2426_ag_202411090118_004m_R1.sb,20241109,01:18:19,40.0481,-70.8842,3.6,778.0,0.005518,0.000535
NES-LTER_AE2426_ag_202411090118_004m_R1.sb,20241109,01:18:19,40.0481,-70.8842,3.6,779.0,0.005219,0.000522
NES-LTER_AE2426_ag_202411090118_004m_R1.sb,20241109,01:18:19,40.0481,-70.8842,3.6,780.0,0.004736,0.000501
NES-LTER_AE2426_ag_202411090118_004m_R1.sb,20241109,01:18:19,40.0481,-70.8842,3.6,781.0,0.003977,0.000468
NES-LTER_AE2426_ag_202411090118_004m_R1.sb,20241109,01:18:19,40.0481,-70.8842,3.6,782.0,0.003954,0.000467
NES-LTER_AE2426_ag_202411090118_004m_R1.sb,20241109,01:18:19,40.0481,-70.8842,3.6,783.0,0.003701,0.000456
NES-LTER_AE2426_ag_202411090118_004m_R1.sb,20241109,01:18:19,40.0481,-70.8842,3.6,784.0,0.00262,0.000409
NES-LTER_AE2426_ag_202411090118_004m_R1.sb,20241109,01:18:19,40.0481,-70.8842,3.6,785.0,0.001424,0.000357
NES-LTER_AE2426_ag_202411090118_004m_R1.sb,20241109,01:18:19,40.0481,-70.8842,3.6,786.0,0.000803,0.00033
NES-LTER_AE2426_ag_202411090118_004m_R1.sb,20241109,01:18:19,40.0481,-70.8842,3.6,787.0,0.00032,0.000309
NES-LTER_AE2426_ag_202411090118_004m_R1.sb,20241109,01:18:19,40.0481,-70.8842,3.6,788.0,0.000389,0.000312
NES-LTER_AE2426_ag_202411090118_004m_R1.sb,20241109,01:18:19,40.0481,-70.8842,3.6,789.0,-0.000278,0.000283
NES-LTER_AE2426_ag_202411090118_004m_R1.sb,20241109,01:18:19,40.0481,-70.8842,3.6,790.0,-0.000646,0.000267
NES-LTER_AE2426_ag_202411090118_004m_R1.sb,20241109,01:18:19,40.0481,-70.8842,3.6,791.0,-0.001865,0.000214
NES-LTER_AE2426_ag_202411090118_004m_R1.sb,20241109,01:18:19,40.0481,-70.8842,3.6,792.0,-0.0029,0.000169
NES-LTER_AE2426_ag_202411090118_004m_R1.sb,20241109,01:18:19,40.0481,-70.8842,3.6,793.0,-0.003889,0.000126
NES-LTER_AE2426_ag_202411090118_004m_R1.sb,20241109,01:18:19,40.0481,-70.8842,3.6,794.0,-0.004809,8.6e-05
NES-LTER_AE2426_ag_202411090118_004m_R1.sb,20241109,01:18:19,40.0481,-70.8842,3.6,795.0,-0.005959,3.6e-05
NES-LTER_AE2426_ag_202411090118_004m_R1.sb,20241109,01:18:19,40.0481,-70.8842,3.6,796.0,-0.007201,-1.8e-05
NES-LTER_AE2426_ag_202411090118_004m_R1.sb,20241109,01:18:19,40.0481,-70.8842,3.6,797.0,-0.008121,-5.8e-05
NES-LTER_AE2426_ag_202411090118_004m_R1.sb,20241109,01:18:19,40.0481,-70.8842,3.6,798.0,-0.008627,-8e-05
NES-LTER_AE2426_ag_202411090118_004m_R1.sb,20241109,01:18:19,40.0481,-70.8842,3.6,799.0,-0.009248,-0.000107
NES-LTER_AE2426_ag_202411090118_004m_R1.sb,20241109,01:18:19,40.0481,-70.8842,3.6,800.0,-0.010513,-0.000162
NES-LTER_AE2426_ag_202411090118_004m_R1.sb,20241109,01:18:19,40.0481,-70.8842,3.6,801.0,-0.011824,-0.000219
NES-LTER_AE2426_ag_202411090118_004m_R1.sb,20241109,01:18:19,40.0481,-70.8842,3.6,802.0,-0.012813,-0.000262
NES-LTER_AE2426_ag_202411090118_004m_R1.sb,20241109,01:18:19,40.0481,-70.8842,3.6,803.0,-0.013388,-0.000287
NES-LTER_AE2426_ag_202411090118_004m_R1.sb,20241109,01:18:19,40.0481,-70.8842,3.6,804.0,-0.014492,-0.000335
NES-LTER_AE2426_ag_202411090118_004m_R1.sb,20241109,01:18:19,40.0481,-70.8842,3.6,805.0,-0.016056,-0.000403
NES-LTER_AE2426_ag_202411090118_004m_R1.sb,20241109,01:18:19,40.0481,-70.8842,3.6,806.0,-0.01785,-0.000481
NES-LTER_AE2426_ag_202411090118_004m_R1.sb,20241109,01:18:19,40.0481,-70.8842,3.6,807.0,-0.01877,-0.000521
NES-LTER_AE2426_ag_202411090118_004m_R1.sb,20241109,01:18:19,40.0481,-70.8842,3.6,808.0,-0.019874,-0.000569
NES-LTER_AE2426_ag_202411090118_004m_R1.sb,20241109,01:18:19,40.0481,-70.8842,3.6,809.0,-0.021024,-0.000619
NES-LTER_AE2426_ag_202411090118_004m_R1.sb,20241109,01:18:19,40.0481,-70.8842,3.6,810.0,-0.022772,-0.000695
NES-LTER_AE2426_ag_202411090118_004m_R1.sb,20241109,01:18:19,40.0481,-70.8842,3.6,811.0,-0.024014,-0.000749
NES-LTER_AE2426_ag_202411090118_004m_R1.sb,20241109,01:18:19,40.0481,-70.8842,3.6,812.0,-0.025187,-0.0008
NES-LTER_AE2426_ag_202411090118_004m_R1.sb,20241109,01:18:19,40.0481,-70.8842,3.6,813.0,-0.025601,-0.000818
NES-LTER_AE2426_ag_202411090118_004m_R1.sb,20241109,01:18:19,40.0481,-70.8842,3.6,814.0,-0.026383,-0.000852
NES-LTER_AE2426_ag_202411090118_004m_R1.sb,20241109,01:18:19,40.0481,-70.8842,3.6,815.0,-0.026935,-0.000876
NES-LTER_AE2426_ag_202411090118_004m_R1.sb,20241109,01:18:19,40.0481,-70.8842,3.6,816.0,-0.028499,-0.000944
NES-LTER_AE2426_ag_202411090118_004m_R1.sb,20241109,01:18:19,40.0481,-70.8842,3.6,817.0,-0.029534,-0.000989
NES-LTER_AE2426_ag_202411090118_004m_R1.sb,20241109,01:18:19,40.0481,-70.8842,3.6,818.0,-0.030362,-0.001025
NES-LTER_AE2426_ag_202411090118_004m_R1.sb,20241109,01:18:19,40.0481,-70.8842,3.6,819.0,-0.031466,-0.001073
NES-LTER_AE2426_ag_202411090118_004m_R1.sb,20241109,01:18:19,40.0481,-70.8842,3.6,820.0,-0.033007,-0.00114
NES-LTER_AE2426_ag_202411090118_004m_R1.sb,20241109,01:18:19,40.0481,-70.8842,3.6,821.0,-0.035353,-0.001242
NES-LTER_AE2426_ag_202411090118_004m_R1.sb,20241109,01:18:19,40.0481,-70.8842,3.6,822.0,-0.037538,-0.001337
NES-LTER_AE2426_ag_202411090118_004m_R1.sb,20241109,01:18:19,40.0481,-70.8842,3.6,823.0,-0.040252,-0.001455
NES-LTER_AE2426_ag_202411090118_004m_R1.sb,20241109,01:18:19,40.0481,-70.8842,3.6,824.0,-0.043357,-0.00159
NES-LTER_AE2426_ag_202411090118_004m_R1.sb,20241109,01:18:19,40.0481,-70.8842,3.6,825.0,-0.046531,-0.001728
NES-LTER_AE2426_ag_202411090118_004m_R1.sb,20241109,01:18:19,40.0481,-70.8842,3.6,826.0,-0.050418,-0.001897
NES-LTER_AE2426_ag_202411090118_004m_R1.sb,20241109,01:18:19,40.0481,-70.8842,3.6,827.0,-0.054765,-0.002086
NES-LTER_AE2426_ag_202411090118_004m_R1.sb,20241109,01:18:19,40.0481,-70.8842,3.6,828.0,-0.05994,-0.002311
NES-LTER_AE2426_ag_202411090118_004m_R1.sb,20241109,01:18:19,40.0481,-70.8842,3.6,829.0,-0.063459,-0.002464
NES-LTER_AE2426_ag_202411090118_004m_R1.sb,20241109,01:18:19,40.0481,-70.8842,3.6,830.0,-0.066495,-0.002596
NES-LTER_AE2426_ag_202411090118_004m_R1.sb,20241109,01:18:19,40.0481,-70.8842,3.6,831.0,-0.067599,-0.002644
NES-LTER_AE2426_ag_202411090118_004m_R1.sb,20241109,01:18:19,40.0481,-70.8842,3.6,832.0,-0.067967,-0.00266
NES-LTER_AE2426_ag_202411090118_004m_R1.sb,20241109,01:18:19,40.0481,-70.8842,3.6,833.0,-0.06569,-0.002561
NES-LTER_AE2426_ag_202411090118_004m_R1.sb,20241109,01:18:19,40.0481,-70.8842,3.6,834.0,-0.062102,-0.002405
NES-LTER_AE2426_ag_202411090118_004m_R1.sb,20241109,01:18:19,40.0481,-70.8842,3.6,835.0,-0.057594,-0.002209
NES-LTER_AE2426_ag_202411090118_004m_R1.sb,20241109,01:18:19,40.0481,-70.8842,3.6,836.0,-0.05304,-0.002011
NES-LTER_AE2426_ag_202411090118_004m_R1.sb,20241109,01:18:19,40.0481,-70.8842,3.6,837.0,-0.048256,-0.001803
NES-LTER_AE2426_ag_202411090118_004m_R1.sb,20241109,01:18:19,40.0481,-70.8842,3.6,838.0,-0.044162,-0.001625
NES-LTER_AE2426_ag_202411090118_004m_R1.sb,20241109,01:18:19,40.0481,-70.8842,3.6,839.0,-0.039953,-0.001442
NES-LTER_AE2426_ag_202411090118_004m_R1.sb,20241109,01:18:19,40.0481,-70.8842,3.6,840.0,-0.03648,-0.001291
NES-LTER_AE2426_ag_202411090118_004m_R1.sb,20241109,01:18:19,40.0481,-70.8842,3.6,841.0,-0.033467,-0.00116
NES-LTER_AE2426_ag_202411090118_004m_R1.sb,20241109,01:18:19,40.0481,-70.8842,3.6,842.0,-0.031236,-0.001063
NES-LTER_AE2426_ag_202411090118_004m_R1.sb,20241109,01:18:19,40.0481,-70.8842,3.6,843.0,-0.030063,-0.001012
NES-LTER_AE2426_ag_202411090118_004m_R1.sb,20241109,01:18:19,40.0481,-70.8842,3.6,844.0,-0.027763,-0.000912
NES-LTER_AE2426_ag_202411090118_004m_R1.sb,20241109,01:18:19,40.0481,-70.8842,3.6,845.0,-0.026061,-0.000838
NES-LTER_AE2426_ag_202411090118_004m_R1.sb,20241109,01:18:19,40.0481,-70.8842,3.6,846.0,-0.024497,-0.00077
NES-LTER_AE2426_ag_202411090118_004m_R1.sb,20241109,01:18:19,40.0481,-70.8842,3.6,847.0,-0.024428,-0.000767
NES-LTER_AE2426_ag_202411090118_004m_R1.sb,20241109,01:18:19,40.0481,-70.8842,3.6,848.0,-0.023761,-0.000738
NES-LTER_AE2426_ag_202411090118_004m_R1.sb,20241109,01:18:19,40.0481,-70.8842,3.6,849.0,-0.022519,-0.000684
NES-LTER_AE2426_ag_202411090118_004m_R1.sb,20241109,01:18:19,40.0481,-70.8842,3.6,850.0,-0.021921,-0.000658
NES-LTER_AE2426_ag_202411100355_004m_R1.sb,20241110,03:55:32,40.2569,-70.8834,3.8,300.0,0.950617,0.04187
NES-LTER_AE2426_ag_202411100355_004m_R1.sb,20241110,03:55:32,40.2569,-70.8834,3.8,301.0,0.927341,0.040858
NES-LTER_AE2426_ag_202411100355_004m_R1.sb,20241110,03:55:32,40.2569,-70.8834,3.8,302.0,0.904525,0.039866
NES-LTER_AE2426_ag_202411100355_004m_R1.sb,20241110,03:55:32,40.2569,-70.8834,3.8,303.0,0.881939,0.038884
NES-LTER_AE2426_ag_202411100355_004m_R1.sb,20241110,03:55:32,40.2569,-70.8834,3.8,304.0,0.860135,0.037936
NES-LTER_AE2426_ag_202411100355_004m_R1.sb,20241110,03:55:32,40.2569,-70.8834,3.8,305.0,0.840562,0.037085
NES-LTER_AE2426_ag_202411100355_004m_R1.sb,20241110,03:55:32,40.2569,-70.8834,3.8,306.0,0.821012,0.036235
NES-LTER_AE2426_ag_202411100355_004m_R1.sb,20241110,03:55:32,40.2569,-70.8834,3.8,307.0,0.802382,0.035425
NES-LTER_AE2426_ag_202411100355_004m_R1.sb,20241110,03:55:32,40.2569,-70.8834,3.8,308.0,0.784143,0.034632
NES-LTER_AE2426_ag_202411100355_004m_R1.sb,20241110,03:55:32,40.2569,-70.8834,3.8,309.0,0.767606,0.033913
NES-LTER_AE2426_ag_202411100355_004m_R1.sb,20241110,03:55:32,40.2569,-70.8834,3.8,310.0,0.750862,0.033185
NES-LTER_AE2426_ag_202411100355_004m_R1.sb,20241110,03:55:32,40.2569,-70.8834,3.8,311.0,0.735015,0.032496
NES-LTER_AE2426_ag_202411100355_004m_R1.sb,20241110,03:55:32,40.2569,-70.8834,3.8,312.0,0.718846,0.031793
NES-LTER_AE2426_ag_202411100355_004m_R1.sb,20241110,03:55:32,40.2569,-70.8834,3.8,313.0,0.703965,0.031146
NES-LTER_AE2426_ag_202411100355_004m_R1.sb,20241110,03:55:32,40.2569,-70.8834,3.8,314.0,0.688762,0.030485
NES-LTER_AE2426_ag_202411100355_004m_R1.sb,20241110,03:55:32,40.2569,-70.8834,3.8,315.0,0.674525,0.029866
NES-LTER_AE2426_ag_202411100355_004m_R1.sb,20241110,03:55:32,40.2569,-70.8834,3.8,316.0,0.660127,0.02924
NES-LTER_AE2426_ag_202411100355_004m_R1.sb,20241110,03:55:32,40.2569,-70.8834,3.8,317.0,0.64658,0.028651
NES-LTER_AE2426_ag_202411100355_004m_R1.sb,20241110,03:55:32,40.2569,-70.8834,3.8,318.0,0.633171,0.028068
NES-LTER_AE2426_ag_202411100355_004m_R1.sb,20241110,03:55:32,40.2569,-70.8834,3.8,319.0,0.620245,0.027506
NES-LTER_AE2426_ag_202411100355_004m_R1.sb,20241110,03:55:32,40.2569,-70.8834,3.8,320.0,0.607618,0.026957
NES-LTER_AE2426_ag_202411100355_004m_R1.sb,20241110,03:55:32,40.2569,-70.8834,3.8,321.0,0.595566,0.026433
NES-LTER_AE2426_ag_202411100355_004m_R1.sb,20241110,03:55:32,40.2569,-70.8834,3.8,322.0,0.584089,0.025934
NES-LTER_AE2426_ag_202411100355_004m_R1.sb,20241110,03:55:32,40.2569,-70.8834,3.8,323.0,0.572037,0.02541
NES-LTER_AE2426_ag_202411100355_004m_R1.sb,20241110,03:55:32,40.2569,-70.8834,3.8,324.0,0.560675,0.024916
NES-LTER_AE2426_ag_202411100355_004m_R1.sb,20241110,03:55:32,40.2569,-70.8834,3.8,325.0,0.549957,0.02445
NES-LTER_AE2426_ag_202411100355_004m_R1.sb,20241110,03:55:32,40.2569,-70.8834,3.8,326.0,0.539676,0.024003
NES-LTER_AE2426_ag_202411100355_004m_R1.sb,20241110,03:55:32,40.2569,-70.8834,3.8,327.0,0.528912,0.023535
NES-LTER_AE2426_ag_202411100355_004m_R1.sb,20241110,03:55:32,40.2569,-70.8834,3.8,328.0,0.51824,0.023071
NES-LTER_AE2426_ag_202411100355_004m_R1.sb,20241110,03:55:32,40.2569,-70.8834,3.8,329.0,0.508189,0.022634
NES-LTER_AE2426_ag_202411100355_004m_R1.sb,20241110,03:55:32,40.2569,-70.8834,3.8,330.0,0.498529,0.022214
NES-LTER_AE2426_ag_202411100355_004m_R1.sb,20241110,03:55:32,40.2569,-70.8834,3.8,331.0,0.488616,0.021783
NES-LTER_AE2426_ag_202411100355_004m_R1.sb,20241110,03:55:32,40.2569,-70.8834,3.8,332.0,0.479347,0.02138
NES-LTER_AE2426_ag_202411100355_004m_R1.sb,20241110,03:55:32,40.2569,-70.8834,3.8,333.0,0.469894,0.020969
NES-LTER_AE2426_ag_202411100355_004m_R1.sb,20241110,03:55:32,40.2569,-70.8834,3.8,334.0,0.4612,0.020591
NES-LTER_AE2426_ag_202411100355_004m_R1.sb,20241110,03:55:32,40.2569,-70.8834,3.8,335.0,0.452437,0.02021
NES-LTER_AE2426_ag_202411100355_004m_R1.sb,20241110,03:55:32,40.2569,-70.8834,3.8,336.0,0.444111,0.019848
NES-LTER_AE2426_ag_202411100355_004m_R1.sb,20241110,03:55:32,40.2569,-70.8834,3.8,337.0,0.435785,0.019486
NES-LTER_AE2426_ag_202411100355_004m_R1.sb,20241110,03:55:32,40.2569,-70.8834,3.8,338.0,0.428057,0.01915
NES-LTER_AE2426_ag_202411100355_004m_R1.sb,20241110,03:55:32,40.2569,-70.8834,3.8,339.0,0.42026,0.018811
NES-LTER_AE2426_ag_202411100355_004m_R1.sb,20241110,03:55:32,40.2569,-70.8834,3.8,340.0,0.412601,0.018478
NES-LTER_AE2426_ag_202411100355_004m_R1.sb,20241110,03:55:32,40.2569,-70.8834,3.8,341.0,0.404689,0.018134
NES-LTER_AE2426_ag_202411100355_004m_R1.sb,20241110,03:55:32,40.2569,-70.8834,3.8,342.0,0.397145,0.017806
NES-LTER_AE2426_ag_202411100355_004m_R1.sb,20241110,03:55:32,40.2569,-70.8834,3.8,343.0,0.39013,0.017501
NES-LTER_AE2426_ag_202411100355_004m_R1.sb,20241110,03:55:32,40.2569,-70.8834,3.8,344.0,0.382402,0.017165
NES-LTER_AE2426_ag_202411100355_004m_R1.sb,20241110,03:55:32,40.2569,-70.8834,3.8,345.0,0.375939,0.016884
NES-LTER_AE2426_ag_202411100355_004m_R1.sb,20241110,03:55:32,40.2569,-70.8834,3.8,346.0,0.369292,0.016595
NES-LTER_AE2426_ag_202411100355_004m_R1.sb,20241110,03:55:32,40.2569,-70.8834,3.8,347.0,0.363105,0.016326
NES-LTER_AE2426_ag_202411100355_004m_R1.sb,20241110,03:55:32,40.2569,-70.8834,3.8,348.0,0.356136,0.016023
NES-LTER_AE2426_ag_202411100355_004m_R1.sb,20241110,03:55:32,40.2569,-70.8834,3.8,349.0,0.348891,0.015708
NES-LTER_AE2426_ag_202411100355_004m_R1.sb,20241110,03:55:32,40.2569,-70.8834,3.8,350.0,0.342911,0.015448
NES-LTER_AE2426_ag_202411100355_004m_R1.sb,20241110,03:55:32,40.2569,-70.8834,3.8,351.0,0.33723,0.015201
NES-LTER_AE2426_ag_202411100355_004m_R1.sb,20241110,03:55:32,40.2569,-70.8834,3.8,352.0,0.331526,0.014953
NES-LTER_AE2426_ag_202411100355_004m_R1.sb,20241110,03:55:32,40.2569,-70.8834,3.8,353.0,0.325224,0.014679
NES-LTER_AE2426_ag_202411100355_004m_R1.sb,20241110,03:55:32,40.2569,-70.8834,3.8,354.0,0.319382,0.014425
NES-LTER_AE2426_ag_202411100355_004m_R1.sb,20241110,03:55:32,40.2569,-70.8834,3.8,355.0,0.314414,0.014209
NES-LTER_AE2426_ag_202411100355_004m_R1.sb,20241110,03:55:32,40.2569,-70.8834,3.8,356.0,0.30894,0.013971
NES-LTER_AE2426_ag_202411100355_004m_R1.sb,20241110,03:55:32,40.2569,-70.8834,3.8,357.0,0.303604,0.013739
NES-LTER_AE2426_ag_202411100355_004m_R1.sb,20241110,03:55:32,40.2569,-70.8834,3.8,358.0,0.298038,0.013497
NES-LTER_AE2426_ag_202411100355_004m_R1.sb,20241110,03:55:32,40.2569,-70.8834,3.8,359.0,0.29307,0.013281
NES-LTER_AE2426_ag_202411100355_004m_R1.sb,20241110,03:55:32,40.2569,-70.8834,3.8,360.0,0.287826,0.013053
NES-LTER_AE2426_ag_202411100355_004m_R1.sb,20241110,03:55:32,40.2569,-70.8834,3.8,361.0,0.282697,0.01283
NES-LTER_AE2426_ag_202411100355_004m_R1.sb,20241110,03:55:32,40.2569,-70.8834,3.8,362.0,0.278028,0.012627
NES-LTER_AE2426_ag_202411100355_004m_R1.sb,20241110,03:55:32,40.2569,-70.8834,3.8,363.0,0.273819,0.012444
NES-LTER_AE2426_ag_202411100355_004m_R1.sb,20241110,03:55:32,40.2569,-70.8834,3.8,364.0,0.269426,0.012253
NES-LTER_AE2426_ag_202411100355_004m_R1.sb,20241110,03:55:32,40.2569,-70.8834,3.8,365.0,0.264964,0.012059
NES-LTER_AE2426_ag_202411100355_004m_R1.sb,20241110,03:55:32,40.2569,-70.8834,3.8,366.0,0.260433,0.011862
NES-LTER_AE2426_ag_202411100355_004m_R1.sb,20241110,03:55:32,40.2569,-70.8834,3.8,367.0,0.256431,0.011688
NES-LTER_AE2426_ag_202411100355_004m_R1.sb,20241110,03:55:32,40.2569,-70.8834,3.8,368.0,0.252199,0.011504
NES-LTER_AE2426_ag_202411100355_004m_R1.sb,20241110,03:55:32,40.2569,-70.8834,3.8,369.0,0.247576,0.011303
NES-LTER_AE2426_ag_202411100355_004m_R1.sb,20241110,03:55:32,40.2569,-70.8834,3.8,370.0,0.243298,0.011117
NES-LTER_AE2426_ag_202411100355_004m_R1.sb,20241110,03:55:32,40.2569,-70.8834,3.8,371.0,0.239779,0.010964
NES-LTER_AE2426_ag_202411100355_004m_R1.sb,20241110,03:55:32,40.2569,-70.8834,3.8,372.0,0.23534,0.010771
NES-LTER_AE2426_ag_202411100355_004m_R1.sb,20241110,03:55:32,40.2569,-70.8834,3.8,373.0,0.231039,0.010584
NES-LTER_AE2426_ag_202411100355_004m_R1.sb,20241110,03:55:32,40.2569,-70.8834,3.8,374.0,0.226163,0.010372
NES-LTER_AE2426_ag_202411100355_004m_R1.sb,20241110,03:55:32,40.2569,-70.8834,3.8,375.0,0.222713,0.010222
NES-LTER_AE2426_ag_202411100355_004m_R1.sb,20241110,03:55:32,40.2569,-70.8834,3.8,376.0,0.218987,0.01006
NES-LTER_AE2426_ag_202411100355_004m_R1.sb,20241110,03:55:32,40.2569,-70.8834,3.8,377.0,0.21556,0.009911
NES-LTER_AE2426_ag_202411100355_004m_R1.sb,20241110,03:55:32,40.2569,-70.8834,3.8,378.0,0.212202,0.009765
NES-LTER_AE2426_ag_202411100355_004m_R1.sb,20241110,03:55:32,40.2569,-70.8834,3.8,379.0,0.208752,0.009615
NES-LTER_AE2426_ag_202411100355_004m_R1.sb,20241110,03:55:32,40.2569,-70.8834,3.8,380.0,0.205647,0.00948
NES-LTER_AE2426_ag_202411100355_004m_R1.sb,20241110,03:55:32,40.2569,-70.8834,3.8,381.0,0.202013,0.009322
NES-LTER_AE2426_ag_202411100355_004m_R1.sb,20241110,03:55:32,40.2569,-70.8834,3.8,382.0,0.19877,0.009181
NES-LTER_AE2426_ag_202411100355_004m_R1.sb,20241110,03:55:32,40.2569,-70.8834,3.8,383.0,0.195251,0.009028
NES-LTER_AE2426_ag_202411100355_004m_R1.sb,20241110,03:55:32,40.2569,-70.8834,3.8,384.0,0.192399,0.008904
NES-LTER_AE2426_ag_202411100355_004m_R1.sb,20241110,03:55:32,40.2569,-70.8834,3.8,385.0,0.189064,0.008759
NES-LTER_AE2426_ag_202411100355_004m_R1.sb,20241110,03:55:32,40.2569,-70.8834,3.8,386.0,0.186235,0.008636
NES-LTER_AE2426_ag_202411100355_004m_R1.sb,20241110,03:55:32,40.2569,-70.8834,3.8,387.0,0.183015,0.008496
NES-LTER_AE2426_ag_202411100355_004m_R1.sb,20241110,03:55:32,40.2569,-70.8834,3.8,388.0,0.180255,0.008376
NES-LTER_AE2426_ag_202411100355_004m_R1.sb,20241110,03:55:32,40.2569,-70.8834,3.8,389.0,0.177472,0.008255
NES-LTER_AE2426_ag_202411100355_004m_R1.sb,20241110,03:55:32,40.2569,-70.8834,3.8,390.0,0.174804,0.008139
NES-LTER_AE2426_ag_202411100355_004m_R1.sb,20241110,03:55:32,40.2569,-70.8834,3.8,391.0,0.172182,0.008025
NES-LTER_AE2426_ag_202411100355_004m_R1.sb,20241110,03:55:32,40.2569,-70.8834,3.8,392.0,0.169192,0.007895
NES-LTER_AE2426_ag_202411100355_004m_R1.sb,20241110,03:55:32,40.2569,-70.8834,3.8,393.0,0.166777,0.00779
NES-LTER_AE2426_ag_202411100355_004m_R1.sb,20241110,03:55:32,40.2569,-70.8834,3.8,394.0,0.163994,0.007669
NES-LTER_AE2426_ag_202411100355_004m_R1.sb,20241110,03:55:32,40.2569,-70.8834,3.8,395.0,0.161464,0.007559
NES-LTER_AE2426_ag_202411100355_004m_R1.sb,20241110,03:55:32,40.2569,-70.8834,3.8,396.0,0.158681,0.007438
NES-LTER_AE2426_ag_202411100355_004m_R1.sb,20241110,03:55:32,40.2569,-70.8834,3.8,397.0,0.15645,0.007341
NES-LTER_AE2426_ag_202411100355_004m_R1.sb,20241110,03:55:32,40.2569,-70.8834,3.8,398.0,0.154495,0.007256
NES-LTER_AE2426_ag_202411100355_004m_R1.sb,20241110,03:55:32,40.2569,-70.8834,3.8,399.0,0.152241,0.007158
NES-LTER_AE2426_ag_202411100355_004m_R1.sb,20241110,03:55:32,40.2569,-70.8834,3.8,400.0,0.150033,0.007062
NES-LTER_AE2426_ag_202411100355_004m_R1.sb,20241110,03:55:32,40.2569,-70.8834,3.8,401.0,0.147733,0.006962
NES-LTER_AE2426_ag_202411100355_004m_R1.sb,20241110,03:55:32,40.2569,-70.8834,3.8,402.0,0.145456,0.006863
NES-LTER_AE2426_ag_202411100355_004m_R1.sb,20241110,03:55:32,40.2569,-70.8834,3.8,403.0,0.143363,0.006772
NES-LTER_AE2426_ag_202411100355_004m_R1.sb,20241110,03:55:32,40.2569,-70.8834,3.8,404.0,0.141247,0.00668
NES-LTER_AE2426_ag_202411100355_004m_R1.sb,20241110,03:55:32,40.2569,-70.8834,3.8,405.0,0.1392,0.006591
NES-LTER_AE2426_ag_202411100355_004m_R1.sb,20241110,03:55:32,40.2569,-70.8834,3.8,406.0,0.137222,0.006505
NES-LTER_AE2426_ag_202411100355_004m_R1.sb,20241110,03:55:32,40.2569,-70.8834,3.8,407.0,0.135083,0.006412
NES-LTER_AE2426_ag_202411100355_004m_R1.sb,20241110,03:55:32,40.2569,-70.8834,3.8,408.0,0.133082,0.006325
NES-LTER_AE2426_ag_202411100355_004m_R1.sb,20241110,03:55:32,40.2569,-70.8834,3.8,409.0,0.13046,0.006211
NES-LTER_AE2426_ag_202411100355_004m_R1.sb,20241110,03:55:32,40.2569,-70.8834,3.8,410.0,0.12839,0.006121
NES-LTER_AE2426_ag_202411100355_004m_R1.sb,20241110,03:55:32,40.2569,-70.8834,3.8,411.0,0.126458,0.006037
NES-LTER_AE2426_ag_202411100355_004m_R1.sb,20241110,03:55:32,40.2569,-70.8834,3.8,412.0,0.124917,0.00597
NES-LTER_AE2426_ag_202411100355_004m_R1.sb,20241110,03:55:32,40.2569,-70.8834,3.8,413.0,0.122778,0.005877
NES-LTER_AE2426_ag_202411100355_004m_R1.sb,20241110,03:55:32,40.2569,-70.8834,3.8,414.0,0.120823,0.005792
NES-LTER_AE2426_ag_202411100355_004m_R1.sb,20241110,03:55:32,40.2569,-70.8834,3.8,415.0,0.118776,0.005703
NES-LTER_AE2426_ag_202411100355_004m_R1.sb,20241110,03:55:32,40.2569,-70.8834,3.8,416.0,0.116545,0.005606
NES-LTER_AE2426_ag_202411100355_004m_R1.sb,20241110,03:55:32,40.2569,-70.8834,3.8,417.0,0.114452,0.005515
NES-LTER_AE2426_ag_202411100355_004m_R1.sb,20241110,03:55:32,40.2569,-70.8834,3.8,418.0,0.112359,0.005424
NES-LTER_AE2426_ag_202411100355_004m_R1.sb,20241110,03:55:32,40.2569,-70.8834,3.8,419.0,0.110726,0.005353
NES-LTER_AE2426_ag_202411100355_004m_R1.sb,20241110,03:55:32,40.2569,-70.8834,3.8,420.0,0.108656,0.005263
NES-LTER_AE2426_ag_202411100355_004m_R1.sb,20241110,03:55:32,40.2569,-70.8834,3.8,421.0,0.106931,0.005188
NES-LTER_AE2426_ag_202411100355_004m_R1.sb,20241110,03:55:32,40.2569,-70.8834,3.8,422.0,0.105321,0.005118
NES-LTER_AE2426_ag_202411100355_004m_R1.sb,20241110,03:55:32,40.2569,-70.8834,3.8,423.0,0.103573,0.005042
NES-LTER_AE2426_ag_202411100355_004m_R1.sb,20241110,03:55:32,40.2569,-70.8834,3.8,424.0,0.10148,0.004951
NES-LTER_AE2426_ag_202411100355_004m_R1.sb,20241110,03:55:32,40.2569,-70.8834,3.8,425.0,0.099019,0.004844
NES-LTER_AE2426_ag_202411100355_004m_R1.sb,20241110,03:55:32,40.2569,-70.8834,3.8,426.0,0.096834,0.004749
NES-LTER_AE2426_ag_202411100355_004m_R1.sb,20241110,03:55:32,40.2569,-70.8834,3.8,427.0,0.095017,0.00467
NES-LTER_AE2426_ag_202411100355_004m_R1.sb,20241110,03:55:32,40.2569,-70.8834,3.8,428.0,0.093384,0.004599
NES-LTER_AE2426_ag_202411100355_004m_R1.sb,20241110,03:55:32,40.2569,-70.8834,3.8,429.0,0.09159,0.004521
NES-LTER_AE2426_ag_202411100355_004m_R1.sb,20241110,03:55:32,40.2569,-70.8834,3.8,430.0,0.08975,0.004441
NES-LTER_AE2426_ag_202411100355_004m_R1.sb,20241110,03:55:32,40.2569,-70.8834,3.8,431.0,0.087864,0.004359
NES-LTER_AE2426_ag_202411100355_004m_R1.sb,20241110,03:55:32,40.2569,-70.8834,3.8,432.0,0.086438,0.004297
NES-LTER_AE2426_ag_202411100355_004m_R1.sb,20241110,03:55:32,40.2569,-70.8834,3.8,433.0,0.085058,0.004237
NES-LTER_AE2426_ag_202411100355_004m_R1.sb,20241110,03:55:32,40.2569,-70.8834,3.8,434.0,0.083517,0.00417
NES-LTER_AE2426_ag_202411100355_004m_R1.sb,20241110,03:55:32,40.2569,-70.8834,3.8,435.0,0.081976,0.004103
NES-LTER_AE2426_ag_202411100355_004m_R1.sb,20241110,03:55:32,40.2569,-70.8834,3.8,436.0,0.079998,0.004017
NES-LTER_AE2426_ag_202411100355_004m_R1.sb,20241110,03:55:32,40.2569,-70.8834,3.8,437.0,0.078457,0.00395
NES-LTER_AE2426_ag_202411100355_004m_R1.sb,20241110,03:55:32,40.2569,-70.8834,3.8,438.0,0.077146,0.003893
NES-LTER_AE2426_ag_202411100355_004m_R1.sb,20241110,03:55:32,40.2569,-70.8834,3.8,439.0,0.075881,0.003838
NES-LTER_AE2426_ag_202411100355_004m_R1.sb,20241110,03:55:32,40.2569,-70.8834,3.8,440.0,0.074386,0.003773
NES-LTER_AE2426_ag_202411100355_004m_R1.sb,20241110,03:55:32,40.2569,-70.8834,3.8,441.0,0.072339,0.003684
NES-LTER_AE2426_ag_202411100355_004m_R1.sb,20241110,03:55:32,40.2569,-70.8834,3.8,442.0,0.070982,0.003625
NES-LTER_AE2426_ag_202411100355_004m_R1.sb,20241110,03:55:32,40.2569,-70.8834,3.8,443.0,0.069855,0.003576
NES-LTER_AE2426_ag_202411100355_004m_R1.sb,20241110,03:55:32,40.2569,-70.8834,3.8,444.0,0.068636,0.003523
NES-LTER_AE2426_ag_202411100355_004m_R1.sb,20241110,03:55:32,40.2569,-70.8834,3.8,445.0,0.067279,0.003464
NES-LTER_AE2426_ag_202411100355_004m_R1.sb,20241110,03:55:32,40.2569,-70.8834,3.8,446.0,0.065646,0.003393
NES-LTER_AE2426_ag_202411100355_004m_R1.sb,20241110,03:55:32,40.2569,-70.8834,3.8,447.0,0.065025,0.003366
NES-LTER_AE2426_ag_202411100355_004m_R1.sb,20241110,03:55:32,40.2569,-70.8834,3.8,448.0,0.063967,0.00332
NES-LTER_AE2426_ag_202411100355_004m_R1.sb,20241110,03:55:32,40.2569,-70.8834,3.8,449.0,0.063047,0.00328
NES-LTER_AE2426_ag_202411100355_004m_R1.sb,20241110,03:55:32,40.2569,-70.8834,3.8,450.0,0.061506,0.003213
NES-LTER_AE2426_ag_202411100355_004m_R1.sb,20241110,03:55:32,40.2569,-70.8834,3.8,451.0,0.060425,0.003166
NES-LTER_AE2426_ag_202411100355_004m_R1.sb,20241110,03:55:32,40.2569,-70.8834,3.8,452.0,0.05962,0.003131
NES-LTER_AE2426_ag_202411100355_004m_R1.sb,20241110,03:55:32,40.2569,-70.8834,3.8,453.0,0.058907,0.0031
NES-LTER_AE2426_ag_202411100355_004m_R1.sb,20241110,03:55:32,40.2569,-70.8834,3.8,454.0,0.057826,0.003053
NES-LTER_AE2426_ag_202411100355_004m_R1.sb,20241110,03:55:32,40.2569,-70.8834,3.8,455.0,0.056952,0.003015
NES-LTER_AE2426_ag_202411100355_004m_R1.sb,20241110,03:55:32,40.2569,-70.8834,3.8,456.0,0.055963,0.002972
NES-LTER_AE2426_ag_202411100355_004m_R1.sb,20241110,03:55:32,40.2569,-70.8834,3.8,457.0,0.055043,0.002932
NES-LTER_AE2426_ag_202411100355_004m_R1.sb,20241110,03:55:32,40.2569,-70.8834,3.8,458.0,0.053778,0.002877
NES-LTER_AE2426_ag_202411100355_004m_R1.sb,20241110,03:55:32,40.2569,-70.8834,3.8,459.0,0.052927,0.00284
NES-LTER_AE2426_ag_202411100355_004m_R1.sb,20241110,03:55:32,40.2569,-70.8834,3.8,460.0,0.05226,0.002811
NES-LTER_AE2426_ag_202411100355_004m_R1.sb,20241110,03:55:32,40.2569,-70.8834,3.8,461.0,0.051731,0.002788
NES-LTER_AE2426_ag_202411100355_004m_R1.sb,20241110,03:55:32,40.2569,-70.8834,3.8,462.0,0.050765,0.002746
NES-LTER_AE2426_ag_202411100355_004m_R1.sb,20241110,03:55:32,40.2569,-70.8834,3.8,463.0,0.049799,0.002704
NES-LTER_AE2426_ag_202411100355_004m_R1.sb,20241110,03:55:32,40.2569,-70.8834,3.8,464.0,0.04881,0.002661
NES-LTER_AE2426_ag_202411100355_004m_R1.sb,20241110,03:55:32,40.2569,-70.8834,3.8,465.0,0.047614,0.002609
NES-LTER_AE2426_ag_202411100355_004m_R1.sb,20241110,03:55:32,40.2569,-70.8834,3.8,466.0,0.046533,0.002562
NES-LTER_AE2426_ag_202411100355_004m_R1.sb,20241110,03:55:32,40.2569,-70.8834,3.8,467.0,0.045797,0.00253
NES-LTER_AE2426_ag_202411100355_004m_R1.sb,20241110,03:55:32,40.2569,-70.8834,3.8,468.0,0.045337,0.00251
NES-LTER_AE2426_ag_202411100355_004m_R1.sb,20241110,03:55:32,40.2569,-70.8834,3.8,469.0,0.044624,0.002479
NES-LTER_AE2426_ag_202411100355_004m_R1.sb,20241110,03:55:32,40.2569,-70.8834,3.8,470.0,0.043934,0.002449
NES-LTER_AE2426_ag_202411100355_004m_R1.sb,20241110,03:55:32,40.2569,-70.8834,3.8,471.0,0.043083,0.002412
NES-LTER_AE2426_ag_202411100355_004m_R1.sb,20241110,03:55:32,40.2569,-70.8834,3.8,472.0,0.042324,0.002379
NES-LTER_AE2426_ag_202411100355_004m_R1.sb,20241110,03:55:32,40.2569,-70.8834,3.8,473.0,0.041335,0.002336
NES-LTER_AE2426_ag_202411100355_004m_R1.sb,20241110,03:55:32,40.2569,-70.8834,3.8,474.0,0.040944,0.002319
NES-LTER_AE2426_ag_202411100355_004m_R1.sb,20241110,03:55:32,40.2569,-70.8834,3.8,475.0,0.040438,0.002297
NES-LTER_AE2426_ag_202411100355_004m_R1.sb,20241110,03:55:32,40.2569,-70.8834,3.8,476.0,0.039932,0.002275
NES-LTER_AE2426_ag_202411100355_004m_R1.sb,20241110,03:55:32,40.2569,-70.8834,3.8,477.0,0.038851,0.002228
NES-LTER_AE2426_ag_202411100355_004m_R1.sb,20241110,03:55:32,40.2569,-70.8834,3.8,478.0,0.038253,0.002202
NES-LTER_AE2426_ag_202411100355_004m_R1.sb,20241110,03:55:32,40.2569,-70.8834,3.8,479.0,0.037586,0.002173
NES-LTER_AE2426_ag_202411100355_004m_R1.sb,20241110,03:55:32,40.2569,-70.8834,3.8,480.0,0.037287,0.00216
NES-LTER_AE2426_ag_202411100355_004m_R1.sb,20241110,03:55:32,40.2569,-70.8834,3.8,481.0,0.037011,0.002148
NES-LTER_AE2426_ag_202411100355_004m_R1.sb,20241110,03:55:32,40.2569,-70.8834,3.8,482.0,0.036505,0.002126
NES-LTER_AE2426_ag_202411100355_004m_R1.sb,20241110,03:55:32,40.2569,-70.8834,3.8,483.0,0.035815,0.002096
NES-LTER_AE2426_ag_202411100355_004m_R1.sb,20241110,03:55:32,40.2569,-70.8834,3.8,484.0,0.03524,0.002071
NES-LTER_AE2426_ag_202411100355_004m_R1.sb,20241110,03:55:32,40.2569,-70.8834,3.8,485.0,0.034734,0.002049
NES-LTER_AE2426_ag_202411100355_004m_R1.sb,20241110,03:55:32,40.2569,-70.8834,3.8,486.0,0.034343,0.002032
NES-LTER_AE2426_ag_202411100355_004m_R1.sb,20241110,03:55:32,40.2569,-70.8834,3.8,487.0,0.033446,0.001993
NES-LTER_AE2426_ag_202411100355_004m_R1.sb,20241110,03:55:32,40.2569,-70.8834,3.8,488.0,0.032802,0.001965
NES-LTER_AE2426_ag_202411100355_004m_R1.sb,20241110,03:55:32,40.2569,-70.8834,3.8,489.0,0.032204,0.001939
NES-LTER_AE2426_ag_202411100355_004m_R1.sb,20241110,03:55:32,40.2569,-70.8834,3.8,490.0,0.031974,0.001929
NES-LTER_AE2426_ag_202411100355_004m_R1.sb,20241110,03:55:32,40.2569,-70.8834,3.8,491.0,0.031721,0.001918
NES-LTER_AE2426_ag_202411100355_004m_R1.sb,20241110,03:55:32,40.2569,-70.8834,3.8,492.0,0.031537,0.00191
NES-LTER_AE2426_ag_202411100355_004m_R1.sb,20241110,03:55:32,40.2569,-70.8834,3.8,493.0,0.031008,0.001887
NES-LTER_AE2426_ag_202411100355_004m_R1.sb,20241110,03:55:32,40.2569,-70.8834,3.8,494.0,0.03041,0.001861
NES-LTER_AE2426_ag_202411100355_004m_R1.sb,20241110,03:55:32,40.2569,-70.8834,3.8,495.0,0.029444,0.001819
NES-LTER_AE2426_ag_202411100355_004m_R1.sb,20241110,03:55:32,40.2569,-70.8834,3.8,496.0,0.028915,0.001796
NES-LTER_AE2426_ag_202411100355_004m_R1.sb,20241110,03:55:32,40.2569,-70.8834,3.8,497.0,0.028363,0.001772
NES-LTER_AE2426_ag_202411100355_004m_R1.sb,20241110,03:55:32,40.2569,-70.8834,3.8,498.0,0.028179,0.001764
NES-LTER_AE2426_ag_202411100355_004m_R1.sb,20241110,03:55:32,40.2569,-70.8834,3.8,499.0,0.027719,0.001744
NES-LTER_AE2426_ag_202411100355_004m_R1.sb,20241110,03:55:32,40.2569,-70.8834,3.8,500.0,0.027374,0.001729
NES-LTER_AE2426_ag_202411100355_004m_R1.sb,20241110,03:55:32,40.2569,-70.8834,3.8,501.0,0.026983,0.001712
NES-LTER_AE2426_ag_202411100355_004m_R1.sb,20241110,03:55:32,40.2569,-70.8834,3.8,502.0,0.026776,0.001703
NES-LTER_AE2426_ag_202411100355_004m_R1.sb,20241110,03:55:32,40.2569,-70.8834,3.8,503.0,0.026385,0.001686
NES-LTER_AE2426_ag_202411100355_004m_R1.sb,20241110,03:55:32,40.2569,-70.8834,3.8,504.0,0.025971,0.001668
NES-LTER_AE2426_ag_202411100355_004m_R1.sb,20241110,03:55:32,40.2569,-70.8834,3.8,505.0,0.025304,0.001639
NES-LTER_AE2426_ag_202411100355_004m_R1.sb,20241110,03:55:32,40.2569,-70.8834,3.8,506.0,0.025028,0.001627
NES-LTER_AE2426_ag_202411100355_004m_R1.sb,20241110,03:55:32,40.2569,-70.8834,3.8,507.0,0.02466,0.001611
NES-LTER_AE2426_ag_202411100355_004m_R1.sb,20241110,03:55:32,40.2569,-70.8834,3.8,508.0,0.024522,0.001605
NES-LTER_AE2426_ag_202411100355_004m_R1.sb,20241110,03:55:32,40.2569,-70.8834,3.8,509.0,0.02397,0.001581
NES-LTER_AE2426_ag_202411100355_004m_R1.sb,20241110,03:55:32,40.2569,-70.8834,3.8,510.0,0.023487,0.00156
NES-LTER_AE2426_ag_202411100355_004m_R1.sb,20241110,03:55:32,40.2569,-70.8834,3.8,511.0,0.02328,0.001551
NES-LTER_AE2426_ag_202411100355_004m_R1.sb,20241110,03:55:32,40.2569,-70.8834,3.8,512.0,0.023211,0.001548
NES-LTER_AE2426_ag_202411100355_004m_R1.sb,20241110,03:55:32,40.2569,-70.8834,3.8,513.0,0.022889,0.001534
NES-LTER_AE2426_ag_202411100355_004m_R1.sb,20241110,03:55:32,40.2569,-70.8834,3.8,514.0,0.02236,0.001511
NES-LTER_AE2426_ag_202411100355_004m_R1.sb,20241110,03:55:32,40.2569,-70.8834,3.8,515.0,0.022015,0.001496
NES-LTER_AE2426_ag_202411100355_004m_R1.sb,20241110,03:55:32,40.2569,-70.8834,3.8,516.0,0.021532,0.001475
NES-LTER_AE2426_ag_202411100355_004m_R1.sb,20241110,03:55:32,40.2569,-70.8834,3.8,517.0,0.021348,0.001467
NES-LTER_AE2426_ag_202411100355_004m_R1.sb,20241110,03:55:32,40.2569,-70.8834,3.8,518.0,0.020865,0.001446
NES-LTER_AE2426_ag_202411100355_004m_R1.sb,20241110,03:55:32,40.2569,-70.8834,3.8,519.0,0.020934,0.001449
NES-LTER_AE2426_ag_202411100355_004m_R1.sb,20241110,03:55:32,40.2569,-70.8834,3.8,520.0,0.020543,0.001432
NES-LTER_AE2426_ag_202411100355_004m_R1.sb,20241110,03:55:32,40.2569,-70.8834,3.8,521.0,0.020612,0.001435
NES-LTER_AE2426_ag_202411100355_004m_R1.sb,20241110,03:55:32,40.2569,-70.8834,3.8,522.0,0.020405,0.001426
NES-LTER_AE2426_ag_202411100355_004m_R1.sb,20241110,03:55:32,40.2569,-70.8834,3.8,523.0,0.020175,0.001416
NES-LTER_AE2426_ag_202411100355_004m_R1.sb,20241110,03:55:32,40.2569,-70.8834,3.8,524.0,0.019715,0.001396
NES-LTER_AE2426_ag_202411100355_004m_R1.sb,20241110,03:55:32,40.2569,-70.8834,3.8,525.0,0.0196,0.001391
NES-LTER_AE2426_ag_202411100355_004m_R1.sb,20241110,03:55:32,40.2569,-70.8834,3.8,526.0,0.019416,0.001383
NES-LTER_AE2426_ag_202411100355_004m_R1.sb,20241110,03:55:32,40.2569,-70.8834,3.8,527.0,0.019324,0.001379
NES-LTER_AE2426_ag_202411100355_004m_R1.sb,20241110,03:55:32,40.2569,-70.8834,3.8,528.0,0.019002,0.001365
NES-LTER_AE2426_ag_202411100355_004m_R1.sb,20241110,03:55:32,40.2569,-70.8834,3.8,529.0,0.01914,0.001371
NES-LTER_AE2426_ag_202411100355_004m_R1.sb,20241110,03:55:32,40.2569,-70.8834,3.8,530.0,0.018795,0.001356
NES-LTER_AE2426_ag_202411100355_004m_R1.sb,20241110,03:55:32,40.2569,-70.8834,3.8,531.0,0.018519,0.001344
NES-LTER_AE2426_ag_202411100355_004m_R1.sb,20241110,03:55:32,40.2569,-70.8834,3.8,532.0,0.017714,0.001309
NES-LTER_AE2426_ag_202411100355_004m_R1.sb,20241110,03:55:32,40.2569,-70.8834,3.8,533.0,0.017231,0.001288
NES-LTER_AE2426_ag_202411100355_004m_R1.sb,20241110,03:55:32,40.2569,-70.8834,3.8,534.0,0.016863,0.001272
NES-LTER_AE2426_ag_202411100355_004m_R1.sb,20241110,03:55:32,40.2569,-70.8834,3.8,535.0,0.01661,0.001261
NES-LTER_AE2426_ag_202411100355_004m_R1.sb,20241110,03:55:32,40.2569,-70.8834,3.8,536.0,0.016702,0.001265
NES-LTER_AE2426_ag_202411100355_004m_R1.sb,20241110,03:55:32,40.2569,-70.8834,3.8,537.0,0.01661,0.001261
NES-LTER_AE2426_ag_202411100355_004m_R1.sb,20241110,03:55:32,40.2569,-70.8834,3.8,538.0,0.016541,0.001258
NES-LTER_AE2426_ag_202411100355_004m_R1.sb,20241110,03:55:32,40.2569,-70.8834,3.8,539.0,0.015989,0.001234
NES-LTER_AE2426_ag_202411100355_004m_R1.sb,20241110,03:55:32,40.2569,-70.8834,3.8,540.0,0.015759,0.001224
NES-LTER_AE2426_ag_202411100355_004m_R1.sb,20241110,03:55:32,40.2569,-70.8834,3.8,541.0,0.015736,0.001223
NES-LTER_AE2426_ag_202411100355_004m_R1.sb,20241110,03:55:32,40.2569,-70.8834,3.8,542.0,0.015644,0.001219
NES-LTER_AE2426_ag_202411100355_004m_R1.sb,20241110,03:55:32,40.2569,-70.8834,3.8,543.0,0.015713,0.001222
NES-LTER_AE2426_ag_202411100355_004m_R1.sb,20241110,03:55:32,40.2569,-70.8834,3.8,544.0,0.015529,0.001214
NES-LTER_AE2426_ag_202411100355_004m_R1.sb,20241110,03:55:32,40.2569,-70.8834,3.8,545.0,0.01546,0.001211
NES-LTER_AE2426_ag_202411100355_004m_R1.sb,20241110,03:55:32,40.2569,-70.8834,3.8,546.0,0.015069,0.001194
NES-LTER_AE2426_ag_202411100355_004m_R1.sb,20241110,03:55:32,40.2569,-70.8834,3.8,547.0,0.014724,0.001179
NES-LTER_AE2426_ag_202411100355_004m_R1.sb,20241110,03:55:32,40.2569,-70.8834,3.8,548.0,0.014195,0.001156
NES-LTER_AE2426_ag_202411100355_004m_R1.sb,20241110,03:55:32,40.2569,-70.8834,3.8,549.0,0.013896,0.001143
NES-LTER_AE2426_ag_202411100355_004m_R1.sb,20241110,03:55:32,40.2569,-70.8834,3.8,550.0,0.013712,0.001135
NES-LTER_AE2426_ag_202411100355_004m_R1.sb,20241110,03:55:32,40.2569,-70.8834,3.8,551.0,0.013574,0.001129
NES-LTER_AE2426_ag_202411100355_004m_R1.sb,20241110,03:55:32,40.2569,-70.8834,3.8,552.0,0.013459,0.001124
NES-LTER_AE2426_ag_202411100355_004m_R1.sb,20241110,03:55:32,40.2569,-70.8834,3.8,553.0,0.013091,0.001108
NES-LTER_AE2426_ag_202411100355_004m_R1.sb,20241110,03:55:32,40.2569,-70.8834,3.8,554.0,0.012976,0.001103
NES-LTER_AE2426_ag_202411100355_004m_R1.sb,20241110,03:55:32,40.2569,-70.8834,3.8,555.0,0.0127,0.001091
NES-LTER_AE2426_ag_202411100355_004m_R1.sb,20241110,03:55:32,40.2569,-70.8834,3.8,556.0,0.012401,0.001078
NES-LTER_AE2426_ag_202411100355_004m_R1.sb,20241110,03:55:32,40.2569,-70.8834,3.8,557.0,0.012447,0.00108
NES-LTER_AE2426_ag_202411100355_004m_R1.sb,20241110,03:55:32,40.2569,-70.8834,3.8,558.0,0.012309,0.001074
NES-LTER_AE2426_ag_202411100355_004m_R1.sb,20241110,03:55:32,40.2569,-70.8834,3.8,559.0,0.012125,0.001066
NES-LTER_AE2426_ag_202411100355_004m_R1.sb,20241110,03:55:32,40.2569,-70.8834,3.8,560.0,0.011665,0.001046
NES-LTER_AE2426_ag_202411100355_004m_R1.sb,20241110,03:55:32,40.2569,-70.8834,3.8,561.0,0.011228,0.001027
NES-LTER_AE2426_ag_202411100355_004m_R1.sb,20241110,03:55:32,40.2569,-70.8834,3.8,562.0,0.011228,0.001027
NES-LTER_AE2426_ag_202411100355_004m_R1.sb,20241110,03:55:32,40.2569,-70.8834,3.8,563.0,0.01132,0.001031
NES-LTER_AE2426_ag_202411100355_004m_R1.sb,20241110,03:55:32,40.2569,-70.8834,3.8,564.0,0.011343,0.001032
NES-LTER_AE2426_ag_202411100355_004m_R1.sb,20241110,03:55:32,40.2569,-70.8834,3.8,565.0,0.011136,0.001023
NES-LTER_AE2426_ag_202411100355_004m_R1.sb,20241110,03:55:32,40.2569,-70.8834,3.8,566.0,0.010837,0.00101
NES-LTER_AE2426_ag_202411100355_004m_R1.sb,20241110,03:55:32,40.2569,-70.8834,3.8,567.0,0.010469,0.000994
NES-LTER_AE2426_ag_202411100355_004m_R1.sb,20241110,03:55:32,40.2569,-70.8834,3.8,568.0,0.010331,0.000988
NES-LTER_AE2426_ag_202411100355_004m_R1.sb,20241110,03:55:32,40.2569,-70.8834,3.8,569.0,0.010377,0.00099
NES-LTER_AE2426_ag_202411100355_004m_R1.sb,20241110,03:55:32,40.2569,-70.8834,3.8,570.0,0.010676,0.001003
NES-LTER_AE2426_ag_202411100355_004m_R1.sb,20241110,03:55:32,40.2569,-70.8834,3.8,571.0,0.010837,0.00101
NES-LTER_AE2426_ag_202411100355_004m_R1.sb,20241110,03:55:32,40.2569,-70.8834,3.8,572.0,0.010423,0.000992
NES-LTER_AE2426_ag_202411100355_004m_R1.sb,20241110,03:55:32,40.2569,-70.8834,3.8,573.0,0.009986,0.000973
NES-LTER_AE2426_ag_202411100355_004m_R1.sb,20241110,03:55:32,40.2569,-70.8834,3.8,574.0,0.009549,0.000954
NES-LTER_AE2426_ag_202411100355_004m_R1.sb,20241110,03:55:32,40.2569,-70.8834,3.8,575.0,0.00948,0.000951
NES-LTER_AE2426_ag_202411100355_004m_R1.sb,20241110,03:55:32,40.2569,-70.8834,3.8,576.0,0.009319,0.000944
NES-LTER_AE2426_ag_202411100355_004m_R1.sb,20241110,03:55:32,40.2569,-70.8834,3.8,577.0,0.009112,0.000935
NES-LTER_AE2426_ag_202411100355_004m_R1.sb,20241110,03:55:32,40.2569,-70.8834,3.8,578.0,0.008928,0.000927
NES-LTER_AE2426_ag_202411100355_004m_R1.sb,20241110,03:55:32,40.2569,-70.8834,3.8,579.0,0.008836,0.000923
NES-LTER_AE2426_ag_202411100355_004m_R1.sb,20241110,03:55:32,40.2569,-70.8834,3.8,580.0,0.008583,0.000912
NES-LTER_AE2426_ag_202411100355_004m_R1.sb,20241110,03:55:32,40.2569,-70.8834,3.8,581.0,0.008215,0.000896
NES-LTER_AE2426_ag_202411100355_004m_R1.sb,20241110,03:55:32,40.2569,-70.8834,3.8,582.0,0.007778,0.000877
NES-LTER_AE2426_ag_202411100355_004m_R1.sb,20241110,03:55:32,40.2569,-70.8834,3.8,583.0,0.007778,0.000877
NES-LTER_AE2426_ag_202411100355_004m_R1.sb,20241110,03:55:32,40.2569,-70.8834,3.8,584.0,0.007732,0.000875
NES-LTER_AE2426_ag_202411100355_004m_R1.sb,20241110,03:55:32,40.2569,-70.8834,3.8,585.0,0.007502,0.000865
NES-LTER_AE2426_ag_202411100355_004m_R1.sb,20241110,03:55:32,40.2569,-70.8834,3.8,586.0,0.007111,0.000848
NES-LTER_AE2426_ag_202411100355_004m_R1.sb,20241110,03:55:32,40.2569,-70.8834,3.8,587.0,0.006858,0.000837
NES-LTER_AE2426_ag_202411100355_004m_R1.sb,20241110,03:55:32,40.2569,-70.8834,3.8,588.0,0.006996,0.000843
NES-LTER_AE2426_ag_202411100355_004m_R1.sb,20241110,03:55:32,40.2569,-70.8834,3.8,589.0,0.006904,0.000839
NES-LTER_AE2426_ag_202411100355_004m_R1.sb,20241110,03:55:32,40.2569,-70.8834,3.8,590.0,0.006559,0.000824
NES-LTER_AE2426_ag_202411100355_004m_R1.sb,20241110,03:55:32,40.2569,-70.8834,3.8,591.0,0.006099,0.000804
NES-LTER_AE2426_ag_202411100355_004m_R1.sb,20241110,03:55:32,40.2569,-70.8834,3.8,592.0,0.005869,0.000794
NES-LTER_AE2426_ag_202411100355_004m_R1.sb,20241110,03:55:32,40.2569,-70.8834,3.8,593.0,0.005639,0.000784
NES-LTER_AE2426_ag_202411100355_004m_R1.sb,20241110,03:55:32,40.2569,-70.8834,3.8,594.0,0.00534,0.000771
NES-LTER_AE2426_ag_202411100355_004m_R1.sb,20241110,03:55:32,40.2569,-70.8834,3.8,595.0,0.004765,0.000746
NES-LTER_AE2426_ag_202411100355_004m_R1.sb,20241110,03:55:32,40.2569,-70.8834,3.8,596.0,0.004673,0.000742
NES-LTER_AE2426_ag_202411100355_004m_R1.sb,20241110,03:55:32,40.2569,-70.8834,3.8,597.0,0.004328,0.000727
NES-LTER_AE2426_ag_202411100355_004m_R1.sb,20241110,03:55:32,40.2569,-70.8834,3.8,598.0,0.004144,0.000719
NES-LTER_AE2426_ag_202411100355_004m_R1.sb,20241110,03:55:32,40.2569,-70.8834,3.8,599.0,0.003592,0.000695
NES-LTER_AE2426_ag_202411100355_004m_R1.sb,20241110,03:55:32,40.2569,-70.8834,3.8,600.0,0.003247,0.00068
NES-LTER_AE2426_ag_202411100355_004m_R1.sb,20241110,03:55:32,40.2569,-70.8834,3.8,601.0,0.003224,0.000679
NES-LTER_AE2426_ag_202411100355_004m_R1.sb,20241110,03:55:32,40.2569,-70.8834,3.8,602.0,0.002902,0.000665
NES-LTER_AE2426_ag_202411100355_004m_R1.sb,20241110,03:55:32,40.2569,-70.8834,3.8,603.0,0.002994,0.000669
NES-LTER_AE2426_ag_202411100355_004m_R1.sb,20241110,03:55:32,40.2569,-70.8834,3.8,604.0,0.002833,0.000662
NES-LTER_AE2426_ag_202411100355_004m_R1.sb,20241110,03:55:32,40.2569,-70.8834,3.8,605.0,0.003431,0.000688
NES-LTER_AE2426_ag_202411100355_004m_R1.sb,20241110,03:55:32,40.2569,-70.8834,3.8,606.0,0.003523,0.000692
NES-LTER_AE2426_ag_202411100355_004m_R1.sb,20241110,03:55:32,40.2569,-70.8834,3.8,607.0,0.003638,0.000697
NES-LTER_AE2426_ag_202411100355_004m_R1.sb,20241110,03:55:32,40.2569,-70.8834,3.8,608.0,0.003822,0.000705
NES-LTER_AE2426_ag_202411100355_004m_R1.sb,20241110,03:55:32,40.2569,-70.8834,3.8,609.0,0.00419,0.000721
NES-LTER_AE2426_ag_202411100355_004m_R1.sb,20241110,03:55:32,40.2569,-70.8834,3.8,610.0,0.004834,0.000749
NES-LTER_AE2426_ag_202411100355_004m_R1.sb,20241110,03:55:32,40.2569,-70.8834,3.8,611.0,0.004857,0.00075
NES-LTER_AE2426_ag_202411100355_004m_R1.sb,20241110,03:55:32,40.2569,-70.8834,3.8,612.0,0.004673,0.000742
NES-LTER_AE2426_ag_202411100355_004m_R1.sb,20241110,03:55:32,40.2569,-70.8834,3.8,613.0,0.004604,0.000739
NES-LTER_AE2426_ag_202411100355_004m_R1.sb,20241110,03:55:32,40.2569,-70.8834,3.8,614.0,0.00465,0.000741
NES-LTER_AE2426_ag_202411100355_004m_R1.sb,20241110,03:55:32,40.2569,-70.8834,3.8,615.0,0.004765,0.000746
NES-LTER_AE2426_ag_202411100355_004m_R1.sb,20241110,03:55:32,40.2569,-70.8834,3.8,616.0,0.004558,0.000737
NES-LTER_AE2426_ag_202411100355_004m_R1.sb,20241110,03:55:32,40.2569,-70.8834,3.8,617.0,0.004443,0.000732
NES-LTER_AE2426_ag_202411100355_004m_R1.sb,20241110,03:55:32,40.2569,-70.8834,3.8,618.0,0.004489,0.000734
NES-LTER_AE2426_ag_202411100355_004m_R1.sb,20241110,03:55:32,40.2569,-70.8834,3.8,619.0,0.00442,0.000731
NES-LTER_AE2426_ag_202411100355_004m_R1.sb,20241110,03:55:32,40.2569,-70.8834,3.8,620.0,0.004604,0.000739
NES-LTER_AE2426_ag_202411100355_004m_R1.sb,20241110,03:55:32,40.2569,-70.8834,3.8,621.0,0.004535,0.000736
NES-LTER_AE2426_ag_202411100355_004m_R1.sb,20241110,03:55:32,40.2569,-70.8834,3.8,622.0,0.004696,0.000743
NES-LTER_AE2426_ag_202411100355_004m_R1.sb,20241110,03:55:32,40.2569,-70.8834,3.8,623.0,0.004512,0.000735
NES-LTER_AE2426_ag_202411100355_004m_R1.sb,20241110,03:55:32,40.2569,-70.8834,3.8,624.0,0.004351,0.000728
NES-LTER_AE2426_ag_202411100355_004m_R1.sb,20241110,03:55:32,40.2569,-70.8834,3.8,625.0,0.004282,0.000725
NES-LTER_AE2426_ag_202411100355_004m_R1.sb,20241110,03:55:32,40.2569,-70.8834,3.8,626.0,0.004328,0.000727
NES-LTER_AE2426_ag_202411100355_004m_R1.sb,20241110,03:55:32,40.2569,-70.8834,3.8,627.0,0.004236,0.000723
NES-LTER_AE2426_ag_202411100355_004m_R1.sb,20241110,03:55:32,40.2569,-70.8834,3.8,628.0,0.004351,0.000728
NES-LTER_AE2426_ag_202411100355_004m_R1.sb,20241110,03:55:32,40.2569,-70.8834,3.8,629.0,0.004052,0.000715
NES-LTER_AE2426_ag_202411100355_004m_R1.sb,20241110,03:55:32,40.2569,-70.8834,3.8,630.0,0.003684,0.000699
NES-LTER_AE2426_ag_202411100355_004m_R1.sb,20241110,03:55:32,40.2569,-70.8834,3.8,631.0,0.003293,0.000682
NES-LTER_AE2426_ag_202411100355_004m_R1.sb,20241110,03:55:32,40.2569,-70.8834,3.8,632.0,0.00327,0.000681
NES-LTER_AE2426_ag_202411100355_004m_R1.sb,20241110,03:55:32,40.2569,-70.8834,3.8,633.0,0.003339,0.000684
NES-LTER_AE2426_ag_202411100355_004m_R1.sb,20241110,03:55:32,40.2569,-70.8834,3.8,634.0,0.003569,0.000694
NES-LTER_AE2426_ag_202411100355_004m_R1.sb,20241110,03:55:32,40.2569,-70.8834,3.8,635.0,0.003569,0.000694
NES-LTER_AE2426_ag_202411100355_004m_R1.sb,20241110,03:55:32,40.2569,-70.8834,3.8,636.0,0.003684,0.000699
NES-LTER_AE2426_ag_202411100355_004m_R1.sb,20241110,03:55:32,40.2569,-70.8834,3.8,637.0,0.003477,0.00069
NES-LTER_AE2426_ag_202411100355_004m_R1.sb,20241110,03:55:32,40.2569,-70.8834,3.8,638.0,0.00327,0.000681
NES-LTER_AE2426_ag_202411100355_004m_R1.sb,20241110,03:55:32,40.2569,-70.8834,3.8,639.0,0.00327,0.000681
NES-LTER_AE2426_ag_202411100355_004m_R1.sb,20241110,03:55:32,40.2569,-70.8834,3.8,640.0,0.002856,0.000663
NES-LTER_AE2426_ag_202411100355_004m_R1.sb,20241110,03:55:32,40.2569,-70.8834,3.8,641.0,0.002925,0.000666
NES-LTER_AE2426_ag_202411100355_004m_R1.sb,20241110,03:55:32,40.2569,-70.8834,3.8,642.0,0.002925,0.000666
NES-LTER_AE2426_ag_202411100355_004m_R1.sb,20241110,03:55:32,40.2569,-70.8834,3.8,643.0,0.002856,0.000663
NES-LTER_AE2426_ag_202411100355_004m_R1.sb,20241110,03:55:32,40.2569,-70.8834,3.8,644.0,0.002695,0.000656
NES-LTER_AE2426_ag_202411100355_004m_R1.sb,20241110,03:55:32,40.2569,-70.8834,3.8,645.0,0.002626,0.000653
NES-LTER_AE2426_ag_202411100355_004m_R1.sb,20241110,03:55:32,40.2569,-70.8834,3.8,646.0,0.002764,0.000659
NES-LTER_AE2426_ag_202411100355_004m_R1.sb,20241110,03:55:32,40.2569,-70.8834,3.8,647.0,0.002626,0.000653
NES-LTER_AE2426_ag_202411100355_004m_R1.sb,20241110,03:55:32,40.2569,-70.8834,3.8,648.0,0.001959,0.000624
NES-LTER_AE2426_ag_202411100355_004m_R1.sb,20241110,03:55:32,40.2569,-70.8834,3.8,649.0,0.001798,0.000617
NES-LTER_AE2426_ag_202411100355_004m_R1.sb,20241110,03:55:32,40.2569,-70.8834,3.8,650.0,0.001614,0.000609
NES-LTER_AE2426_ag_202411100355_004m_R1.sb,20241110,03:55:32,40.2569,-70.8834,3.8,651.0,0.001775,0.000616
NES-LTER_AE2426_ag_202411100355_004m_R1.sb,20241110,03:55:32,40.2569,-70.8834,3.8,652.0,0.00166,0.000611
NES-LTER_AE2426_ag_202411100355_004m_R1.sb,20241110,03:55:32,40.2569,-70.8834,3.8,653.0,0.001361,0.000598
NES-LTER_AE2426_ag_202411100355_004m_R1.sb,20241110,03:55:32,40.2569,-70.8834,3.8,654.0,0.001108,0.000587
NES-LTER_AE2426_ag_202411100355_004m_R1.sb,20241110,03:55:32,40.2569,-70.8834,3.8,655.0,0.000487,0.00056
NES-LTER_AE2426_ag_202411100355_004m_R1.sb,20241110,03:55:32,40.2569,-70.8834,3.8,656.0,7.3e-05,0.000542
NES-LTER_AE2426_ag_202411100355_004m_R1.sb,20241110,03:55:32,40.2569,-70.8834,3.8,657.0,4e-06,0.000539
NES-LTER_AE2426_ag_202411100355_004m_R1.sb,20241110,03:55:32,40.2569,-70.8834,3.8,658.0,-8.8e-05,0.000535
NES-LTER_AE2426_ag_202411100355_004m_R1.sb,20241110,03:55:32,40.2569,-70.8834,3.8,659.0,0.000142,0.000545
NES-LTER_AE2426_ag_202411100355_004m_R1.sb,20241110,03:55:32,40.2569,-70.8834,3.8,660.0,-6.5e-05,0.000536
NES-LTER_AE2426_ag_202411100355_004m_R1.sb,20241110,03:55:32,40.2569,-70.8834,3.8,661.0,4e-06,0.000539
NES-LTER_AE2426_ag_202411100355_004m_R1.sb,20241110,03:55:32,40.2569,-70.8834,3.8,662.0,-0.000157,0.000532
NES-LTER_AE2426_ag_202411100355_004m_R1.sb,20241110,03:55:32,40.2569,-70.8834,3.8,663.0,-1.9e-05,0.000538
NES-LTER_AE2426_ag_202411100355_004m_R1.sb,20241110,03:55:32,40.2569,-70.8834,3.8,664.0,-0.00018,0.000531
NES-LTER_AE2426_ag_202411100355_004m_R1.sb,20241110,03:55:32,40.2569,-70.8834,3.8,665.0,0.000119,0.000544
NES-LTER_AE2426_ag_202411100355_004m_R1.sb,20241110,03:55:32,40.2569,-70.8834,3.8,666.0,0.000165,0.000546
NES-LTER_AE2426_ag_202411100355_004m_R1.sb,20241110,03:55:32,40.2569,-70.8834,3.8,667.0,0.000165,0.000546
NES-LTER_AE2426_ag_202411100355_004m_R1.sb,20241110,03:55:32,40.2569,-70.8834,3.8,668.0,2.7e-05,0.00054
NES-LTER_AE2426_ag_202411100355_004m_R1.sb,20241110,03:55:32,40.2569,-70.8834,3.8,669.0,-0.000157,0.000532
NES-LTER_AE2426_ag_202411100355_004m_R1.sb,20241110,03:55:32,40.2569,-70.8834,3.8,670.0,9.6e-05,0.000543
NES-LTER_AE2426_ag_202411100355_004m_R1.sb,20241110,03:55:32,40.2569,-70.8834,3.8,671.0,-0.000295,0.000526
NES-LTER_AE2426_ag_202411100355_004m_R1.sb,20241110,03:55:32,40.2569,-70.8834,3.8,672.0,-0.000594,0.000513
NES-LTER_AE2426_ag_202411100355_004m_R1.sb,20241110,03:55:32,40.2569,-70.8834,3.8,673.0,-0.000962,0.000497
NES-LTER_AE2426_ag_202411100355_004m_R1.sb,20241110,03:55:32,40.2569,-70.8834,3.8,674.0,-0.000893,0.0005
NES-LTER_AE2426_ag_202411100355_004m_R1.sb,20241110,03:55:32,40.2569,-70.8834,3.8,675.0,-0.000962,0.000497
NES-LTER_AE2426_ag_202411100355_004m_R1.sb,20241110,03:55:32,40.2569,-70.8834,3.8,676.0,-0.000962,0.000497
NES-LTER_AE2426_ag_202411100355_004m_R1.sb,20241110,03:55:32,40.2569,-70.8834,3.8,677.0,-0.00156,0.000471
NES-LTER_AE2426_ag_202411100355_004m_R1.sb,20241110,03:55:32,40.2569,-70.8834,3.8,678.0,-0.001652,0.000467
NES-LTER_AE2426_ag_202411100355_004m_R1.sb,20241110,03:55:32,40.2569,-70.8834,3.8,679.0,-0.001974,0.000453
NES-LTER_AE2426_ag_202411100355_004m_R1.sb,20241110,03:55:32,40.2569,-70.8834,3.8,680.0,-0.001859,0.000458
NES-LTER_AE2426_ag_202411100355_004m_R1.sb,20241110,03:55:32,40.2569,-70.8834,3.8,681.0,-0.001905,0.000456
NES-LTER_AE2426_ag_202411100355_004m_R1.sb,20241110,03:55:32,40.2569,-70.8834,3.8,682.0,-0.001951,0.000454
NES-LTER_AE2426_ag_202411100355_004m_R1.sb,20241110,03:55:32,40.2569,-70.8834,3.8,683.0,-0.002273,0.00044
NES-LTER_AE2426_ag_202411100355_004m_R1.sb,20241110,03:55:32,40.2569,-70.8834,3.8,684.0,-0.002549,0.000428
NES-LTER_AE2426_ag_202411100355_004m_R1.sb,20241110,03:55:32,40.2569,-70.8834,3.8,685.0,-0.00271,0.000421
NES-LTER_AE2426_ag_202411100355_004m_R1.sb,20241110,03:55:32,40.2569,-70.8834,3.8,686.0,-0.002687,0.000422
NES-LTER_AE2426_ag_202411100355_004m_R1.sb,20241110,03:55:32,40.2569,-70.8834,3.8,687.0,-0.002848,0.000415
NES-LTER_AE2426_ag_202411100355_004m_R1.sb,20241110,03:55:32,40.2569,-70.8834,3.8,688.0,-0.003354,0.000393
NES-LTER_AE2426_ag_202411100355_004m_R1.sb,20241110,03:55:32,40.2569,-70.8834,3.8,689.0,-0.003584,0.000383
NES-LTER_AE2426_ag_202411100355_004m_R1.sb,20241110,03:55:32,40.2569,-70.8834,3.8,690.0,-0.00409,0.000361
NES-LTER_AE2426_ag_202411100355_004m_R1.sb,20241110,03:55:32,40.2569,-70.8834,3.8,691.0,-0.004366,0.000349
NES-LTER_AE2426_ag_202411100355_004m_R1.sb,20241110,03:55:32,40.2569,-70.8834,3.8,692.0,-0.004872,0.000327
NES-LTER_AE2426_ag_202411100355_004m_R1.sb,20241110,03:55:32,40.2569,-70.8834,3.8,693.0,-0.005585,0.000296
NES-LTER_AE2426_ag_202411100355_004m_R1.sb,20241110,03:55:32,40.2569,-70.8834,3.8,694.0,-0.005884,0.000283
NES-LTER_AE2426_ag_202411100355_004m_R1.sb,20241110,03:55:32,40.2569,-70.8834,3.8,695.0,-0.006229,0.000268
NES-LTER_AE2426_ag_202411100355_004m_R1.sb,20241110,03:55:32,40.2569,-70.8834,3.8,696.0,-0.006252,0.000267
NES-LTER_AE2426_ag_202411100355_004m_R1.sb,20241110,03:55:32,40.2569,-70.8834,3.8,697.0,-0.006804,0.000243
NES-LTER_AE2426_ag_202411100355_004m_R1.sb,20241110,03:55:32,40.2569,-70.8834,3.8,698.0,-0.007218,0.000225
NES-LTER_AE2426_ag_202411100355_004m_R1.sb,20241110,03:55:32,40.2569,-70.8834,3.8,699.0,-0.007448,0.000215
NES-LTER_AE2426_ag_202411100355_004m_R1.sb,20241110,03:55:32,40.2569,-70.8834,3.8,700.0,-0.007402,0.000217
NES-LTER_AE2426_ag_202411100355_004m_R1.sb,20241110,03:55:32,40.2569,-70.8834,3.8,701.0,-0.007885,0.000196
NES-LTER_AE2426_ag_202411100355_004m_R1.sb,20241110,03:55:32,40.2569,-70.8834,3.8,702.0,-0.008506,0.000169
NES-LTER_AE2426_ag_202411100355_004m_R1.sb,20241110,03:55:32,40.2569,-70.8834,3.8,703.0,-0.009357,0.000132
NES-LTER_AE2426_ag_202411100355_004m_R1.sb,20241110,03:55:32,40.2569,-70.8834,3.8,704.0,-0.010001,0.000104
NES-LTER_AE2426_ag_202411100355_004m_R1.sb,20241110,03:55:32,40.2569,-70.8834,3.8,705.0,-0.010645,7.6e-05
NES-LTER_AE2426_ag_202411100355_004m_R1.sb,20241110,03:55:32,40.2569,-70.8834,3.8,706.0,-0.011289,4.8e-05
NES-LTER_AE2426_ag_202411100355_004m_R1.sb,20241110,03:55:32,40.2569,-70.8834,3.8,707.0,-0.011657,3.2e-05
NES-LTER_AE2426_ag_202411100355_004m_R1.sb,20241110,03:55:32,40.2569,-70.8834,3.8,708.0,-0.01237,1e-06
NES-LTER_AE2426_ag_202411100355_004m_R1.sb,20241110,03:55:32,40.2569,-70.8834,3.8,709.0,-0.013244,-3.7e-05
NES-LTER_AE2426_ag_202411100355_004m_R1.sb,20241110,03:55:32,40.2569,-70.8834,3.8,710.0,-0.014118,-7.5e-05
NES-LTER_AE2426_ag_202411100355_004m_R1.sb,20241110,03:55:32,40.2569,-70.8834,3.8,711.0,-0.014739,-0.000102
NES-LTER_AE2426_ag_202411100355_004m_R1.sb,20241110,03:55:32,40.2569,-70.8834,3.8,712.0,-0.015544,-0.000137
NES-LTER_AE2426_ag_202411100355_004m_R1.sb,20241110,03:55:32,40.2569,-70.8834,3.8,713.0,-0.016464,-0.000177
NES-LTER_AE2426_ag_202411100355_004m_R1.sb,20241110,03:55:32,40.2569,-70.8834,3.8,714.0,-0.017361,-0.000216
NES-LTER_AE2426_ag_202411100355_004m_R1.sb,20241110,03:55:32,40.2569,-70.8834,3.8,715.0,-0.017775,-0.000234
NES-LTER_AE2426_ag_202411100355_004m_R1.sb,20241110,03:55:32,40.2569,-70.8834,3.8,716.0,-0.018649,-0.000272
NES-LTER_AE2426_ag_202411100355_004m_R1.sb,20241110,03:55:32,40.2569,-70.8834,3.8,717.0,-0.019546,-0.000311
NES-LTER_AE2426_ag_202411100355_004m_R1.sb,20241110,03:55:32,40.2569,-70.8834,3.8,718.0,-0.020696,-0.000361
NES-LTER_AE2426_ag_202411100355_004m_R1.sb,20241110,03:55:32,40.2569,-70.8834,3.8,719.0,-0.02157,-0.000399
NES-LTER_AE2426_ag_202411100355_004m_R1.sb,20241110,03:55:32,40.2569,-70.8834,3.8,720.0,-0.022582,-0.000443
NES-LTER_AE2426_ag_202411100355_004m_R1.sb,20241110,03:55:32,40.2569,-70.8834,3.8,721.0,-0.023226,-0.000471
NES-LTER_AE2426_ag_202411100355_004m_R1.sb,20241110,03:55:32,40.2569,-70.8834,3.8,722.0,-0.024238,-0.000515
NES-LTER_AE2426_ag_202411100355_004m_R1.sb,20241110,03:55:32,40.2569,-70.8834,3.8,723.0,-0.025112,-0.000553
NES-LTER_AE2426_ag_202411100355_004m_R1.sb,20241110,03:55:32,40.2569,-70.8834,3.8,724.0,-0.026584,-0.000617
NES-LTER_AE2426_ag_202411100355_004m_R1.sb,20241110,03:55:32,40.2569,-70.8834,3.8,725.0,-0.028263,-0.00069
NES-LTER_AE2426_ag_202411100355_004m_R1.sb,20241110,03:55:32,40.2569,-70.8834,3.8,726.0,-0.030126,-0.000771
NES-LTER_AE2426_ag_202411100355_004m_R1.sb,20241110,03:55:32,40.2569,-70.8834,3.8,727.0,-0.032541,-0.000876
NES-LTER_AE2426_ag_202411100355_004m_R1.sb,20241110,03:55:32,40.2569,-70.8834,3.8,728.0,-0.034933,-0.00098
NES-LTER_AE2426_ag_202411100355_004m_R1.sb,20241110,03:55:32,40.2569,-70.8834,3.8,729.0,-0.038291,-0.001126
NES-LTER_AE2426_ag_202411100355_004m_R1.sb,20241110,03:55:32,40.2569,-70.8834,3.8,730.0,-0.041327,-0.001258
NES-LTER_AE2426_ag_202411100355_004m_R1.sb,20241110,03:55:32,40.2569,-70.8834,3.8,731.0,-0.044524,-0.001397
NES-LTER_AE2426_ag_202411100355_004m_R1.sb,20241110,03:55:32,40.2569,-70.8834,3.8,732.0,-0.047445,-0.001524
NES-LTER_AE2426_ag_202411100355_004m_R1.sb,20241110,03:55:32,40.2569,-70.8834,3.8,733.0,-0.049469,-0.001612
NES-LTER_AE2426_ag_202411100355_004m_R1.sb,20241110,03:55:32,40.2569,-70.8834,3.8,734.0,-0.050297,-0.001648
NES-LTER_AE2426_ag_202411100355_004m_R1.sb,20241110,03:55:32,40.2569,-70.8834,3.8,735.0,-0.049653,-0.00162
NES-LTER_AE2426_ag_202411100355_004m_R1.sb,20241110,03:55:32,40.2569,-70.8834,3.8,736.0,-0.048365,-0.001564
NES-LTER_AE2426_ag_202411100355_004m_R1.sb,20241110,03:55:32,40.2569,-70.8834,3.8,737.0,-0.045973,-0.00146
NES-LTER_AE2426_ag_202411100355_004m_R1.sb,20241110,03:55:32,40.2569,-70.8834,3.8,738.0,-0.042431,-0.001306
NES-LTER_AE2426_ag_202411100355_004m_R1.sb,20241110,03:55:32,40.2569,-70.8834,3.8,739.0,-0.038682,-0.001143
NES-LTER_AE2426_ag_202411100355_004m_R1.sb,20241110,03:55:32,40.2569,-70.8834,3.8,740.0,-0.035186,-0.000991
NES-LTER_AE2426_ag_202411100355_004m_R1.sb,20241110,03:55:32,40.2569,-70.8834,3.8,741.0,-0.031598,-0.000835
NES-LTER_AE2426_ag_202411100355_004m_R1.sb,20241110,03:55:32,40.2569,-70.8834,3.8,742.0,-0.028355,-0.000694
NES-LTER_AE2426_ag_202411100355_004m_R1.sb,20241110,03:55:32,40.2569,-70.8834,3.8,743.0,-0.024836,-0.000541
NES-LTER_AE2426_ag_202411100355_004m_R1.sb,20241110,03:55:32,40.2569,-70.8834,3.8,744.0,-0.022214,-0.000427
NES-LTER_AE2426_ag_202411100355_004m_R1.sb,20241110,03:55:32,40.2569,-70.8834,3.8,745.0,-0.018971,-0.000286
NES-LTER_AE2426_ag_202411100355_004m_R1.sb,20241110,03:55:32,40.2569,-70.8834,3.8,746.0,-0.016533,-0.00018
NES-LTER_AE2426_ag_202411100355_004m_R1.sb,20241110,03:55:32,40.2569,-70.8834,3.8,747.0,-0.013911,-6.6e-05
NES-LTER_AE2426_ag_202411100355_004m_R1.sb,20241110,03:55:32,40.2569,-70.8834,3.8,748.0,-0.011657,3.2e-05
NES-LTER_AE2426_ag_202411100355_004m_R1.sb,20241110,03:55:32,40.2569,-70.8834,3.8,749.0,-0.009886,0.000109
NES-LTER_AE2426_ag_202411100355_004m_R1.sb,20241110,03:55:32,40.2569,-70.8834,3.8,750.0,-0.008529,0.000168
NES-LTER_AE2426_ag_202411100355_004m_R1.sb,20241110,03:55:32,40.2569,-70.8834,3.8,751.0,-0.007655,0.000206
NES-LTER_AE2426_ag_202411100355_004m_R1.sb,20241110,03:55:32,40.2569,-70.8834,3.8,752.0,-0.006183,0.00027
NES-LTER_AE2426_ag_202411100355_004m_R1.sb,20241110,03:55:32,40.2569,-70.8834,3.8,753.0,-0.004711,0.000334
NES-LTER_AE2426_ag_202411100355_004m_R1.sb,20241110,03:55:32,40.2569,-70.8834,3.8,754.0,-0.003308,0.000395
NES-LTER_AE2426_ag_202411100355_004m_R1.sb,20241110,03:55:32,40.2569,-70.8834,3.8,755.0,-0.002388,0.000435
NES-LTER_AE2426_ag_202411100355_004m_R1.sb,20241110,03:55:32,40.2569,-70.8834,3.8,756.0,-0.001744,0.000463
NES-LTER_AE2426_ag_202411100355_004m_R1.sb,20241110,03:55:32,40.2569,-70.8834,3.8,757.0,-0.000847,0.000502
NES-LTER_AE2426_ag_202411100355_004m_R1.sb,20241110,03:55:32,40.2569,-70.8834,3.8,758.0,0.000119,0.000544
NES-LTER_AE2426_ag_202411100355_004m_R1.sb,20241110,03:55:32,40.2569,-70.8834,3.8,759.0,0.001131,0.000588
NES-LTER_AE2426_ag_202411100355_004m_R1.sb,20241110,03:55:32,40.2569,-70.8834,3.8,760.0,0.001568,0.000607
NES-LTER_AE2426_ag_202411100355_004m_R1.sb,20241110,03:55:32,40.2569,-70.8834,3.8,761.0,0.001982,0.000625
NES-LTER_AE2426_ag_202411100355_004m_R1.sb,20241110,03:55:32,40.2569,-70.8834,3.8,762.0,0.002373,0.000642
NES-LTER_AE2426_ag_202411100355_004m_R1.sb,20241110,03:55:32,40.2569,-70.8834,3.8,763.0,0.003017,0.00067
NES-LTER_AE2426_ag_202411100355_004m_R1.sb,20241110,03:55:32,40.2569,-70.8834,3.8,764.0,0.003891,0.000708
NES-LTER_AE2426_ag_202411100355_004m_R1.sb,20241110,03:55:32,40.2569,-70.8834,3.8,765.0,0.004604,0.000739
NES-LTER_AE2426_ag_202411100355_004m_R1.sb,20241110,03:55:32,40.2569,-70.8834,3.8,766.0,0.005156,0.000763
NES-LTER_AE2426_ag_202411100355_004m_R1.sb,20241110,03:55:32,40.2569,-70.8834,3.8,767.0,0.005248,0.000767
NES-LTER_AE2426_ag_202411100355_004m_R1.sb,20241110,03:55:32,40.2569,-70.8834,3.8,768.0,0.00603,0.000801
NES-LTER_AE2426_ag_202411100355_004m_R1.sb,20241110,03:55:32,40.2569,-70.8834,3.8,769.0,0.005892,0.000795
NES-LTER_AE2426_ag_202411100355_004m_R1.sb,20241110,03:55:32,40.2569,-70.8834,3.8,770.0,0.006099,0.000804
NES-LTER_AE2426_ag_202411100355_004m_R1.sb,20241110,03:55:32,40.2569,-70.8834,3.8,771.0,0.005455,0.000776
NES-LTER_AE2426_ag_202411100355_004m_R1.sb,20241110,03:55:32,40.2569,-70.8834,3.8,772.0,0.005823,0.000792
NES-LTER_AE2426_ag_202411100355_004m_R1.sb,20241110,03:55:32,40.2569,-70.8834,3.8,773.0,0.006513,0.000822
NES-LTER_AE2426_ag_202411100355_004m_R1.sb,20241110,03:55:32,40.2569,-70.8834,3.8,774.0,0.007226,0.000853
NES-LTER_AE2426_ag_202411100355_004m_R1.sb,20241110,03:55:32,40.2569,-70.8834,3.8,775.0,0.007778,0.000877
NES-LTER_AE2426_ag_202411100355_004m_R1.sb,20241110,03:55:32,40.2569,-70.8834,3.8,776.0,0.007709,0.000874
NES-LTER_AE2426_ag_202411100355_004m_R1.sb,20241110,03:55:32,40.2569,-70.8834,3.8,777.0,0.007663,0.000872
NES-LTER_AE2426_ag_202411100355_004m_R1.sb,20241110,03:55:32,40.2569,-70.8834,3.8,778.0,0.007778,0.000877
NES-LTER_AE2426_ag_202411100355_004m_R1.sb,20241110,03:55:32,40.2569,-70.8834,3.8,779.0,0.007778,0.000877
NES-LTER_AE2426_ag_202411100355_004m_R1.sb,20241110,03:55:32,40.2569,-70.8834,3.8,780.0,0.007709,0.000874
NES-LTER_AE2426_ag_202411100355_004m_R1.sb,20241110,03:55:32,40.2569,-70.8834,3.8,781.0,0.007686,0.000873
NES-LTER_AE2426_ag_202411100355_004m_R1.sb,20241110,03:55:32,40.2569,-70.8834,3.8,782.0,0.006927,0.00084
NES-LTER_AE2426_ag_202411100355_004m_R1.sb,20241110,03:55:32,40.2569,-70.8834,3.8,783.0,0.006352,0.000815
NES-LTER_AE2426_ag_202411100355_004m_R1.sb,20241110,03:55:32,40.2569,-70.8834,3.8,784.0,0.006375,0.000816
NES-LTER_AE2426_ag_202411100355_004m_R1.sb,20241110,03:55:32,40.2569,-70.8834,3.8,785.0,0.006628,0.000827
NES-LTER_AE2426_ag_202411100355_004m_R1.sb,20241110,03:55:32,40.2569,-70.8834,3.8,786.0,0.006444,0.000819
NES-LTER_AE2426_ag_202411100355_004m_R1.sb,20241110,03:55:32,40.2569,-70.8834,3.8,787.0,0.006007,0.0008
NES-LTER_AE2426_ag_202411100355_004m_R1.sb,20241110,03:55:32,40.2569,-70.8834,3.8,788.0,0.005685,0.000786
NES-LTER_AE2426_ag_202411100355_004m_R1.sb,20241110,03:55:32,40.2569,-70.8834,3.8,789.0,0.005777,0.00079
NES-LTER_AE2426_ag_202411100355_004m_R1.sb,20241110,03:55:32,40.2569,-70.8834,3.8,790.0,0.005133,0.000762
NES-LTER_AE2426_ag_202411100355_004m_R1.sb,20241110,03:55:32,40.2569,-70.8834,3.8,791.0,0.004742,0.000745
NES-LTER_AE2426_ag_202411100355_004m_R1.sb,20241110,03:55:32,40.2569,-70.8834,3.8,792.0,0.004098,0.000717
NES-LTER_AE2426_ag_202411100355_004m_R1.sb,20241110,03:55:32,40.2569,-70.8834,3.8,793.0,0.003431,0.000688
NES-LTER_AE2426_ag_202411100355_004m_R1.sb,20241110,03:55:32,40.2569,-70.8834,3.8,794.0,0.00258,0.000651
NES-LTER_AE2426_ag_202411100355_004m_R1.sb,20241110,03:55:32,40.2569,-70.8834,3.8,795.0,0.001614,0.000609
NES-LTER_AE2426_ag_202411100355_004m_R1.sb,20241110,03:55:32,40.2569,-70.8834,3.8,796.0,0.000901,0.000578
NES-LTER_AE2426_ag_202411100355_004m_R1.sb,20241110,03:55:32,40.2569,-70.8834,3.8,797.0,4e-06,0.000539
NES-LTER_AE2426_ag_202411100355_004m_R1.sb,20241110,03:55:32,40.2569,-70.8834,3.8,798.0,-0.001031,0.000494
NES-LTER_AE2426_ag_202411100355_004m_R1.sb,20241110,03:55:32,40.2569,-70.8834,3.8,799.0,-0.00225,0.000441
NES-LTER_AE2426_ag_202411100355_004m_R1.sb,20241110,03:55:32,40.2569,-70.8834,3.8,800.0,-0.002986,0.000409
NES-LTER_AE2426_ag_202411100355_004m_R1.sb,20241110,03:55:32,40.2569,-70.8834,3.8,801.0,-0.003975,0.000366
NES-LTER_AE2426_ag_202411100355_004m_R1.sb,20241110,03:55:32,40.2569,-70.8834,3.8,802.0,-0.004918,0.000325
NES-LTER_AE2426_ag_202411100355_004m_R1.sb,20241110,03:55:32,40.2569,-70.8834,3.8,803.0,-0.006114,0.000273
NES-LTER_AE2426_ag_202411100355_004m_R1.sb,20241110,03:55:32,40.2569,-70.8834,3.8,804.0,-0.006804,0.000243
NES-LTER_AE2426_ag_202411100355_004m_R1.sb,20241110,03:55:32,40.2569,-70.8834,3.8,805.0,-0.008115,0.000186
NES-LTER_AE2426_ag_202411100355_004m_R1.sb,20241110,03:55:32,40.2569,-70.8834,3.8,806.0,-0.009173,0.00014
NES-LTER_AE2426_ag_202411100355_004m_R1.sb,20241110,03:55:32,40.2569,-70.8834,3.8,807.0,-0.010691,7.4e-05
NES-LTER_AE2426_ag_202411100355_004m_R1.sb,20241110,03:55:32,40.2569,-70.8834,3.8,808.0,-0.012278,5e-06
NES-LTER_AE2426_ag_202411100355_004m_R1.sb,20241110,03:55:32,40.2569,-70.8834,3.8,809.0,-0.013865,-6.4e-05
NES-LTER_AE2426_ag_202411100355_004m_R1.sb,20241110,03:55:32,40.2569,-70.8834,3.8,810.0,-0.015452,-0.000133
NES-LTER_AE2426_ag_202411100355_004m_R1.sb,20241110,03:55:32,40.2569,-70.8834,3.8,811.0,-0.016717,-0.000188
NES-LTER_AE2426_ag_202411100355_004m_R1.sb,20241110,03:55:32,40.2569,-70.8834,3.8,812.0,-0.01812,-0.000249
NES-LTER_AE2426_ag_202411100355_004m_R1.sb,20241110,03:55:32,40.2569,-70.8834,3.8,813.0,-0.019385,-0.000304
NES-LTER_AE2426_ag_202411100355_004m_R1.sb,20241110,03:55:32,40.2569,-70.8834,3.8,814.0,-0.020719,-0.000362
NES-LTER_AE2426_ag_202411100355_004m_R1.sb,20241110,03:55:32,40.2569,-70.8834,3.8,815.0,-0.021662,-0.000403
NES-LTER_AE2426_ag_202411100355_004m_R1.sb,20241110,03:55:32,40.2569,-70.8834,3.8,816.0,-0.022306,-0.000431
NES-LTER_AE2426_ag_202411100355_004m_R1.sb,20241110,03:55:32,40.2569,-70.8834,3.8,817.0,-0.023295,-0.000474
NES-LTER_AE2426_ag_202411100355_004m_R1.sb,20241110,03:55:32,40.2569,-70.8834,3.8,818.0,-0.025388,-0.000565
NES-LTER_AE2426_ag_202411100355_004m_R1.sb,20241110,03:55:32,40.2569,-70.8834,3.8,819.0,-0.027228,-0.000645
NES-LTER_AE2426_ag_202411100355_004m_R1.sb,20241110,03:55:32,40.2569,-70.8834,3.8,820.0,-0.028861,-0.000716
NES-LTER_AE2426_ag_202411100355_004m_R1.sb,20241110,03:55:32,40.2569,-70.8834,3.8,821.0,-0.030471,-0.000786
NES-LTER_AE2426_ag_202411100355_004m_R1.sb,20241110,03:55:32,40.2569,-70.8834,3.8,822.0,-0.033162,-0.000903
NES-LTER_AE2426_ag_202411100355_004m_R1.sb,20241110,03:55:32,40.2569,-70.8834,3.8,823.0,-0.036336,-0.001041
NES-LTER_AE2426_ag_202411100355_004m_R1.sb,20241110,03:55:32,40.2569,-70.8834,3.8,824.0,-0.039671,-0.001186
NES-LTER_AE2426_ag_202411100355_004m_R1.sb,20241110,03:55:32,40.2569,-70.8834,3.8,825.0,-0.043972,-0.001373
NES-LTER_AE2426_ag_202411100355_004m_R1.sb,20241110,03:55:32,40.2569,-70.8834,3.8,826.0,-0.048112,-0.001553
NES-LTER_AE2426_ag_202411100355_004m_R1.sb,20241110,03:55:32,40.2569,-70.8834,3.8,827.0,-0.053333,-0.00178
NES-LTER_AE2426_ag_202411100355_004m_R1.sb,20241110,03:55:32,40.2569,-70.8834,3.8,828.0,-0.058071,-0.001986
NES-LTER_AE2426_ag_202411100355_004m_R1.sb,20241110,03:55:32,40.2569,-70.8834,3.8,829.0,-0.063407,-0.002218
NES-LTER_AE2426_ag_202411100355_004m_R1.sb,20241110,03:55:32,40.2569,-70.8834,3.8,830.0,-0.066627,-0.002358
NES-LTER_AE2426_ag_202411100355_004m_R1.sb,20241110,03:55:32,40.2569,-70.8834,3.8,831.0,-0.068996,-0.002461
NES-LTER_AE2426_ag_202411100355_004m_R1.sb,20241110,03:55:32,40.2569,-70.8834,3.8,832.0,-0.069548,-0.002485
NES-LTER_AE2426_ag_202411100355_004m_R1.sb,20241110,03:55:32,40.2569,-70.8834,3.8,833.0,-0.069387,-0.002478
NES-LTER_AE2426_ag_202411100355_004m_R1.sb,20241110,03:55:32,40.2569,-70.8834,3.8,834.0,-0.066604,-0.002357
NES-LTER_AE2426_ag_202411100355_004m_R1.sb,20241110,03:55:32,40.2569,-70.8834,3.8,835.0,-0.063867,-0.002238
NES-LTER_AE2426_ag_202411100355_004m_R1.sb,20241110,03:55:32,40.2569,-70.8834,3.8,836.0,-0.060233,-0.00208
NES-LTER_AE2426_ag_202411100355_004m_R1.sb,20241110,03:55:32,40.2569,-70.8834,3.8,837.0,-0.056921,-0.001936
NES-LTER_AE2426_ag_202411100355_004m_R1.sb,20241110,03:55:32,40.2569,-70.8834,3.8,838.0,-0.052758,-0.001755
NES-LTER_AE2426_ag_202411100355_004m_R1.sb,20241110,03:55:32,40.2569,-70.8834,3.8,839.0,-0.048871,-0.001586
NES-LTER_AE2426_ag_202411100355_004m_R1.sb,20241110,03:55:32,40.2569,-70.8834,3.8,840.0,-0.045904,-0.001457
NES-LTER_AE2426_ag_202411100355_004m_R1.sb,20241110,03:55:32,40.2569,-70.8834,3.8,841.0,-0.043236,-0.001341
NES-LTER_AE2426_ag_202411100355_004m_R1.sb,20241110,03:55:32,40.2569,-70.8834,3.8,842.0,-0.040959,-0.001242
NES-LTER_AE2426_ag_202411100355_004m_R1.sb,20241110,03:55:32,40.2569,-70.8834,3.8,843.0,-0.038613,-0.00114
NES-LTER_AE2426_ag_202411100355_004m_R1.sb,20241110,03:55:32,40.2569,-70.8834,3.8,844.0,-0.036267,-0.001038
NES-LTER_AE2426_ag_202411100355_004m_R1.sb,20241110,03:55:32,40.2569,-70.8834,3.8,845.0,-0.034818,-0.000975
NES-LTER_AE2426_ag_202411100355_004m_R1.sb,20241110,03:55:32,40.2569,-70.8834,3.8,846.0,-0.034289,-0.000952
NES-LTER_AE2426_ag_202411100355_004m_R1.sb,20241110,03:55:32,40.2569,-70.8834,3.8,847.0,-0.032656,-0.000881
NES-LTER_AE2426_ag_202411100355_004m_R1.sb,20241110,03:55:32,40.2569,-70.8834,3.8,848.0,-0.030908,-0.000805
NES-LTER_AE2426_ag_202411100355_004m_R1.sb,20241110,03:55:32,40.2569,-70.8834,3.8,849.0,-0.028746,-0.000711
NES-LTER_AE2426_ag_202411100355_004m_R1.sb,20241110,03:55:32,40.2569,-70.8834,3.8,850.0,-0.027366,-0.000651
NES-LTER_AE2426_ag_202411100657_003m_R1.sb,20241110,06:57:57,40.1484,-70.8941,3.3,300.0,0.944066,0.041587
NES-LTER_AE2426_ag_202411100657_003m_R1.sb,20241110,06:57:57,40.1484,-70.8941,3.3,301.0,0.920307,0.040554
NES-LTER_AE2426_ag_202411100657_003m_R1.sb,20241110,06:57:57,40.1484,-70.8941,3.3,302.0,0.897767,0.039574
NES-LTER_AE2426_ag_202411100657_003m_R1.sb,20241110,06:57:57,40.1484,-70.8941,3.3,303.0,0.87548,0.038605
NES-LTER_AE2426_ag_202411100657_003m_R1.sb,20241110,06:57:57,40.1484,-70.8941,3.3,304.0,0.854136,0.037677
NES-LTER_AE2426_ag_202411100657_003m_R1.sb,20241110,06:57:57,40.1484,-70.8941,3.3,305.0,0.834701,0.036832
NES-LTER_AE2426_ag_202411100657_003m_R1.sb,20241110,06:57:57,40.1484,-70.8941,3.3,306.0,0.815243,0.035986
NES-LTER_AE2426_ag_202411100657_003m_R1.sb,20241110,06:57:57,40.1484,-70.8941,3.3,307.0,0.79659,0.035175
NES-LTER_AE2426_ag_202411100657_003m_R1.sb,20241110,06:57:57,40.1484,-70.8941,3.3,308.0,0.778305,0.03438
NES-LTER_AE2426_ag_202411100657_003m_R1.sb,20241110,06:57:57,40.1484,-70.8941,3.3,309.0,0.762205,0.03368
NES-LTER_AE2426_ag_202411100657_003m_R1.sb,20241110,06:57:57,40.1484,-70.8941,3.3,310.0,0.745852,0.032969
NES-LTER_AE2426_ag_202411100657_003m_R1.sb,20241110,06:57:57,40.1484,-70.8941,3.3,311.0,0.729683,0.032266
NES-LTER_AE2426_ag_202411100657_003m_R1.sb,20241110,06:57:57,40.1484,-70.8941,3.3,312.0,0.712847,0.031534
NES-LTER_AE2426_ag_202411100657_003m_R1.sb,20241110,06:57:57,40.1484,-70.8941,3.3,313.0,0.697598,0.030871
NES-LTER_AE2426_ag_202411100657_003m_R1.sb,20241110,06:57:57,40.1484,-70.8941,3.3,314.0,0.682671,0.030222
NES-LTER_AE2426_ag_202411100657_003m_R1.sb,20241110,06:57:57,40.1484,-70.8941,3.3,315.0,0.668963,0.029626
NES-LTER_AE2426_ag_202411100657_003m_R1.sb,20241110,06:57:57,40.1484,-70.8941,3.3,316.0,0.654772,0.029009
NES-LTER_AE2426_ag_202411100657_003m_R1.sb,20241110,06:57:57,40.1484,-70.8941,3.3,317.0,0.641455,0.02843
NES-LTER_AE2426_ag_202411100657_003m_R1.sb,20241110,06:57:57,40.1484,-70.8941,3.3,318.0,0.628092,0.027849
NES-LTER_AE2426_ag_202411100657_003m_R1.sb,20241110,06:57:57,40.1484,-70.8941,3.3,319.0,0.615465,0.0273
NES-LTER_AE2426_ag_202411100657_003m_R1.sb,20241110,06:57:57,40.1484,-70.8941,3.3,320.0,0.60293,0.026755
NES-LTER_AE2426_ag_202411100657_003m_R1.sb,20241110,06:57:57,40.1484,-70.8941,3.3,321.0,0.590648,0.026221
NES-LTER_AE2426_ag_202411100657_003m_R1.sb,20241110,06:57:57,40.1484,-70.8941,3.3,322.0,0.57901,0.025715
NES-LTER_AE2426_ag_202411100657_003m_R1.sb,20241110,06:57:57,40.1484,-70.8941,3.3,323.0,0.567165,0.0252
NES-LTER_AE2426_ag_202411100657_003m_R1.sb,20241110,06:57:57,40.1484,-70.8941,3.3,324.0,0.556102,0.024719
NES-LTER_AE2426_ag_202411100657_003m_R1.sb,20241110,06:57:57,40.1484,-70.8941,3.3,325.0,0.545361,0.024252
NES-LTER_AE2426_ag_202411100657_003m_R1.sb,20241110,06:57:57,40.1484,-70.8941,3.3,326.0,0.534827,0.023794
NES-LTER_AE2426_ag_202411100657_003m_R1.sb,20241110,06:57:57,40.1484,-70.8941,3.3,327.0,0.524362,0.023339
NES-LTER_AE2426_ag_202411100657_003m_R1.sb,20241110,06:57:57,40.1484,-70.8941,3.3,328.0,0.513897,0.022884
NES-LTER_AE2426_ag_202411100657_003m_R1.sb,20241110,06:57:57,40.1484,-70.8941,3.3,329.0,0.504467,0.022474
NES-LTER_AE2426_ag_202411100657_003m_R1.sb,20241110,06:57:57,40.1484,-70.8941,3.3,330.0,0.494922,0.022059
NES-LTER_AE2426_ag_202411100657_003m_R1.sb,20241110,06:57:57,40.1484,-70.8941,3.3,331.0,0.485101,0.021632
NES-LTER_AE2426_ag_202411100657_003m_R1.sb,20241110,06:57:57,40.1484,-70.8941,3.3,332.0,0.475372,0.021209
NES-LTER_AE2426_ag_202411100657_003m_R1.sb,20241110,06:57:57,40.1484,-70.8941,3.3,333.0,0.465712,0.020789
NES-LTER_AE2426_ag_202411100657_003m_R1.sb,20241110,06:57:57,40.1484,-70.8941,3.3,334.0,0.457087,0.020414
NES-LTER_AE2426_ag_202411100657_003m_R1.sb,20241110,06:57:57,40.1484,-70.8941,3.3,335.0,0.448002,0.020019
NES-LTER_AE2426_ag_202411100657_003m_R1.sb,20241110,06:57:57,40.1484,-70.8941,3.3,336.0,0.439837,0.019664
NES-LTER_AE2426_ag_202411100657_003m_R1.sb,20241110,06:57:57,40.1484,-70.8941,3.3,337.0,0.431442,0.019299
NES-LTER_AE2426_ag_202411100657_003m_R1.sb,20241110,06:57:57,40.1484,-70.8941,3.3,338.0,0.424312,0.018989
NES-LTER_AE2426_ag_202411100657_003m_R1.sb,20241110,06:57:57,40.1484,-70.8941,3.3,339.0,0.416308,0.018641
NES-LTER_AE2426_ag_202411100657_003m_R1.sb,20241110,06:57:57,40.1484,-70.8941,3.3,340.0,0.408672,0.018309
NES-LTER_AE2426_ag_202411100657_003m_R1.sb,20241110,06:57:57,40.1484,-70.8941,3.3,341.0,0.400576,0.017957
NES-LTER_AE2426_ag_202411100657_003m_R1.sb,20241110,06:57:57,40.1484,-70.8941,3.3,342.0,0.393285,0.01764
NES-LTER_AE2426_ag_202411100657_003m_R1.sb,20241110,06:57:57,40.1484,-70.8941,3.3,343.0,0.386247,0.017334
NES-LTER_AE2426_ag_202411100657_003m_R1.sb,20241110,06:57:57,40.1484,-70.8941,3.3,344.0,0.378979,0.017018
NES-LTER_AE2426_ag_202411100657_003m_R1.sb,20241110,06:57:57,40.1484,-70.8941,3.3,345.0,0.372217,0.016724
NES-LTER_AE2426_ag_202411100657_003m_R1.sb,20241110,06:57:57,40.1484,-70.8941,3.3,346.0,0.365501,0.016432
NES-LTER_AE2426_ag_202411100657_003m_R1.sb,20241110,06:57:57,40.1484,-70.8941,3.3,347.0,0.358969,0.016148
NES-LTER_AE2426_ag_202411100657_003m_R1.sb,20241110,06:57:57,40.1484,-70.8941,3.3,348.0,0.352552,0.015869
NES-LTER_AE2426_ag_202411100657_003m_R1.sb,20241110,06:57:57,40.1484,-70.8941,3.3,349.0,0.345836,0.015577
NES-LTER_AE2426_ag_202411100657_003m_R1.sb,20241110,06:57:57,40.1484,-70.8941,3.3,350.0,0.339879,0.015318
NES-LTER_AE2426_ag_202411100657_003m_R1.sb,20241110,06:57:57,40.1484,-70.8941,3.3,351.0,0.334497,0.015084
NES-LTER_AE2426_ag_202411100657_003m_R1.sb,20241110,06:57:57,40.1484,-70.8941,3.3,352.0,0.328793,0.014836
NES-LTER_AE2426_ag_202411100657_003m_R1.sb,20241110,06:57:57,40.1484,-70.8941,3.3,353.0,0.322721,0.014572
NES-LTER_AE2426_ag_202411100657_003m_R1.sb,20241110,06:57:57,40.1484,-70.8941,3.3,354.0,0.316465,0.0143
NES-LTER_AE2426_ag_202411100657_003m_R1.sb,20241110,06:57:57,40.1484,-70.8941,3.3,355.0,0.311405,0.01408
NES-LTER_AE2426_ag_202411100657_003m_R1.sb,20241110,06:57:57,40.1484,-70.8941,3.3,356.0,0.306299,0.013858
NES-LTER_AE2426_ag_202411100657_003m_R1.sb,20241110,06:57:57,40.1484,-70.8941,3.3,357.0,0.300641,0.013612
NES-LTER_AE2426_ag_202411100657_003m_R1.sb,20241110,06:57:57,40.1484,-70.8941,3.3,358.0,0.295282,0.013379
NES-LTER_AE2426_ag_202411100657_003m_R1.sb,20241110,06:57:57,40.1484,-70.8941,3.3,359.0,0.290061,0.013152
NES-LTER_AE2426_ag_202411100657_003m_R1.sb,20241110,06:57:57,40.1484,-70.8941,3.3,360.0,0.285047,0.012934
NES-LTER_AE2426_ag_202411100657_003m_R1.sb,20241110,06:57:57,40.1484,-70.8941,3.3,361.0,0.279642,0.012699
NES-LTER_AE2426_ag_202411100657_003m_R1.sb,20241110,06:57:57,40.1484,-70.8941,3.3,362.0,0.275203,0.012506
NES-LTER_AE2426_ag_202411100657_003m_R1.sb,20241110,06:57:57,40.1484,-70.8941,3.3,363.0,0.270948,0.012321
NES-LTER_AE2426_ag_202411100657_003m_R1.sb,20241110,06:57:57,40.1484,-70.8941,3.3,364.0,0.266693,0.012136
NES-LTER_AE2426_ag_202411100657_003m_R1.sb,20241110,06:57:57,40.1484,-70.8941,3.3,365.0,0.262047,0.011934
NES-LTER_AE2426_ag_202411100657_003m_R1.sb,20241110,06:57:57,40.1484,-70.8941,3.3,366.0,0.257792,0.011749
NES-LTER_AE2426_ag_202411100657_003m_R1.sb,20241110,06:57:57,40.1484,-70.8941,3.3,367.0,0.253905,0.01158
NES-LTER_AE2426_ag_202411100657_003m_R1.sb,20241110,06:57:57,40.1484,-70.8941,3.3,368.0,0.249259,0.011378
NES-LTER_AE2426_ag_202411100657_003m_R1.sb,20241110,06:57:57,40.1484,-70.8941,3.3,369.0,0.244866,0.011187
NES-LTER_AE2426_ag_202411100657_003m_R1.sb,20241110,06:57:57,40.1484,-70.8941,3.3,370.0,0.24091,0.011015
NES-LTER_AE2426_ag_202411100657_003m_R1.sb,20241110,06:57:57,40.1484,-70.8941,3.3,371.0,0.237759,0.010878
NES-LTER_AE2426_ag_202411100657_003m_R1.sb,20241110,06:57:57,40.1484,-70.8941,3.3,372.0,0.233343,0.010686
NES-LTER_AE2426_ag_202411100657_003m_R1.sb,20241110,06:57:57,40.1484,-70.8941,3.3,373.0,0.228697,0.010484
NES-LTER_AE2426_ag_202411100657_003m_R1.sb,20241110,06:57:57,40.1484,-70.8941,3.3,374.0,0.223936,0.010277
NES-LTER_AE2426_ag_202411100657_003m_R1.sb,20241110,06:57:57,40.1484,-70.8941,3.3,375.0,0.220463,0.010126
NES-LTER_AE2426_ag_202411100657_003m_R1.sb,20241110,06:57:57,40.1484,-70.8941,3.3,376.0,0.21676,0.009965
NES-LTER_AE2426_ag_202411100657_003m_R1.sb,20241110,06:57:57,40.1484,-70.8941,3.3,377.0,0.21331,0.009815
NES-LTER_AE2426_ag_202411100657_003m_R1.sb,20241110,06:57:57,40.1484,-70.8941,3.3,378.0,0.209446,0.009647
NES-LTER_AE2426_ag_202411100657_003m_R1.sb,20241110,06:57:57,40.1484,-70.8941,3.3,379.0,0.205766,0.009487
NES-LTER_AE2426_ag_202411100657_003m_R1.sb,20241110,06:57:57,40.1484,-70.8941,3.3,380.0,0.202546,0.009347
NES-LTER_AE2426_ag_202411100657_003m_R1.sb,20241110,06:57:57,40.1484,-70.8941,3.3,381.0,0.199395,0.00921
NES-LTER_AE2426_ag_202411100657_003m_R1.sb,20241110,06:57:57,40.1484,-70.8941,3.3,382.0,0.196083,0.009066
NES-LTER_AE2426_ag_202411100657_003m_R1.sb,20241110,06:57:57,40.1484,-70.8941,3.3,383.0,0.192679,0.008918
NES-LTER_AE2426_ag_202411100657_003m_R1.sb,20241110,06:57:57,40.1484,-70.8941,3.3,384.0,0.189321,0.008772
NES-LTER_AE2426_ag_202411100657_003m_R1.sb,20241110,06:57:57,40.1484,-70.8941,3.3,385.0,0.186009,0.008628
NES-LTER_AE2426_ag_202411100657_003m_R1.sb,20241110,06:57:57,40.1484,-70.8941,3.3,386.0,0.183203,0.008506
NES-LTER_AE2426_ag_202411100657_003m_R1.sb,20241110,06:57:57,40.1484,-70.8941,3.3,387.0,0.180213,0.008376
NES-LTER_AE2426_ag_202411100657_003m_R1.sb,20241110,06:57:57,40.1484,-70.8941,3.3,388.0,0.178028,0.008281
NES-LTER_AE2426_ag_202411100657_003m_R1.sb,20241110,06:57:57,40.1484,-70.8941,3.3,389.0,0.175222,0.008159
NES-LTER_AE2426_ag_202411100657_003m_R1.sb,20241110,06:57:57,40.1484,-70.8941,3.3,390.0,0.172209,0.008028
NES-LTER_AE2426_ag_202411100657_003m_R1.sb,20241110,06:57:57,40.1484,-70.8941,3.3,391.0,0.168897,0.007884
NES-LTER_AE2426_ag_202411100657_003m_R1.sb,20241110,06:57:57,40.1484,-70.8941,3.3,392.0,0.166022,0.007759
NES-LTER_AE2426_ag_202411100657_003m_R1.sb,20241110,06:57:57,40.1484,-70.8941,3.3,393.0,0.163676,0.007657
NES-LTER_AE2426_ag_202411100657_003m_R1.sb,20241110,06:57:57,40.1484,-70.8941,3.3,394.0,0.161123,0.007546
NES-LTER_AE2426_ag_202411100657_003m_R1.sb,20241110,06:57:57,40.1484,-70.8941,3.3,395.0,0.15834,0.007425
NES-LTER_AE2426_ag_202411100657_003m_R1.sb,20241110,06:57:57,40.1484,-70.8941,3.3,396.0,0.156017,0.007324
NES-LTER_AE2426_ag_202411100657_003m_R1.sb,20241110,06:57:57,40.1484,-70.8941,3.3,397.0,0.153717,0.007224
NES-LTER_AE2426_ag_202411100657_003m_R1.sb,20241110,06:57:57,40.1484,-70.8941,3.3,398.0,0.151578,0.007131
NES-LTER_AE2426_ag_202411100657_003m_R1.sb,20241110,06:57:57,40.1484,-70.8941,3.3,399.0,0.149094,0.007023
NES-LTER_AE2426_ag_202411100657_003m_R1.sb,20241110,06:57:57,40.1484,-70.8941,3.3,400.0,0.146955,0.00693
NES-LTER_AE2426_ag_202411100657_003m_R1.sb,20241110,06:57:57,40.1484,-70.8941,3.3,401.0,0.144655,0.00683
NES-LTER_AE2426_ag_202411100657_003m_R1.sb,20241110,06:57:57,40.1484,-70.8941,3.3,402.0,0.142378,0.006731
NES-LTER_AE2426_ag_202411100657_003m_R1.sb,20241110,06:57:57,40.1484,-70.8941,3.3,403.0,0.139986,0.006627
NES-LTER_AE2426_ag_202411100657_003m_R1.sb,20241110,06:57:57,40.1484,-70.8941,3.3,404.0,0.137824,0.006533
NES-LTER_AE2426_ag_202411100657_003m_R1.sb,20241110,06:57:57,40.1484,-70.8941,3.3,405.0,0.135938,0.006451
NES-LTER_AE2426_ag_202411100657_003m_R1.sb,20241110,06:57:57,40.1484,-70.8941,3.3,406.0,0.134282,0.006379
NES-LTER_AE2426_ag_202411100657_003m_R1.sb,20241110,06:57:57,40.1484,-70.8941,3.3,407.0,0.132465,0.0063
NES-LTER_AE2426_ag_202411100657_003m_R1.sb,20241110,06:57:57,40.1484,-70.8941,3.3,408.0,0.130257,0.006204
NES-LTER_AE2426_ag_202411100657_003m_R1.sb,20241110,06:57:57,40.1484,-70.8941,3.3,409.0,0.128095,0.00611
NES-LTER_AE2426_ag_202411100657_003m_R1.sb,20241110,06:57:57,40.1484,-70.8941,3.3,410.0,0.126278,0.006031
NES-LTER_AE2426_ag_202411100657_003m_R1.sb,20241110,06:57:57,40.1484,-70.8941,3.3,411.0,0.124507,0.005954
NES-LTER_AE2426_ag_202411100657_003m_R1.sb,20241110,06:57:57,40.1484,-70.8941,3.3,412.0,0.122529,0.005868
NES-LTER_AE2426_ag_202411100657_003m_R1.sb,20241110,06:57:57,40.1484,-70.8941,3.3,413.0,0.120321,0.005772
NES-LTER_AE2426_ag_202411100657_003m_R1.sb,20241110,06:57:57,40.1484,-70.8941,3.3,414.0,0.118458,0.005691
NES-LTER_AE2426_ag_202411100657_003m_R1.sb,20241110,06:57:57,40.1484,-70.8941,3.3,415.0,0.116595,0.00561
NES-LTER_AE2426_ag_202411100657_003m_R1.sb,20241110,06:57:57,40.1484,-70.8941,3.3,416.0,0.114525,0.00552
NES-LTER_AE2426_ag_202411100657_003m_R1.sb,20241110,06:57:57,40.1484,-70.8941,3.3,417.0,0.112524,0.005433
NES-LTER_AE2426_ag_202411100657_003m_R1.sb,20241110,06:57:57,40.1484,-70.8941,3.3,418.0,0.110592,0.005349
NES-LTER_AE2426_ag_202411100657_003m_R1.sb,20241110,06:57:57,40.1484,-70.8941,3.3,419.0,0.109189,0.005288
NES-LTER_AE2426_ag_202411100657_003m_R1.sb,20241110,06:57:57,40.1484,-70.8941,3.3,420.0,0.107464,0.005213
NES-LTER_AE2426_ag_202411100657_003m_R1.sb,20241110,06:57:57,40.1484,-70.8941,3.3,421.0,0.105739,0.005138
NES-LTER_AE2426_ag_202411100657_003m_R1.sb,20241110,06:57:57,40.1484,-70.8941,3.3,422.0,0.103922,0.005059
NES-LTER_AE2426_ag_202411100657_003m_R1.sb,20241110,06:57:57,40.1484,-70.8941,3.3,423.0,0.101806,0.004967
NES-LTER_AE2426_ag_202411100657_003m_R1.sb,20241110,06:57:57,40.1484,-70.8941,3.3,424.0,0.09992,0.004885
NES-LTER_AE2426_ag_202411100657_003m_R1.sb,20241110,06:57:57,40.1484,-70.8941,3.3,425.0,0.097735,0.00479
NES-LTER_AE2426_ag_202411100657_003m_R1.sb,20241110,06:57:57,40.1484,-70.8941,3.3,426.0,0.095964,0.004713
NES-LTER_AE2426_ag_202411100657_003m_R1.sb,20241110,06:57:57,40.1484,-70.8941,3.3,427.0,0.093894,0.004623
NES-LTER_AE2426_ag_202411100657_003m_R1.sb,20241110,06:57:57,40.1484,-70.8941,3.3,428.0,0.092123,0.004546
NES-LTER_AE2426_ag_202411100657_003m_R1.sb,20241110,06:57:57,40.1484,-70.8941,3.3,429.0,0.090421,0.004472
NES-LTER_AE2426_ag_202411100657_003m_R1.sb,20241110,06:57:57,40.1484,-70.8941,3.3,430.0,0.088627,0.004394
NES-LTER_AE2426_ag_202411100657_003m_R1.sb,20241110,06:57:57,40.1484,-70.8941,3.3,431.0,0.087017,0.004324
NES-LTER_AE2426_ag_202411100657_003m_R1.sb,20241110,06:57:57,40.1484,-70.8941,3.3,432.0,0.085407,0.004254
NES-LTER_AE2426_ag_202411100657_003m_R1.sb,20241110,06:57:57,40.1484,-70.8941,3.3,433.0,0.084142,0.004199
NES-LTER_AE2426_ag_202411100657_003m_R1.sb,20241110,06:57:57,40.1484,-70.8941,3.3,434.0,0.082532,0.004129
NES-LTER_AE2426_ag_202411100657_003m_R1.sb,20241110,06:57:57,40.1484,-70.8941,3.3,435.0,0.081083,0.004066
NES-LTER_AE2426_ag_202411100657_003m_R1.sb,20241110,06:57:57,40.1484,-70.8941,3.3,436.0,0.079427,0.003994
NES-LTER_AE2426_ag_202411100657_003m_R1.sb,20241110,06:57:57,40.1484,-70.8941,3.3,437.0,0.077909,0.003928
NES-LTER_AE2426_ag_202411100657_003m_R1.sb,20241110,06:57:57,40.1484,-70.8941,3.3,438.0,0.076437,0.003864
NES-LTER_AE2426_ag_202411100657_003m_R1.sb,20241110,06:57:57,40.1484,-70.8941,3.3,439.0,0.074942,0.003799
NES-LTER_AE2426_ag_202411100657_003m_R1.sb,20241110,06:57:57,40.1484,-70.8941,3.3,440.0,0.07347,0.003735
NES-LTER_AE2426_ag_202411100657_003m_R1.sb,20241110,06:57:57,40.1484,-70.8941,3.3,441.0,0.071515,0.00365
NES-LTER_AE2426_ag_202411100657_003m_R1.sb,20241110,06:57:57,40.1484,-70.8941,3.3,442.0,0.070227,0.003594
NES-LTER_AE2426_ag_202411100657_003m_R1.sb,20241110,06:57:57,40.1484,-70.8941,3.3,443.0,0.068962,0.003539
NES-LTER_AE2426_ag_202411100657_003m_R1.sb,20241110,06:57:57,40.1484,-70.8941,3.3,444.0,0.067766,0.003487
NES-LTER_AE2426_ag_202411100657_003m_R1.sb,20241110,06:57:57,40.1484,-70.8941,3.3,445.0,0.066662,0.003439
NES-LTER_AE2426_ag_202411100657_003m_R1.sb,20241110,06:57:57,40.1484,-70.8941,3.3,446.0,0.065029,0.003368
NES-LTER_AE2426_ag_202411100657_003m_R1.sb,20241110,06:57:57,40.1484,-70.8941,3.3,447.0,0.064201,0.003332
NES-LTER_AE2426_ag_202411100657_003m_R1.sb,20241110,06:57:57,40.1484,-70.8941,3.3,448.0,0.062844,0.003273
NES-LTER_AE2426_ag_202411100657_003m_R1.sb,20241110,06:57:57,40.1484,-70.8941,3.3,449.0,0.062085,0.00324
NES-LTER_AE2426_ag_202411100657_003m_R1.sb,20241110,06:57:57,40.1484,-70.8941,3.3,450.0,0.060774,0.003183
NES-LTER_AE2426_ag_202411100657_003m_R1.sb,20241110,06:57:57,40.1484,-70.8941,3.3,451.0,0.059509,0.003128
NES-LTER_AE2426_ag_202411100657_003m_R1.sb,20241110,06:57:57,40.1484,-70.8941,3.3,452.0,0.058474,0.003083
NES-LTER_AE2426_ag_202411100657_003m_R1.sb,20241110,06:57:57,40.1484,-70.8941,3.3,453.0,0.057761,0.003052
NES-LTER_AE2426_ag_202411100657_003m_R1.sb,20241110,06:57:57,40.1484,-70.8941,3.3,454.0,0.05668,0.003005
NES-LTER_AE2426_ag_202411100657_003m_R1.sb,20241110,06:57:57,40.1484,-70.8941,3.3,455.0,0.055645,0.00296
NES-LTER_AE2426_ag_202411100657_003m_R1.sb,20241110,06:57:57,40.1484,-70.8941,3.3,456.0,0.054771,0.002922
NES-LTER_AE2426_ag_202411100657_003m_R1.sb,20241110,06:57:57,40.1484,-70.8941,3.3,457.0,0.054012,0.002889
NES-LTER_AE2426_ag_202411100657_003m_R1.sb,20241110,06:57:57,40.1484,-70.8941,3.3,458.0,0.053184,0.002853
NES-LTER_AE2426_ag_202411100657_003m_R1.sb,20241110,06:57:57,40.1484,-70.8941,3.3,459.0,0.052379,0.002818
NES-LTER_AE2426_ag_202411100657_003m_R1.sb,20241110,06:57:57,40.1484,-70.8941,3.3,460.0,0.05162,0.002785
NES-LTER_AE2426_ag_202411100657_003m_R1.sb,20241110,06:57:57,40.1484,-70.8941,3.3,461.0,0.050815,0.00275
NES-LTER_AE2426_ag_202411100657_003m_R1.sb,20241110,06:57:57,40.1484,-70.8941,3.3,462.0,0.049895,0.00271
NES-LTER_AE2426_ag_202411100657_003m_R1.sb,20241110,06:57:57,40.1484,-70.8941,3.3,463.0,0.048929,0.002668
NES-LTER_AE2426_ag_202411100657_003m_R1.sb,20241110,06:57:57,40.1484,-70.8941,3.3,464.0,0.048193,0.002636
NES-LTER_AE2426_ag_202411100657_003m_R1.sb,20241110,06:57:57,40.1484,-70.8941,3.3,465.0,0.046859,0.002578
NES-LTER_AE2426_ag_202411100657_003m_R1.sb,20241110,06:57:57,40.1484,-70.8941,3.3,466.0,0.046123,0.002546
NES-LTER_AE2426_ag_202411100657_003m_R1.sb,20241110,06:57:57,40.1484,-70.8941,3.3,467.0,0.045042,0.002499
NES-LTER_AE2426_ag_202411100657_003m_R1.sb,20241110,06:57:57,40.1484,-70.8941,3.3,468.0,0.044444,0.002473
NES-LTER_AE2426_ag_202411100657_003m_R1.sb,20241110,06:57:57,40.1484,-70.8941,3.3,469.0,0.043593,0.002436
NES-LTER_AE2426_ag_202411100657_003m_R1.sb,20241110,06:57:57,40.1484,-70.8941,3.3,470.0,0.04311,0.002415
NES-LTER_AE2426_ag_202411100657_003m_R1.sb,20241110,06:57:57,40.1484,-70.8941,3.3,471.0,0.042673,0.002396
NES-LTER_AE2426_ag_202411100657_003m_R1.sb,20241110,06:57:57,40.1484,-70.8941,3.3,472.0,0.04196,0.002365
NES-LTER_AE2426_ag_202411100657_003m_R1.sb,20241110,06:57:57,40.1484,-70.8941,3.3,473.0,0.041316,0.002337
NES-LTER_AE2426_ag_202411100657_003m_R1.sb,20241110,06:57:57,40.1484,-70.8941,3.3,474.0,0.040649,0.002308
NES-LTER_AE2426_ag_202411100657_003m_R1.sb,20241110,06:57:57,40.1484,-70.8941,3.3,475.0,0.040097,0.002284
NES-LTER_AE2426_ag_202411100657_003m_R1.sb,20241110,06:57:57,40.1484,-70.8941,3.3,476.0,0.039269,0.002248
NES-LTER_AE2426_ag_202411100657_003m_R1.sb,20241110,06:57:57,40.1484,-70.8941,3.3,477.0,0.038372,0.002209
NES-LTER_AE2426_ag_202411100657_003m_R1.sb,20241110,06:57:57,40.1484,-70.8941,3.3,478.0,0.037866,0.002187
NES-LTER_AE2426_ag_202411100657_003m_R1.sb,20241110,06:57:57,40.1484,-70.8941,3.3,479.0,0.03713,0.002155
NES-LTER_AE2426_ag_202411100657_003m_R1.sb,20241110,06:57:57,40.1484,-70.8941,3.3,480.0,0.036831,0.002142
NES-LTER_AE2426_ag_202411100657_003m_R1.sb,20241110,06:57:57,40.1484,-70.8941,3.3,481.0,0.036233,0.002116
NES-LTER_AE2426_ag_202411100657_003m_R1.sb,20241110,06:57:57,40.1484,-70.8941,3.3,482.0,0.036072,0.002109
NES-LTER_AE2426_ag_202411100657_003m_R1.sb,20241110,06:57:57,40.1484,-70.8941,3.3,483.0,0.035497,0.002084
NES-LTER_AE2426_ag_202411100657_003m_R1.sb,20241110,06:57:57,40.1484,-70.8941,3.3,484.0,0.035244,0.002073
NES-LTER_AE2426_ag_202411100657_003m_R1.sb,20241110,06:57:57,40.1484,-70.8941,3.3,485.0,0.0346,0.002045
NES-LTER_AE2426_ag_202411100657_003m_R1.sb,20241110,06:57:57,40.1484,-70.8941,3.3,486.0,0.034186,0.002027
NES-LTER_AE2426_ag_202411100657_003m_R1.sb,20241110,06:57:57,40.1484,-70.8941,3.3,487.0,0.032921,0.001972
NES-LTER_AE2426_ag_202411100657_003m_R1.sb,20241110,06:57:57,40.1484,-70.8941,3.3,488.0,0.032116,0.001937
NES-LTER_AE2426_ag_202411100657_003m_R1.sb,20241110,06:57:57,40.1484,-70.8941,3.3,489.0,0.031518,0.001911
NES-LTER_AE2426_ag_202411100657_003m_R1.sb,20241110,06:57:57,40.1484,-70.8941,3.3,490.0,0.031472,0.001909
NES-LTER_AE2426_ag_202411100657_003m_R1.sb,20241110,06:57:57,40.1484,-70.8941,3.3,491.0,0.031265,0.0019
NES-LTER_AE2426_ag_202411100657_003m_R1.sb,20241110,06:57:57,40.1484,-70.8941,3.3,492.0,0.030851,0.001882
NES-LTER_AE2426_ag_202411100657_003m_R1.sb,20241110,06:57:57,40.1484,-70.8941,3.3,493.0,0.030115,0.00185
NES-LTER_AE2426_ag_202411100657_003m_R1.sb,20241110,06:57:57,40.1484,-70.8941,3.3,494.0,0.029701,0.001832
NES-LTER_AE2426_ag_202411100657_003m_R1.sb,20241110,06:57:57,40.1484,-70.8941,3.3,495.0,0.028942,0.001799
NES-LTER_AE2426_ag_202411100657_003m_R1.sb,20241110,06:57:57,40.1484,-70.8941,3.3,496.0,0.028689,0.001788
NES-LTER_AE2426_ag_202411100657_003m_R1.sb,20241110,06:57:57,40.1484,-70.8941,3.3,497.0,0.028275,0.00177
NES-LTER_AE2426_ag_202411100657_003m_R1.sb,20241110,06:57:57,40.1484,-70.8941,3.3,498.0,0.027953,0.001756
NES-LTER_AE2426_ag_202411100657_003m_R1.sb,20241110,06:57:57,40.1484,-70.8941,3.3,499.0,0.027654,0.001743
NES-LTER_AE2426_ag_202411100657_003m_R1.sb,20241110,06:57:57,40.1484,-70.8941,3.3,500.0,0.026872,0.001709
NES-LTER_AE2426_ag_202411100657_003m_R1.sb,20241110,06:57:57,40.1484,-70.8941,3.3,501.0,0.026711,0.001702
NES-LTER_AE2426_ag_202411100657_003m_R1.sb,20241110,06:57:57,40.1484,-70.8941,3.3,502.0,0.026182,0.001679
NES-LTER_AE2426_ag_202411100657_003m_R1.sb,20241110,06:57:57,40.1484,-70.8941,3.3,503.0,0.026067,0.001674
NES-LTER_AE2426_ag_202411100657_003m_R1.sb,20241110,06:57:57,40.1484,-70.8941,3.3,504.0,0.025354,0.001643
NES-LTER_AE2426_ag_202411100657_003m_R1.sb,20241110,06:57:57,40.1484,-70.8941,3.3,505.0,0.025009,0.001628
NES-LTER_AE2426_ag_202411100657_003m_R1.sb,20241110,06:57:57,40.1484,-70.8941,3.3,506.0,0.024779,0.001618
NES-LTER_AE2426_ag_202411100657_003m_R1.sb,20241110,06:57:57,40.1484,-70.8941,3.3,507.0,0.02494,0.001625
NES-LTER_AE2426_ag_202411100657_003m_R1.sb,20241110,06:57:57,40.1484,-70.8941,3.3,508.0,0.024457,0.001604
NES-LTER_AE2426_ag_202411100657_003m_R1.sb,20241110,06:57:57,40.1484,-70.8941,3.3,509.0,0.023882,0.001579
NES-LTER_AE2426_ag_202411100657_003m_R1.sb,20241110,06:57:57,40.1484,-70.8941,3.3,510.0,0.023376,0.001557
NES-LTER_AE2426_ag_202411100657_003m_R1.sb,20241110,06:57:57,40.1484,-70.8941,3.3,511.0,0.023146,0.001547
NES-LTER_AE2426_ag_202411100657_003m_R1.sb,20241110,06:57:57,40.1484,-70.8941,3.3,512.0,0.023031,0.001542
NES-LTER_AE2426_ag_202411100657_003m_R1.sb,20241110,06:57:57,40.1484,-70.8941,3.3,513.0,0.022548,0.001521
NES-LTER_AE2426_ag_202411100657_003m_R1.sb,20241110,06:57:57,40.1484,-70.8941,3.3,514.0,0.02218,0.001505
NES-LTER_AE2426_ag_202411100657_003m_R1.sb,20241110,06:57:57,40.1484,-70.8941,3.3,515.0,0.021743,0.001486
NES-LTER_AE2426_ag_202411100657_003m_R1.sb,20241110,06:57:57,40.1484,-70.8941,3.3,516.0,0.021651,0.001482
NES-LTER_AE2426_ag_202411100657_003m_R1.sb,20241110,06:57:57,40.1484,-70.8941,3.3,517.0,0.021559,0.001478
NES-LTER_AE2426_ag_202411100657_003m_R1.sb,20241110,06:57:57,40.1484,-70.8941,3.3,518.0,0.021329,0.001468
NES-LTER_AE2426_ag_202411100657_003m_R1.sb,20241110,06:57:57,40.1484,-70.8941,3.3,519.0,0.021007,0.001454
NES-LTER_AE2426_ag_202411100657_003m_R1.sb,20241110,06:57:57,40.1484,-70.8941,3.3,520.0,0.020823,0.001446
NES-LTER_AE2426_ag_202411100657_003m_R1.sb,20241110,06:57:57,40.1484,-70.8941,3.3,521.0,0.020662,0.001439
NES-LTER_AE2426_ag_202411100657_003m_R1.sb,20241110,06:57:57,40.1484,-70.8941,3.3,522.0,0.020363,0.001426
NES-LTER_AE2426_ag_202411100657_003m_R1.sb,20241110,06:57:57,40.1484,-70.8941,3.3,523.0,0.019811,0.001402
NES-LTER_AE2426_ag_202411100657_003m_R1.sb,20241110,06:57:57,40.1484,-70.8941,3.3,524.0,0.019466,0.001387
NES-LTER_AE2426_ag_202411100657_003m_R1.sb,20241110,06:57:57,40.1484,-70.8941,3.3,525.0,0.019328,0.001381
NES-LTER_AE2426_ag_202411100657_003m_R1.sb,20241110,06:57:57,40.1484,-70.8941,3.3,526.0,0.01919,0.001375
NES-LTER_AE2426_ag_202411100657_003m_R1.sb,20241110,06:57:57,40.1484,-70.8941,3.3,527.0,0.018891,0.001362
NES-LTER_AE2426_ag_202411100657_003m_R1.sb,20241110,06:57:57,40.1484,-70.8941,3.3,528.0,0.018868,0.001361
NES-LTER_AE2426_ag_202411100657_003m_R1.sb,20241110,06:57:57,40.1484,-70.8941,3.3,529.0,0.019144,0.001373
NES-LTER_AE2426_ag_202411100657_003m_R1.sb,20241110,06:57:57,40.1484,-70.8941,3.3,530.0,0.019052,0.001369
NES-LTER_AE2426_ag_202411100657_003m_R1.sb,20241110,06:57:57,40.1484,-70.8941,3.3,531.0,0.018638,0.001351
NES-LTER_AE2426_ag_202411100657_003m_R1.sb,20241110,06:57:57,40.1484,-70.8941,3.3,532.0,0.017833,0.001316
NES-LTER_AE2426_ag_202411100657_003m_R1.sb,20241110,06:57:57,40.1484,-70.8941,3.3,533.0,0.017534,0.001303
NES-LTER_AE2426_ag_202411100657_003m_R1.sb,20241110,06:57:57,40.1484,-70.8941,3.3,534.0,0.017212,0.001289
NES-LTER_AE2426_ag_202411100657_003m_R1.sb,20241110,06:57:57,40.1484,-70.8941,3.3,535.0,0.016867,0.001274
NES-LTER_AE2426_ag_202411100657_003m_R1.sb,20241110,06:57:57,40.1484,-70.8941,3.3,536.0,0.01666,0.001265
NES-LTER_AE2426_ag_202411100657_003m_R1.sb,20241110,06:57:57,40.1484,-70.8941,3.3,537.0,0.016522,0.001259
NES-LTER_AE2426_ag_202411100657_003m_R1.sb,20241110,06:57:57,40.1484,-70.8941,3.3,538.0,0.016637,0.001264
NES-LTER_AE2426_ag_202411100657_003m_R1.sb,20241110,06:57:57,40.1484,-70.8941,3.3,539.0,0.016315,0.00125
NES-LTER_AE2426_ag_202411100657_003m_R1.sb,20241110,06:57:57,40.1484,-70.8941,3.3,540.0,0.016085,0.00124
NES-LTER_AE2426_ag_202411100657_003m_R1.sb,20241110,06:57:57,40.1484,-70.8941,3.3,541.0,0.016016,0.001237
NES-LTER_AE2426_ag_202411100657_003m_R1.sb,20241110,06:57:57,40.1484,-70.8941,3.3,542.0,0.015901,0.001232
NES-LTER_AE2426_ag_202411100657_003m_R1.sb,20241110,06:57:57,40.1484,-70.8941,3.3,543.0,0.015786,0.001227
NES-LTER_AE2426_ag_202411100657_003m_R1.sb,20241110,06:57:57,40.1484,-70.8941,3.3,544.0,0.015464,0.001213
NES-LTER_AE2426_ag_202411100657_003m_R1.sb,20241110,06:57:57,40.1484,-70.8941,3.3,545.0,0.015464,0.001213
NES-LTER_AE2426_ag_202411100657_003m_R1.sb,20241110,06:57:57,40.1484,-70.8941,3.3,546.0,0.015142,0.001199
NES-LTER_AE2426_ag_202411100657_003m_R1.sb,20241110,06:57:57,40.1484,-70.8941,3.3,547.0,0.015165,0.0012
NES-LTER_AE2426_ag_202411100657_003m_R1.sb,20241110,06:57:57,40.1484,-70.8941,3.3,548.0,0.014659,0.001178
NES-LTER_AE2426_ag_202411100657_003m_R1.sb,20241110,06:57:57,40.1484,-70.8941,3.3,549.0,0.014314,0.001163
NES-LTER_AE2426_ag_202411100657_003m_R1.sb,20241110,06:57:57,40.1484,-70.8941,3.3,550.0,0.013762,0.001139
NES-LTER_AE2426_ag_202411100657_003m_R1.sb,20241110,06:57:57,40.1484,-70.8941,3.3,551.0,0.01344,0.001125
NES-LTER_AE2426_ag_202411100657_003m_R1.sb,20241110,06:57:57,40.1484,-70.8941,3.3,552.0,0.013371,0.001122
NES-LTER_AE2426_ag_202411100657_003m_R1.sb,20241110,06:57:57,40.1484,-70.8941,3.3,553.0,0.013118,0.001111
NES-LTER_AE2426_ag_202411100657_003m_R1.sb,20241110,06:57:57,40.1484,-70.8941,3.3,554.0,0.013302,0.001119
NES-LTER_AE2426_ag_202411100657_003m_R1.sb,20241110,06:57:57,40.1484,-70.8941,3.3,555.0,0.013118,0.001111
NES-LTER_AE2426_ag_202411100657_003m_R1.sb,20241110,06:57:57,40.1484,-70.8941,3.3,556.0,0.012888,0.001101
NES-LTER_AE2426_ag_202411100657_003m_R1.sb,20241110,06:57:57,40.1484,-70.8941,3.3,557.0,0.012658,0.001091
NES-LTER_AE2426_ag_202411100657_003m_R1.sb,20241110,06:57:57,40.1484,-70.8941,3.3,558.0,0.012359,0.001078
NES-LTER_AE2426_ag_202411100657_003m_R1.sb,20241110,06:57:57,40.1484,-70.8941,3.3,559.0,0.012313,0.001076
NES-LTER_AE2426_ag_202411100657_003m_R1.sb,20241110,06:57:57,40.1484,-70.8941,3.3,560.0,0.011899,0.001058
NES-LTER_AE2426_ag_202411100657_003m_R1.sb,20241110,06:57:57,40.1484,-70.8941,3.3,561.0,0.011692,0.001049
NES-LTER_AE2426_ag_202411100657_003m_R1.sb,20241110,06:57:57,40.1484,-70.8941,3.3,562.0,0.011416,0.001037
NES-LTER_AE2426_ag_202411100657_003m_R1.sb,20241110,06:57:57,40.1484,-70.8941,3.3,563.0,0.011278,0.001031
NES-LTER_AE2426_ag_202411100657_003m_R1.sb,20241110,06:57:57,40.1484,-70.8941,3.3,564.0,0.011301,0.001032
NES-LTER_AE2426_ag_202411100657_003m_R1.sb,20241110,06:57:57,40.1484,-70.8941,3.3,565.0,0.011462,0.001039
NES-LTER_AE2426_ag_202411100657_003m_R1.sb,20241110,06:57:57,40.1484,-70.8941,3.3,566.0,0.011393,0.001036
NES-LTER_AE2426_ag_202411100657_003m_R1.sb,20241110,06:57:57,40.1484,-70.8941,3.3,567.0,0.011232,0.001029
NES-LTER_AE2426_ag_202411100657_003m_R1.sb,20241110,06:57:57,40.1484,-70.8941,3.3,568.0,0.011025,0.00102
NES-LTER_AE2426_ag_202411100657_003m_R1.sb,20241110,06:57:57,40.1484,-70.8941,3.3,569.0,0.011048,0.001021
NES-LTER_AE2426_ag_202411100657_003m_R1.sb,20241110,06:57:57,40.1484,-70.8941,3.3,570.0,0.011117,0.001024
NES-LTER_AE2426_ag_202411100657_003m_R1.sb,20241110,06:57:57,40.1484,-70.8941,3.3,571.0,0.010956,0.001017
NES-LTER_AE2426_ag_202411100657_003m_R1.sb,20241110,06:57:57,40.1484,-70.8941,3.3,572.0,0.01091,0.001015
NES-LTER_AE2426_ag_202411100657_003m_R1.sb,20241110,06:57:57,40.1484,-70.8941,3.3,573.0,0.01068,0.001005
NES-LTER_AE2426_ag_202411100657_003m_R1.sb,20241110,06:57:57,40.1484,-70.8941,3.3,574.0,0.010634,0.001003
NES-LTER_AE2426_ag_202411100657_003m_R1.sb,20241110,06:57:57,40.1484,-70.8941,3.3,575.0,0.010128,0.000981
NES-LTER_AE2426_ag_202411100657_003m_R1.sb,20241110,06:57:57,40.1484,-70.8941,3.3,576.0,0.009668,0.000961
NES-LTER_AE2426_ag_202411100657_003m_R1.sb,20241110,06:57:57,40.1484,-70.8941,3.3,577.0,0.009162,0.000939
NES-LTER_AE2426_ag_202411100657_003m_R1.sb,20241110,06:57:57,40.1484,-70.8941,3.3,578.0,0.009139,0.000938
NES-LTER_AE2426_ag_202411100657_003m_R1.sb,20241110,06:57:57,40.1484,-70.8941,3.3,579.0,0.0093,0.000945
NES-LTER_AE2426_ag_202411100657_003m_R1.sb,20241110,06:57:57,40.1484,-70.8941,3.3,580.0,0.009139,0.000938
NES-LTER_AE2426_ag_202411100657_003m_R1.sb,20241110,06:57:57,40.1484,-70.8941,3.3,581.0,0.008863,0.000926
NES-LTER_AE2426_ag_202411100657_003m_R1.sb,20241110,06:57:57,40.1484,-70.8941,3.3,582.0,0.008357,0.000904
NES-LTER_AE2426_ag_202411100657_003m_R1.sb,20241110,06:57:57,40.1484,-70.8941,3.3,583.0,0.008311,0.000902
NES-LTER_AE2426_ag_202411100657_003m_R1.sb,20241110,06:57:57,40.1484,-70.8941,3.3,584.0,0.008012,0.000889
NES-LTER_AE2426_ag_202411100657_003m_R1.sb,20241110,06:57:57,40.1484,-70.8941,3.3,585.0,0.007667,0.000874
NES-LTER_AE2426_ag_202411100657_003m_R1.sb,20241110,06:57:57,40.1484,-70.8941,3.3,586.0,0.007276,0.000857
NES-LTER_AE2426_ag_202411100657_003m_R1.sb,20241110,06:57:57,40.1484,-70.8941,3.3,587.0,0.007253,0.000856
NES-LTER_AE2426_ag_202411100657_003m_R1.sb,20241110,06:57:57,40.1484,-70.8941,3.3,588.0,0.007575,0.00087
NES-LTER_AE2426_ag_202411100657_003m_R1.sb,20241110,06:57:57,40.1484,-70.8941,3.3,589.0,0.007598,0.000871
NES-LTER_AE2426_ag_202411100657_003m_R1.sb,20241110,06:57:57,40.1484,-70.8941,3.3,590.0,0.007345,0.00086
NES-LTER_AE2426_ag_202411100657_003m_R1.sb,20241110,06:57:57,40.1484,-70.8941,3.3,591.0,0.006862,0.000839
NES-LTER_AE2426_ag_202411100657_003m_R1.sb,20241110,06:57:57,40.1484,-70.8941,3.3,592.0,0.006747,0.000834
NES-LTER_AE2426_ag_202411100657_003m_R1.sb,20241110,06:57:57,40.1484,-70.8941,3.3,593.0,0.006241,0.000812
NES-LTER_AE2426_ag_202411100657_003m_R1.sb,20241110,06:57:57,40.1484,-70.8941,3.3,594.0,0.006011,0.000802
NES-LTER_AE2426_ag_202411100657_003m_R1.sb,20241110,06:57:57,40.1484,-70.8941,3.3,595.0,0.005275,0.00077
NES-LTER_AE2426_ag_202411100657_003m_R1.sb,20241110,06:57:57,40.1484,-70.8941,3.3,596.0,0.005091,0.000762
NES-LTER_AE2426_ag_202411100657_003m_R1.sb,20241110,06:57:57,40.1484,-70.8941,3.3,597.0,0.004631,0.000742
NES-LTER_AE2426_ag_202411100657_003m_R1.sb,20241110,06:57:57,40.1484,-70.8941,3.3,598.0,0.004309,0.000728
NES-LTER_AE2426_ag_202411100657_003m_R1.sb,20241110,06:57:57,40.1484,-70.8941,3.3,599.0,0.00401,0.000715
NES-LTER_AE2426_ag_202411100657_003m_R1.sb,20241110,06:57:57,40.1484,-70.8941,3.3,600.0,0.003665,0.0007
NES-LTER_AE2426_ag_202411100657_003m_R1.sb,20241110,06:57:57,40.1484,-70.8941,3.3,601.0,0.003481,0.000692
NES-LTER_AE2426_ag_202411100657_003m_R1.sb,20241110,06:57:57,40.1484,-70.8941,3.3,602.0,0.002952,0.000669
NES-LTER_AE2426_ag_202411100657_003m_R1.sb,20241110,06:57:57,40.1484,-70.8941,3.3,603.0,0.002791,0.000662
NES-LTER_AE2426_ag_202411100657_003m_R1.sb,20241110,06:57:57,40.1484,-70.8941,3.3,604.0,0.002998,0.000671
NES-LTER_AE2426_ag_202411100657_003m_R1.sb,20241110,06:57:57,40.1484,-70.8941,3.3,605.0,0.003435,0.00069
NES-LTER_AE2426_ag_202411100657_003m_R1.sb,20241110,06:57:57,40.1484,-70.8941,3.3,606.0,0.003872,0.000709
NES-LTER_AE2426_ag_202411100657_003m_R1.sb,20241110,06:57:57,40.1484,-70.8941,3.3,607.0,0.004194,0.000723
NES-LTER_AE2426_ag_202411100657_003m_R1.sb,20241110,06:57:57,40.1484,-70.8941,3.3,608.0,0.00447,0.000735
NES-LTER_AE2426_ag_202411100657_003m_R1.sb,20241110,06:57:57,40.1484,-70.8941,3.3,609.0,0.0047,0.000745
NES-LTER_AE2426_ag_202411100657_003m_R1.sb,20241110,06:57:57,40.1484,-70.8941,3.3,610.0,0.004723,0.000746
NES-LTER_AE2426_ag_202411100657_003m_R1.sb,20241110,06:57:57,40.1484,-70.8941,3.3,611.0,0.004953,0.000756
NES-LTER_AE2426_ag_202411100657_003m_R1.sb,20241110,06:57:57,40.1484,-70.8941,3.3,612.0,0.004815,0.00075
NES-LTER_AE2426_ag_202411100657_003m_R1.sb,20241110,06:57:57,40.1484,-70.8941,3.3,613.0,0.005045,0.00076
NES-LTER_AE2426_ag_202411100657_003m_R1.sb,20241110,06:57:57,40.1484,-70.8941,3.3,614.0,0.004999,0.000758
NES-LTER_AE2426_ag_202411100657_003m_R1.sb,20241110,06:57:57,40.1484,-70.8941,3.3,615.0,0.005068,0.000761
NES-LTER_AE2426_ag_202411100657_003m_R1.sb,20241110,06:57:57,40.1484,-70.8941,3.3,616.0,0.005045,0.00076
NES-LTER_AE2426_ag_202411100657_003m_R1.sb,20241110,06:57:57,40.1484,-70.8941,3.3,617.0,0.004677,0.000744
NES-LTER_AE2426_ag_202411100657_003m_R1.sb,20241110,06:57:57,40.1484,-70.8941,3.3,618.0,0.004838,0.000751
NES-LTER_AE2426_ag_202411100657_003m_R1.sb,20241110,06:57:57,40.1484,-70.8941,3.3,619.0,0.004677,0.000744
NES-LTER_AE2426_ag_202411100657_003m_R1.sb,20241110,06:57:57,40.1484,-70.8941,3.3,620.0,0.005114,0.000763
NES-LTER_AE2426_ag_202411100657_003m_R1.sb,20241110,06:57:57,40.1484,-70.8941,3.3,621.0,0.005068,0.000761
NES-LTER_AE2426_ag_202411100657_003m_R1.sb,20241110,06:57:57,40.1484,-70.8941,3.3,622.0,0.005229,0.000768
NES-LTER_AE2426_ag_202411100657_003m_R1.sb,20241110,06:57:57,40.1484,-70.8941,3.3,623.0,0.004815,0.00075
NES-LTER_AE2426_ag_202411100657_003m_R1.sb,20241110,06:57:57,40.1484,-70.8941,3.3,624.0,0.004585,0.00074
NES-LTER_AE2426_ag_202411100657_003m_R1.sb,20241110,06:57:57,40.1484,-70.8941,3.3,625.0,0.004355,0.00073
NES-LTER_AE2426_ag_202411100657_003m_R1.sb,20241110,06:57:57,40.1484,-70.8941,3.3,626.0,0.004815,0.00075
NES-LTER_AE2426_ag_202411100657_003m_R1.sb,20241110,06:57:57,40.1484,-70.8941,3.3,627.0,0.004792,0.000749
NES-LTER_AE2426_ag_202411100657_003m_R1.sb,20241110,06:57:57,40.1484,-70.8941,3.3,628.0,0.004746,0.000747
NES-LTER_AE2426_ag_202411100657_003m_R1.sb,20241110,06:57:57,40.1484,-70.8941,3.3,629.0,0.004148,0.000721
NES-LTER_AE2426_ag_202411100657_003m_R1.sb,20241110,06:57:57,40.1484,-70.8941,3.3,630.0,0.00378,0.000705
NES-LTER_AE2426_ag_202411100657_003m_R1.sb,20241110,06:57:57,40.1484,-70.8941,3.3,631.0,0.003573,0.000696
NES-LTER_AE2426_ag_202411100657_003m_R1.sb,20241110,06:57:57,40.1484,-70.8941,3.3,632.0,0.003734,0.000703
NES-LTER_AE2426_ag_202411100657_003m_R1.sb,20241110,06:57:57,40.1484,-70.8941,3.3,633.0,0.003711,0.000702
NES-LTER_AE2426_ag_202411100657_003m_R1.sb,20241110,06:57:57,40.1484,-70.8941,3.3,634.0,0.003757,0.000704
NES-LTER_AE2426_ag_202411100657_003m_R1.sb,20241110,06:57:57,40.1484,-70.8941,3.3,635.0,0.003458,0.000691
NES-LTER_AE2426_ag_202411100657_003m_R1.sb,20241110,06:57:57,40.1484,-70.8941,3.3,636.0,0.003711,0.000702
NES-LTER_AE2426_ag_202411100657_003m_R1.sb,20241110,06:57:57,40.1484,-70.8941,3.3,637.0,0.003596,0.000697
NES-LTER_AE2426_ag_202411100657_003m_R1.sb,20241110,06:57:57,40.1484,-70.8941,3.3,638.0,0.003642,0.000699
NES-LTER_AE2426_ag_202411100657_003m_R1.sb,20241110,06:57:57,40.1484,-70.8941,3.3,639.0,0.003688,0.000701
NES-LTER_AE2426_ag_202411100657_003m_R1.sb,20241110,06:57:57,40.1484,-70.8941,3.3,640.0,0.003458,0.000691
NES-LTER_AE2426_ag_202411100657_003m_R1.sb,20241110,06:57:57,40.1484,-70.8941,3.3,641.0,0.003481,0.000692
NES-LTER_AE2426_ag_202411100657_003m_R1.sb,20241110,06:57:57,40.1484,-70.8941,3.3,642.0,0.003113,0.000676
NES-LTER_AE2426_ag_202411100657_003m_R1.sb,20241110,06:57:57,40.1484,-70.8941,3.3,643.0,0.002998,0.000671
NES-LTER_AE2426_ag_202411100657_003m_R1.sb,20241110,06:57:57,40.1484,-70.8941,3.3,644.0,0.002791,0.000662
NES-LTER_AE2426_ag_202411100657_003m_R1.sb,20241110,06:57:57,40.1484,-70.8941,3.3,645.0,0.002561,0.000652
NES-LTER_AE2426_ag_202411100657_003m_R1.sb,20241110,06:57:57,40.1484,-70.8941,3.3,646.0,0.002561,0.000652
NES-LTER_AE2426_ag_202411100657_003m_R1.sb,20241110,06:57:57,40.1484,-70.8941,3.3,647.0,0.002262,0.000639
NES-LTER_AE2426_ag_202411100657_003m_R1.sb,20241110,06:57:57,40.1484,-70.8941,3.3,648.0,0.002308,0.000641
NES-LTER_AE2426_ag_202411100657_003m_R1.sb,20241110,06:57:57,40.1484,-70.8941,3.3,649.0,0.002032,0.000629
NES-LTER_AE2426_ag_202411100657_003m_R1.sb,20241110,06:57:57,40.1484,-70.8941,3.3,650.0,0.00217,0.000635
NES-LTER_AE2426_ag_202411100657_003m_R1.sb,20241110,06:57:57,40.1484,-70.8941,3.3,651.0,0.001848,0.000621
NES-LTER_AE2426_ag_202411100657_003m_R1.sb,20241110,06:57:57,40.1484,-70.8941,3.3,652.0,0.001848,0.000621
NES-LTER_AE2426_ag_202411100657_003m_R1.sb,20241110,06:57:57,40.1484,-70.8941,3.3,653.0,0.001549,0.000608
NES-LTER_AE2426_ag_202411100657_003m_R1.sb,20241110,06:57:57,40.1484,-70.8941,3.3,654.0,0.001319,0.000598
NES-LTER_AE2426_ag_202411100657_003m_R1.sb,20241110,06:57:57,40.1484,-70.8941,3.3,655.0,0.000813,0.000576
NES-LTER_AE2426_ag_202411100657_003m_R1.sb,20241110,06:57:57,40.1484,-70.8941,3.3,656.0,0.000169,0.000548
NES-LTER_AE2426_ag_202411100657_003m_R1.sb,20241110,06:57:57,40.1484,-70.8941,3.3,657.0,3.1e-05,0.000542
NES-LTER_AE2426_ag_202411100657_003m_R1.sb,20241110,06:57:57,40.1484,-70.8941,3.3,658.0,-0.000613,0.000514
NES-LTER_AE2426_ag_202411100657_003m_R1.sb,20241110,06:57:57,40.1484,-70.8941,3.3,659.0,-0.00059,0.000515
NES-LTER_AE2426_ag_202411100657_003m_R1.sb,20241110,06:57:57,40.1484,-70.8941,3.3,660.0,-0.000659,0.000512
NES-LTER_AE2426_ag_202411100657_003m_R1.sb,20241110,06:57:57,40.1484,-70.8941,3.3,661.0,-0.000498,0.000519
NES-LTER_AE2426_ag_202411100657_003m_R1.sb,20241110,06:57:57,40.1484,-70.8941,3.3,662.0,-0.000475,0.00052
NES-LTER_AE2426_ag_202411100657_003m_R1.sb,20241110,06:57:57,40.1484,-70.8941,3.3,663.0,-0.00036,0.000525
NES-LTER_AE2426_ag_202411100657_003m_R1.sb,20241110,06:57:57,40.1484,-70.8941,3.3,664.0,-0.000268,0.000529
NES-LTER_AE2426_ag_202411100657_003m_R1.sb,20241110,06:57:57,40.1484,-70.8941,3.3,665.0,0.000238,0.000551
NES-LTER_AE2426_ag_202411100657_003m_R1.sb,20241110,06:57:57,40.1484,-70.8941,3.3,666.0,0.000307,0.000554
NES-LTER_AE2426_ag_202411100657_003m_R1.sb,20241110,06:57:57,40.1484,-70.8941,3.3,667.0,0.000583,0.000566
NES-LTER_AE2426_ag_202411100657_003m_R1.sb,20241110,06:57:57,40.1484,-70.8941,3.3,668.0,0.000399,0.000558
NES-LTER_AE2426_ag_202411100657_003m_R1.sb,20241110,06:57:57,40.1484,-70.8941,3.3,669.0,0.000376,0.000557
NES-LTER_AE2426_ag_202411100657_003m_R1.sb,20241110,06:57:57,40.1484,-70.8941,3.3,670.0,0.000353,0.000556
NES-LTER_AE2426_ag_202411100657_003m_R1.sb,20241110,06:57:57,40.1484,-70.8941,3.3,671.0,0.000307,0.000554
NES-LTER_AE2426_ag_202411100657_003m_R1.sb,20241110,06:57:57,40.1484,-70.8941,3.3,672.0,3.1e-05,0.000542
NES-LTER_AE2426_ag_202411100657_003m_R1.sb,20241110,06:57:57,40.1484,-70.8941,3.3,673.0,-0.000291,0.000528
NES-LTER_AE2426_ag_202411100657_003m_R1.sb,20241110,06:57:57,40.1484,-70.8941,3.3,674.0,-0.000682,0.000511
NES-LTER_AE2426_ag_202411100657_003m_R1.sb,20241110,06:57:57,40.1484,-70.8941,3.3,675.0,-0.001073,0.000494
NES-LTER_AE2426_ag_202411100657_003m_R1.sb,20241110,06:57:57,40.1484,-70.8941,3.3,676.0,-0.001234,0.000487
NES-LTER_AE2426_ag_202411100657_003m_R1.sb,20241110,06:57:57,40.1484,-70.8941,3.3,677.0,-0.001556,0.000473
NES-LTER_AE2426_ag_202411100657_003m_R1.sb,20241110,06:57:57,40.1484,-70.8941,3.3,678.0,-0.001395,0.00048
NES-LTER_AE2426_ag_202411100657_003m_R1.sb,20241110,06:57:57,40.1484,-70.8941,3.3,679.0,-0.001579,0.000472
NES-LTER_AE2426_ag_202411100657_003m_R1.sb,20241110,06:57:57,40.1484,-70.8941,3.3,680.0,-0.001648,0.000469
NES-LTER_AE2426_ag_202411100657_003m_R1.sb,20241110,06:57:57,40.1484,-70.8941,3.3,681.0,-0.002039,0.000452
NES-LTER_AE2426_ag_202411100657_003m_R1.sb,20241110,06:57:57,40.1484,-70.8941,3.3,682.0,-0.002085,0.00045
NES-LTER_AE2426_ag_202411100657_003m_R1.sb,20241110,06:57:57,40.1484,-70.8941,3.3,683.0,-0.002384,0.000437
NES-LTER_AE2426_ag_202411100657_003m_R1.sb,20241110,06:57:57,40.1484,-70.8941,3.3,684.0,-0.002453,0.000434
NES-LTER_AE2426_ag_202411100657_003m_R1.sb,20241110,06:57:57,40.1484,-70.8941,3.3,685.0,-0.002614,0.000427
NES-LTER_AE2426_ag_202411100657_003m_R1.sb,20241110,06:57:57,40.1484,-70.8941,3.3,686.0,-0.00289,0.000415
NES-LTER_AE2426_ag_202411100657_003m_R1.sb,20241110,06:57:57,40.1484,-70.8941,3.3,687.0,-0.002752,0.000421
NES-LTER_AE2426_ag_202411100657_003m_R1.sb,20241110,06:57:57,40.1484,-70.8941,3.3,688.0,-0.003097,0.000406
NES-LTER_AE2426_ag_202411100657_003m_R1.sb,20241110,06:57:57,40.1484,-70.8941,3.3,689.0,-0.003189,0.000402
NES-LTER_AE2426_ag_202411100657_003m_R1.sb,20241110,06:57:57,40.1484,-70.8941,3.3,690.0,-0.003879,0.000372
NES-LTER_AE2426_ag_202411100657_003m_R1.sb,20241110,06:57:57,40.1484,-70.8941,3.3,691.0,-0.004316,0.000353
NES-LTER_AE2426_ag_202411100657_003m_R1.sb,20241110,06:57:57,40.1484,-70.8941,3.3,692.0,-0.00496,0.000325
NES-LTER_AE2426_ag_202411100657_003m_R1.sb,20241110,06:57:57,40.1484,-70.8941,3.3,693.0,-0.005788,0.000289
NES-LTER_AE2426_ag_202411100657_003m_R1.sb,20241110,06:57:57,40.1484,-70.8941,3.3,694.0,-0.00634,0.000265
NES-LTER_AE2426_ag_202411100657_003m_R1.sb,20241110,06:57:57,40.1484,-70.8941,3.3,695.0,-0.006501,0.000258
NES-LTER_AE2426_ag_202411100657_003m_R1.sb,20241110,06:57:57,40.1484,-70.8941,3.3,696.0,-0.006593,0.000254
NES-LTER_AE2426_ag_202411100657_003m_R1.sb,20241110,06:57:57,40.1484,-70.8941,3.3,697.0,-0.007007,0.000236
NES-LTER_AE2426_ag_202411100657_003m_R1.sb,20241110,06:57:57,40.1484,-70.8941,3.3,698.0,-0.007513,0.000214
NES-LTER_AE2426_ag_202411100657_003m_R1.sb,20241110,06:57:57,40.1484,-70.8941,3.3,699.0,-0.007858,0.000199
NES-LTER_AE2426_ag_202411100657_003m_R1.sb,20241110,06:57:57,40.1484,-70.8941,3.3,700.0,-0.008019,0.000192
NES-LTER_AE2426_ag_202411100657_003m_R1.sb,20241110,06:57:57,40.1484,-70.8941,3.3,701.0,-0.008525,0.00017
NES-LTER_AE2426_ag_202411100657_003m_R1.sb,20241110,06:57:57,40.1484,-70.8941,3.3,702.0,-0.009238,0.000139
NES-LTER_AE2426_ag_202411100657_003m_R1.sb,20241110,06:57:57,40.1484,-70.8941,3.3,703.0,-0.009928,0.000109
NES-LTER_AE2426_ag_202411100657_003m_R1.sb,20241110,06:57:57,40.1484,-70.8941,3.3,704.0,-0.010457,8.6e-05
NES-LTER_AE2426_ag_202411100657_003m_R1.sb,20241110,06:57:57,40.1484,-70.8941,3.3,705.0,-0.011055,6e-05
NES-LTER_AE2426_ag_202411100657_003m_R1.sb,20241110,06:57:57,40.1484,-70.8941,3.3,706.0,-0.01163,3.5e-05
NES-LTER_AE2426_ag_202411100657_003m_R1.sb,20241110,06:57:57,40.1484,-70.8941,3.3,707.0,-0.012159,1.2e-05
NES-LTER_AE2426_ag_202411100657_003m_R1.sb,20241110,06:57:57,40.1484,-70.8941,3.3,708.0,-0.01278,-1.5e-05
NES-LTER_AE2426_ag_202411100657_003m_R1.sb,20241110,06:57:57,40.1484,-70.8941,3.3,709.0,-0.013585,-5e-05
NES-LTER_AE2426_ag_202411100657_003m_R1.sb,20241110,06:57:57,40.1484,-70.8941,3.3,710.0,-0.01439,-8.5e-05
NES-LTER_AE2426_ag_202411100657_003m_R1.sb,20241110,06:57:57,40.1484,-70.8941,3.3,711.0,-0.015034,-0.000113
NES-LTER_AE2426_ag_202411100657_003m_R1.sb,20241110,06:57:57,40.1484,-70.8941,3.3,712.0,-0.015954,-0.000153
NES-LTER_AE2426_ag_202411100657_003m_R1.sb,20241110,06:57:57,40.1484,-70.8941,3.3,713.0,-0.016828,-0.000191
NES-LTER_AE2426_ag_202411100657_003m_R1.sb,20241110,06:57:57,40.1484,-70.8941,3.3,714.0,-0.01807,-0.000245
NES-LTER_AE2426_ag_202411100657_003m_R1.sb,20241110,06:57:57,40.1484,-70.8941,3.3,715.0,-0.018714,-0.000273
NES-LTER_AE2426_ag_202411100657_003m_R1.sb,20241110,06:57:57,40.1484,-70.8941,3.3,716.0,-0.019519,-0.000308
NES-LTER_AE2426_ag_202411100657_003m_R1.sb,20241110,06:57:57,40.1484,-70.8941,3.3,717.0,-0.020623,-0.000356
NES-LTER_AE2426_ag_202411100657_003m_R1.sb,20241110,06:57:57,40.1484,-70.8941,3.3,718.0,-0.022072,-0.000419
NES-LTER_AE2426_ag_202411100657_003m_R1.sb,20241110,06:57:57,40.1484,-70.8941,3.3,719.0,-0.023107,-0.000464
NES-LTER_AE2426_ag_202411100657_003m_R1.sb,20241110,06:57:57,40.1484,-70.8941,3.3,720.0,-0.023452,-0.000479
NES-LTER_AE2426_ag_202411100657_003m_R1.sb,20241110,06:57:57,40.1484,-70.8941,3.3,721.0,-0.023935,-0.0005
NES-LTER_AE2426_ag_202411100657_003m_R1.sb,20241110,06:57:57,40.1484,-70.8941,3.3,722.0,-0.025062,-0.000549
NES-LTER_AE2426_ag_202411100657_003m_R1.sb,20241110,06:57:57,40.1484,-70.8941,3.3,723.0,-0.026189,-0.000598
NES-LTER_AE2426_ag_202411100657_003m_R1.sb,20241110,06:57:57,40.1484,-70.8941,3.3,724.0,-0.027316,-0.000647
NES-LTER_AE2426_ag_202411100657_003m_R1.sb,20241110,06:57:57,40.1484,-70.8941,3.3,725.0,-0.029018,-0.000721
NES-LTER_AE2426_ag_202411100657_003m_R1.sb,20241110,06:57:57,40.1484,-70.8941,3.3,726.0,-0.030743,-0.000796
NES-LTER_AE2426_ag_202411100657_003m_R1.sb,20241110,06:57:57,40.1484,-70.8941,3.3,727.0,-0.033043,-0.000896
NES-LTER_AE2426_ag_202411100657_003m_R1.sb,20241110,06:57:57,40.1484,-70.8941,3.3,728.0,-0.035458,-0.001001
NES-LTER_AE2426_ag_202411100657_003m_R1.sb,20241110,06:57:57,40.1484,-70.8941,3.3,729.0,-0.039207,-0.001164
NES-LTER_AE2426_ag_202411100657_003m_R1.sb,20241110,06:57:57,40.1484,-70.8941,3.3,730.0,-0.04245,-0.001305
NES-LTER_AE2426_ag_202411100657_003m_R1.sb,20241110,06:57:57,40.1484,-70.8941,3.3,731.0,-0.045716,-0.001447
NES-LTER_AE2426_ag_202411100657_003m_R1.sb,20241110,06:57:57,40.1484,-70.8941,3.3,732.0,-0.048016,-0.001547
NES-LTER_AE2426_ag_202411100657_003m_R1.sb,20241110,06:57:57,40.1484,-70.8941,3.3,733.0,-0.050247,-0.001644
NES-LTER_AE2426_ag_202411100657_003m_R1.sb,20241110,06:57:57,40.1484,-70.8941,3.3,734.0,-0.050891,-0.001672
NES-LTER_AE2426_ag_202411100657_003m_R1.sb,20241110,06:57:57,40.1484,-70.8941,3.3,735.0,-0.050546,-0.001657
NES-LTER_AE2426_ag_202411100657_003m_R1.sb,20241110,06:57:57,40.1484,-70.8941,3.3,736.0,-0.049028,-0.001591
NES-LTER_AE2426_ag_202411100657_003m_R1.sb,20241110,06:57:57,40.1484,-70.8941,3.3,737.0,-0.046912,-0.001499
NES-LTER_AE2426_ag_202411100657_003m_R1.sb,20241110,06:57:57,40.1484,-70.8941,3.3,738.0,-0.043646,-0.001357
NES-LTER_AE2426_ag_202411100657_003m_R1.sb,20241110,06:57:57,40.1484,-70.8941,3.3,739.0,-0.040127,-0.001204
NES-LTER_AE2426_ag_202411100657_003m_R1.sb,20241110,06:57:57,40.1484,-70.8941,3.3,740.0,-0.036332,-0.001039
NES-LTER_AE2426_ag_202411100657_003m_R1.sb,20241110,06:57:57,40.1484,-70.8941,3.3,741.0,-0.032905,-0.00089
NES-LTER_AE2426_ag_202411100657_003m_R1.sb,20241110,06:57:57,40.1484,-70.8941,3.3,742.0,-0.029478,-0.000741
NES-LTER_AE2426_ag_202411100657_003m_R1.sb,20241110,06:57:57,40.1484,-70.8941,3.3,743.0,-0.026028,-0.000591
NES-LTER_AE2426_ag_202411100657_003m_R1.sb,20241110,06:57:57,40.1484,-70.8941,3.3,744.0,-0.023084,-0.000463
NES-LTER_AE2426_ag_202411100657_003m_R1.sb,20241110,06:57:57,40.1484,-70.8941,3.3,745.0,-0.019956,-0.000327
NES-LTER_AE2426_ag_202411100657_003m_R1.sb,20241110,06:57:57,40.1484,-70.8941,3.3,746.0,-0.017794,-0.000233
NES-LTER_AE2426_ag_202411100657_003m_R1.sb,20241110,06:57:57,40.1484,-70.8941,3.3,747.0,-0.015448,-0.000131
NES-LTER_AE2426_ag_202411100657_003m_R1.sb,20241110,06:57:57,40.1484,-70.8941,3.3,748.0,-0.013309,-3.8e-05
NES-LTER_AE2426_ag_202411100657_003m_R1.sb,20241110,06:57:57,40.1484,-70.8941,3.3,749.0,-0.011423,4.4e-05
NES-LTER_AE2426_ag_202411100657_003m_R1.sb,20241110,06:57:57,40.1484,-70.8941,3.3,750.0,-0.009813,0.000114
NES-LTER_AE2426_ag_202411100657_003m_R1.sb,20241110,06:57:57,40.1484,-70.8941,3.3,751.0,-0.008479,0.000172
NES-LTER_AE2426_ag_202411100657_003m_R1.sb,20241110,06:57:57,40.1484,-70.8941,3.3,752.0,-0.00703,0.000235
NES-LTER_AE2426_ag_202411100657_003m_R1.sb,20241110,06:57:57,40.1484,-70.8941,3.3,753.0,-0.005328,0.000309
NES-LTER_AE2426_ag_202411100657_003m_R1.sb,20241110,06:57:57,40.1484,-70.8941,3.3,754.0,-0.004017,0.000366
NES-LTER_AE2426_ag_202411100657_003m_R1.sb,20241110,06:57:57,40.1484,-70.8941,3.3,755.0,-0.002913,0.000414
NES-LTER_AE2426_ag_202411100657_003m_R1.sb,20241110,06:57:57,40.1484,-70.8941,3.3,756.0,-0.002338,0.000439
NES-LTER_AE2426_ag_202411100657_003m_R1.sb,20241110,06:57:57,40.1484,-70.8941,3.3,757.0,-0.001671,0.000468
NES-LTER_AE2426_ag_202411100657_003m_R1.sb,20241110,06:57:57,40.1484,-70.8941,3.3,758.0,-0.00059,0.000515
NES-LTER_AE2426_ag_202411100657_003m_R1.sb,20241110,06:57:57,40.1484,-70.8941,3.3,759.0,0.000376,0.000557
NES-LTER_AE2426_ag_202411100657_003m_R1.sb,20241110,06:57:57,40.1484,-70.8941,3.3,760.0,0.000928,0.000581
NES-LTER_AE2426_ag_202411100657_003m_R1.sb,20241110,06:57:57,40.1484,-70.8941,3.3,761.0,0.001319,0.000598
NES-LTER_AE2426_ag_202411100657_003m_R1.sb,20241110,06:57:57,40.1484,-70.8941,3.3,762.0,0.001756,0.000617
NES-LTER_AE2426_ag_202411100657_003m_R1.sb,20241110,06:57:57,40.1484,-70.8941,3.3,763.0,0.002308,0.000641
NES-LTER_AE2426_ag_202411100657_003m_R1.sb,20241110,06:57:57,40.1484,-70.8941,3.3,764.0,0.002975,0.00067
NES-LTER_AE2426_ag_202411100657_003m_R1.sb,20241110,06:57:57,40.1484,-70.8941,3.3,765.0,0.003711,0.000702
NES-LTER_AE2426_ag_202411100657_003m_R1.sb,20241110,06:57:57,40.1484,-70.8941,3.3,766.0,0.004217,0.000724
NES-LTER_AE2426_ag_202411100657_003m_R1.sb,20241110,06:57:57,40.1484,-70.8941,3.3,767.0,0.004516,0.000737
NES-LTER_AE2426_ag_202411100657_003m_R1.sb,20241110,06:57:57,40.1484,-70.8941,3.3,768.0,0.004907,0.000754
NES-LTER_AE2426_ag_202411100657_003m_R1.sb,20241110,06:57:57,40.1484,-70.8941,3.3,769.0,0.005114,0.000763
NES-LTER_AE2426_ag_202411100657_003m_R1.sb,20241110,06:57:57,40.1484,-70.8941,3.3,770.0,0.005367,0.000774
NES-LTER_AE2426_ag_202411100657_003m_R1.sb,20241110,06:57:57,40.1484,-70.8941,3.3,771.0,0.005459,0.000778
NES-LTER_AE2426_ag_202411100657_003m_R1.sb,20241110,06:57:57,40.1484,-70.8941,3.3,772.0,0.005942,0.000799
NES-LTER_AE2426_ag_202411100657_003m_R1.sb,20241110,06:57:57,40.1484,-70.8941,3.3,773.0,0.006793,0.000836
NES-LTER_AE2426_ag_202411100657_003m_R1.sb,20241110,06:57:57,40.1484,-70.8941,3.3,774.0,0.007138,0.000851
NES-LTER_AE2426_ag_202411100657_003m_R1.sb,20241110,06:57:57,40.1484,-70.8941,3.3,775.0,0.007299,0.000858
NES-LTER_AE2426_ag_202411100657_003m_R1.sb,20241110,06:57:57,40.1484,-70.8941,3.3,776.0,0.007184,0.000853
NES-LTER_AE2426_ag_202411100657_003m_R1.sb,20241110,06:57:57,40.1484,-70.8941,3.3,777.0,0.007253,0.000856
NES-LTER_AE2426_ag_202411100657_003m_R1.sb,20241110,06:57:57,40.1484,-70.8941,3.3,778.0,0.007322,0.000859
NES-LTER_AE2426_ag_202411100657_003m_R1.sb,20241110,06:57:57,40.1484,-70.8941,3.3,779.0,0.007023,0.000846
NES-LTER_AE2426_ag_202411100657_003m_R1.sb,20241110,06:57:57,40.1484,-70.8941,3.3,780.0,0.006908,0.000841
NES-LTER_AE2426_ag_202411100657_003m_R1.sb,20241110,06:57:57,40.1484,-70.8941,3.3,781.0,0.007115,0.00085
NES-LTER_AE2426_ag_202411100657_003m_R1.sb,20241110,06:57:57,40.1484,-70.8941,3.3,782.0,0.006839,0.000838
NES-LTER_AE2426_ag_202411100657_003m_R1.sb,20241110,06:57:57,40.1484,-70.8941,3.3,783.0,0.006563,0.000826
NES-LTER_AE2426_ag_202411100657_003m_R1.sb,20241110,06:57:57,40.1484,-70.8941,3.3,784.0,0.006103,0.000806
NES-LTER_AE2426_ag_202411100657_003m_R1.sb,20241110,06:57:57,40.1484,-70.8941,3.3,785.0,0.006103,0.000806
NES-LTER_AE2426_ag_202411100657_003m_R1.sb,20241110,06:57:57,40.1484,-70.8941,3.3,786.0,0.005965,0.0008
NES-LTER_AE2426_ag_202411100657_003m_R1.sb,20241110,06:57:57,40.1484,-70.8941,3.3,787.0,0.005942,0.000799
NES-LTER_AE2426_ag_202411100657_003m_R1.sb,20241110,06:57:57,40.1484,-70.8941,3.3,788.0,0.005436,0.000777
NES-LTER_AE2426_ag_202411100657_003m_R1.sb,20241110,06:57:57,40.1484,-70.8941,3.3,789.0,0.005183,0.000766
NES-LTER_AE2426_ag_202411100657_003m_R1.sb,20241110,06:57:57,40.1484,-70.8941,3.3,790.0,0.004792,0.000749
NES-LTER_AE2426_ag_202411100657_003m_R1.sb,20241110,06:57:57,40.1484,-70.8941,3.3,791.0,0.00447,0.000735
NES-LTER_AE2426_ag_202411100657_003m_R1.sb,20241110,06:57:57,40.1484,-70.8941,3.3,792.0,0.00378,0.000705
NES-LTER_AE2426_ag_202411100657_003m_R1.sb,20241110,06:57:57,40.1484,-70.8941,3.3,793.0,0.002929,0.000668
NES-LTER_AE2426_ag_202411100657_003m_R1.sb,20241110,06:57:57,40.1484,-70.8941,3.3,794.0,0.002354,0.000643
NES-LTER_AE2426_ag_202411100657_003m_R1.sb,20241110,06:57:57,40.1484,-70.8941,3.3,795.0,0.001595,0.00061
NES-LTER_AE2426_ag_202411100657_003m_R1.sb,20241110,06:57:57,40.1484,-70.8941,3.3,796.0,0.000629,0.000568
NES-LTER_AE2426_ag_202411100657_003m_R1.sb,20241110,06:57:57,40.1484,-70.8941,3.3,797.0,-0.000222,0.000531
NES-LTER_AE2426_ag_202411100657_003m_R1.sb,20241110,06:57:57,40.1484,-70.8941,3.3,798.0,-0.001142,0.000491
NES-LTER_AE2426_ag_202411100657_003m_R1.sb,20241110,06:57:57,40.1484,-70.8941,3.3,799.0,-0.001694,0.000467
NES-LTER_AE2426_ag_202411100657_003m_R1.sb,20241110,06:57:57,40.1484,-70.8941,3.3,800.0,-0.002683,0.000424
NES-LTER_AE2426_ag_202411100657_003m_R1.sb,20241110,06:57:57,40.1484,-70.8941,3.3,801.0,-0.003764,0.000377
NES-LTER_AE2426_ag_202411100657_003m_R1.sb,20241110,06:57:57,40.1484,-70.8941,3.3,802.0,-0.005052,0.000321
NES-LTER_AE2426_ag_202411100657_003m_R1.sb,20241110,06:57:57,40.1484,-70.8941,3.3,803.0,-0.006179,0.000272
NES-LTER_AE2426_ag_202411100657_003m_R1.sb,20241110,06:57:57,40.1484,-70.8941,3.3,804.0,-0.006892,0.000241
NES-LTER_AE2426_ag_202411100657_003m_R1.sb,20241110,06:57:57,40.1484,-70.8941,3.3,805.0,-0.008318,0.000179
NES-LTER_AE2426_ag_202411100657_003m_R1.sb,20241110,06:57:57,40.1484,-70.8941,3.3,806.0,-0.009652,0.000121
NES-LTER_AE2426_ag_202411100657_003m_R1.sb,20241110,06:57:57,40.1484,-70.8941,3.3,807.0,-0.011124,5.7e-05
NES-LTER_AE2426_ag_202411100657_003m_R1.sb,20241110,06:57:57,40.1484,-70.8941,3.3,808.0,-0.012619,-8e-06
NES-LTER_AE2426_ag_202411100657_003m_R1.sb,20241110,06:57:57,40.1484,-70.8941,3.3,809.0,-0.013815,-6e-05
NES-LTER_AE2426_ag_202411100657_003m_R1.sb,20241110,06:57:57,40.1484,-70.8941,3.3,810.0,-0.015609,-0.000138
NES-LTER_AE2426_ag_202411100657_003m_R1.sb,20241110,06:57:57,40.1484,-70.8941,3.3,811.0,-0.01692,-0.000195
NES-LTER_AE2426_ag_202411100657_003m_R1.sb,20241110,06:57:57,40.1484,-70.8941,3.3,812.0,-0.018714,-0.000273
NES-LTER_AE2426_ag_202411100657_003m_R1.sb,20241110,06:57:57,40.1484,-70.8941,3.3,813.0,-0.019772,-0.000319
NES-LTER_AE2426_ag_202411100657_003m_R1.sb,20241110,06:57:57,40.1484,-70.8941,3.3,814.0,-0.0206,-0.000355
NES-LTER_AE2426_ag_202411100657_003m_R1.sb,20241110,06:57:57,40.1484,-70.8941,3.3,815.0,-0.021428,-0.000391
NES-LTER_AE2426_ag_202411100657_003m_R1.sb,20241110,06:57:57,40.1484,-70.8941,3.3,816.0,-0.022164,-0.000423
NES-LTER_AE2426_ag_202411100657_003m_R1.sb,20241110,06:57:57,40.1484,-70.8941,3.3,817.0,-0.023935,-0.0005
NES-LTER_AE2426_ag_202411100657_003m_R1.sb,20241110,06:57:57,40.1484,-70.8941,3.3,818.0,-0.025798,-0.000581
NES-LTER_AE2426_ag_202411100657_003m_R1.sb,20241110,06:57:57,40.1484,-70.8941,3.3,819.0,-0.027592,-0.000659
NES-LTER_AE2426_ag_202411100657_003m_R1.sb,20241110,06:57:57,40.1484,-70.8941,3.3,820.0,-0.029317,-0.000734
NES-LTER_AE2426_ag_202411100657_003m_R1.sb,20241110,06:57:57,40.1484,-70.8941,3.3,821.0,-0.031203,-0.000816
NES-LTER_AE2426_ag_202411100657_003m_R1.sb,20241110,06:57:57,40.1484,-70.8941,3.3,822.0,-0.033779,-0.000928
NES-LTER_AE2426_ag_202411100657_003m_R1.sb,20241110,06:57:57,40.1484,-70.8941,3.3,823.0,-0.036769,-0.001058
NES-LTER_AE2426_ag_202411100657_003m_R1.sb,20241110,06:57:57,40.1484,-70.8941,3.3,824.0,-0.040541,-0.001222
NES-LTER_AE2426_ag_202411100657_003m_R1.sb,20241110,06:57:57,40.1484,-70.8941,3.3,825.0,-0.044865,-0.00141
NES-LTER_AE2426_ag_202411100657_003m_R1.sb,20241110,06:57:57,40.1484,-70.8941,3.3,826.0,-0.049304,-0.001603
NES-LTER_AE2426_ag_202411100657_003m_R1.sb,20241110,06:57:57,40.1484,-70.8941,3.3,827.0,-0.054433,-0.001826
NES-LTER_AE2426_ag_202411100657_003m_R1.sb,20241110,06:57:57,40.1484,-70.8941,3.3,828.0,-0.059907,-0.002064
NES-LTER_AE2426_ag_202411100657_003m_R1.sb,20241110,06:57:57,40.1484,-70.8941,3.3,829.0,-0.064599,-0.002268
NES-LTER_AE2426_ag_202411100657_003m_R1.sb,20241110,06:57:57,40.1484,-70.8941,3.3,830.0,-0.067727,-0.002404
NES-LTER_AE2426_ag_202411100657_003m_R1.sb,20241110,06:57:57,40.1484,-70.8941,3.3,831.0,-0.07028,-0.002515
NES-LTER_AE2426_ag_202411100657_003m_R1.sb,20241110,06:57:57,40.1484,-70.8941,3.3,832.0,-0.071154,-0.002553
NES-LTER_AE2426_ag_202411100657_003m_R1.sb,20241110,06:57:57,40.1484,-70.8941,3.3,833.0,-0.070648,-0.002531
NES-LTER_AE2426_ag_202411100657_003m_R1.sb,20241110,06:57:57,40.1484,-70.8941,3.3,834.0,-0.067819,-0.002408
NES-LTER_AE2426_ag_202411100657_003m_R1.sb,20241110,06:57:57,40.1484,-70.8941,3.3,835.0,-0.065197,-0.002294
NES-LTER_AE2426_ag_202411100657_003m_R1.sb,20241110,06:57:57,40.1484,-70.8941,3.3,836.0,-0.061954,-0.002153
NES-LTER_AE2426_ag_202411100657_003m_R1.sb,20241110,06:57:57,40.1484,-70.8941,3.3,837.0,-0.058228,-0.001991
NES-LTER_AE2426_ag_202411100657_003m_R1.sb,20241110,06:57:57,40.1484,-70.8941,3.3,838.0,-0.054019,-0.001808
NES-LTER_AE2426_ag_202411100657_003m_R1.sb,20241110,06:57:57,40.1484,-70.8941,3.3,839.0,-0.049511,-0.001612
NES-LTER_AE2426_ag_202411100657_003m_R1.sb,20241110,06:57:57,40.1484,-70.8941,3.3,840.0,-0.046314,-0.001473
NES-LTER_AE2426_ag_202411100657_003m_R1.sb,20241110,06:57:57,40.1484,-70.8941,3.3,841.0,-0.043416,-0.001347
NES-LTER_AE2426_ag_202411100657_003m_R1.sb,20241110,06:57:57,40.1484,-70.8941,3.3,842.0,-0.041967,-0.001284
NES-LTER_AE2426_ag_202411100657_003m_R1.sb,20241110,06:57:57,40.1484,-70.8941,3.3,843.0,-0.039414,-0.001173
NES-LTER_AE2426_ag_202411100657_003m_R1.sb,20241110,06:57:57,40.1484,-70.8941,3.3,844.0,-0.037298,-0.001081
NES-LTER_AE2426_ag_202411100657_003m_R1.sb,20241110,06:57:57,40.1484,-70.8941,3.3,845.0,-0.035159,-0.000988
NES-LTER_AE2426_ag_202411100657_003m_R1.sb,20241110,06:57:57,40.1484,-70.8941,3.3,846.0,-0.035021,-0.000982
NES-LTER_AE2426_ag_202411100657_003m_R1.sb,20241110,06:57:57,40.1484,-70.8941,3.3,847.0,-0.033825,-0.00093
NES-LTER_AE2426_ag_202411100657_003m_R1.sb,20241110,06:57:57,40.1484,-70.8941,3.3,848.0,-0.031732,-0.000839
NES-LTER_AE2426_ag_202411100657_003m_R1.sb,20241110,06:57:57,40.1484,-70.8941,3.3,849.0,-0.029662,-0.000749
NES-LTER_AE2426_ag_202411100657_003m_R1.sb,20241110,06:57:57,40.1484,-70.8941,3.3,850.0,-0.028144,-0.000683
NES-LTER_AE2426_ag_202411100954_003m_R1.sb,20241110,09:54:18,40.3631,-70.8821,2.7,300.0,0.987066,0.043324
NES-LTER_AE2426_ag_202411100954_003m_R1.sb,20241110,09:54:18,40.3631,-70.8821,2.7,301.0,0.962594,0.04226
NES-LTER_AE2426_ag_202411100954_003m_R1.sb,20241110,09:54:18,40.3631,-70.8821,2.7,302.0,0.938881,0.041229
NES-LTER_AE2426_ag_202411100954_003m_R1.sb,20241110,09:54:18,40.3631,-70.8821,2.7,303.0,0.915927,0.040231
NES-LTER_AE2426_ag_202411100954_003m_R1.sb,20241110,09:54:18,40.3631,-70.8821,2.7,304.0,0.893916,0.039274
NES-LTER_AE2426_ag_202411100954_003m_R1.sb,20241110,09:54:18,40.3631,-70.8821,2.7,305.0,0.873262,0.038376
NES-LTER_AE2426_ag_202411100954_003m_R1.sb,20241110,09:54:18,40.3631,-70.8821,2.7,306.0,0.852792,0.037486
NES-LTER_AE2426_ag_202411100954_003m_R1.sb,20241110,09:54:18,40.3631,-70.8821,2.7,307.0,0.833587,0.036651
NES-LTER_AE2426_ag_202411100954_003m_R1.sb,20241110,09:54:18,40.3631,-70.8821,2.7,308.0,0.815049,0.035845
NES-LTER_AE2426_ag_202411100954_003m_R1.sb,20241110,09:54:18,40.3631,-70.8821,2.7,309.0,0.797891,0.035099
NES-LTER_AE2426_ag_202411100954_003m_R1.sb,20241110,09:54:18,40.3631,-70.8821,2.7,310.0,0.780641,0.034349
NES-LTER_AE2426_ag_202411100954_003m_R1.sb,20241110,09:54:18,40.3631,-70.8821,2.7,311.0,0.764058,0.033628
NES-LTER_AE2426_ag_202411100954_003m_R1.sb,20241110,09:54:18,40.3631,-70.8821,2.7,312.0,0.747544,0.03291
NES-LTER_AE2426_ag_202411100954_003m_R1.sb,20241110,09:54:18,40.3631,-70.8821,2.7,313.0,0.731766,0.032224
NES-LTER_AE2426_ag_202411100954_003m_R1.sb,20241110,09:54:18,40.3631,-70.8821,2.7,314.0,0.716218,0.031548
NES-LTER_AE2426_ag_202411100954_003m_R1.sb,20241110,09:54:18,40.3631,-70.8821,2.7,315.0,0.701544,0.03091
NES-LTER_AE2426_ag_202411100954_003m_R1.sb,20241110,09:54:18,40.3631,-70.8821,2.7,316.0,0.686732,0.030266
NES-LTER_AE2426_ag_202411100954_003m_R1.sb,20241110,09:54:18,40.3631,-70.8821,2.7,317.0,0.672403,0.029643
NES-LTER_AE2426_ag_202411100954_003m_R1.sb,20241110,09:54:18,40.3631,-70.8821,2.7,318.0,0.658672,0.029046
NES-LTER_AE2426_ag_202411100954_003m_R1.sb,20241110,09:54:18,40.3631,-70.8821,2.7,319.0,0.645608,0.028478
NES-LTER_AE2426_ag_202411100954_003m_R1.sb,20241110,09:54:18,40.3631,-70.8821,2.7,320.0,0.633119,0.027935
NES-LTER_AE2426_ag_202411100954_003m_R1.sb,20241110,09:54:18,40.3631,-70.8821,2.7,321.0,0.62017,0.027372
NES-LTER_AE2426_ag_202411100954_003m_R1.sb,20241110,09:54:18,40.3631,-70.8821,2.7,322.0,0.608279,0.026855
NES-LTER_AE2426_ag_202411100954_003m_R1.sb,20241110,09:54:18,40.3631,-70.8821,2.7,323.0,0.596181,0.026329
NES-LTER_AE2426_ag_202411100954_003m_R1.sb,20241110,09:54:18,40.3631,-70.8821,2.7,324.0,0.584635,0.025827
NES-LTER_AE2426_ag_202411100954_003m_R1.sb,20241110,09:54:18,40.3631,-70.8821,2.7,325.0,0.572997,0.025321
NES-LTER_AE2426_ag_202411100954_003m_R1.sb,20241110,09:54:18,40.3631,-70.8821,2.7,326.0,0.561612,0.024826
NES-LTER_AE2426_ag_202411100954_003m_R1.sb,20241110,09:54:18,40.3631,-70.8821,2.7,327.0,0.550388,0.024338
NES-LTER_AE2426_ag_202411100954_003m_R1.sb,20241110,09:54:18,40.3631,-70.8821,2.7,328.0,0.539417,0.023861
NES-LTER_AE2426_ag_202411100954_003m_R1.sb,20241110,09:54:18,40.3631,-70.8821,2.7,329.0,0.528722,0.023396
NES-LTER_AE2426_ag_202411100954_003m_R1.sb,20241110,09:54:18,40.3631,-70.8821,2.7,330.0,0.518878,0.022968
NES-LTER_AE2426_ag_202411100954_003m_R1.sb,20241110,09:54:18,40.3631,-70.8821,2.7,331.0,0.508735,0.022527
NES-LTER_AE2426_ag_202411100954_003m_R1.sb,20241110,09:54:18,40.3631,-70.8821,2.7,332.0,0.499006,0.022104
NES-LTER_AE2426_ag_202411100954_003m_R1.sb,20241110,09:54:18,40.3631,-70.8821,2.7,333.0,0.489185,0.021677
NES-LTER_AE2426_ag_202411100954_003m_R1.sb,20241110,09:54:18,40.3631,-70.8821,2.7,334.0,0.480261,0.021289
NES-LTER_AE2426_ag_202411100954_003m_R1.sb,20241110,09:54:18,40.3631,-70.8821,2.7,335.0,0.471038,0.020888
NES-LTER_AE2426_ag_202411100954_003m_R1.sb,20241110,09:54:18,40.3631,-70.8821,2.7,336.0,0.462528,0.020518
NES-LTER_AE2426_ag_202411100954_003m_R1.sb,20241110,09:54:18,40.3631,-70.8821,2.7,337.0,0.45365,0.020132
NES-LTER_AE2426_ag_202411100954_003m_R1.sb,20241110,09:54:18,40.3631,-70.8821,2.7,338.0,0.445807,0.019791
NES-LTER_AE2426_ag_202411100954_003m_R1.sb,20241110,09:54:18,40.3631,-70.8821,2.7,339.0,0.437228,0.019418
NES-LTER_AE2426_ag_202411100954_003m_R1.sb,20241110,09:54:18,40.3631,-70.8821,2.7,340.0,0.429615,0.019087
NES-LTER_AE2426_ag_202411100954_003m_R1.sb,20241110,09:54:18,40.3631,-70.8821,2.7,341.0,0.421289,0.018725
NES-LTER_AE2426_ag_202411100954_003m_R1.sb,20241110,09:54:18,40.3631,-70.8821,2.7,342.0,0.413837,0.018401
NES-LTER_AE2426_ag_202411100954_003m_R1.sb,20241110,09:54:18,40.3631,-70.8821,2.7,343.0,0.405672,0.018046
NES-LTER_AE2426_ag_202411100954_003m_R1.sb,20241110,09:54:18,40.3631,-70.8821,2.7,344.0,0.398588,0.017738
NES-LTER_AE2426_ag_202411100954_003m_R1.sb,20241110,09:54:18,40.3631,-70.8821,2.7,345.0,0.391021,0.017409
NES-LTER_AE2426_ag_202411100954_003m_R1.sb,20241110,09:54:18,40.3631,-70.8821,2.7,346.0,0.384305,0.017117
NES-LTER_AE2426_ag_202411100954_003m_R1.sb,20241110,09:54:18,40.3631,-70.8821,2.7,347.0,0.377267,0.016811
NES-LTER_AE2426_ag_202411100954_003m_R1.sb,20241110,09:54:18,40.3631,-70.8821,2.7,348.0,0.37016,0.016502
NES-LTER_AE2426_ag_202411100954_003m_R1.sb,20241110,09:54:18,40.3631,-70.8821,2.7,349.0,0.363007,0.016191
NES-LTER_AE2426_ag_202411100954_003m_R1.sb,20241110,09:54:18,40.3631,-70.8821,2.7,350.0,0.356406,0.015904
NES-LTER_AE2426_ag_202411100954_003m_R1.sb,20241110,09:54:18,40.3631,-70.8821,2.7,351.0,0.351231,0.015679
NES-LTER_AE2426_ag_202411100954_003m_R1.sb,20241110,09:54:18,40.3631,-70.8821,2.7,352.0,0.345159,0.015415
NES-LTER_AE2426_ag_202411100954_003m_R1.sb,20241110,09:54:18,40.3631,-70.8821,2.7,353.0,0.338719,0.015135
NES-LTER_AE2426_ag_202411100954_003m_R1.sb,20241110,09:54:18,40.3631,-70.8821,2.7,354.0,0.332095,0.014847
NES-LTER_AE2426_ag_202411100954_003m_R1.sb,20241110,09:54:18,40.3631,-70.8821,2.7,355.0,0.326667,0.014611
NES-LTER_AE2426_ag_202411100954_003m_R1.sb,20241110,09:54:18,40.3631,-70.8821,2.7,356.0,0.321492,0.014386
NES-LTER_AE2426_ag_202411100954_003m_R1.sb,20241110,09:54:18,40.3631,-70.8821,2.7,357.0,0.315926,0.014144
NES-LTER_AE2426_ag_202411100954_003m_R1.sb,20241110,09:54:18,40.3631,-70.8821,2.7,358.0,0.310682,0.013916
NES-LTER_AE2426_ag_202411100954_003m_R1.sb,20241110,09:54:18,40.3631,-70.8821,2.7,359.0,0.305047,0.013671
NES-LTER_AE2426_ag_202411100954_003m_R1.sb,20241110,09:54:18,40.3631,-70.8821,2.7,360.0,0.299734,0.01344
NES-LTER_AE2426_ag_202411100954_003m_R1.sb,20241110,09:54:18,40.3631,-70.8821,2.7,361.0,0.294283,0.013203
NES-LTER_AE2426_ag_202411100954_003m_R1.sb,20241110,09:54:18,40.3631,-70.8821,2.7,362.0,0.289614,0.013
NES-LTER_AE2426_ag_202411100954_003m_R1.sb,20241110,09:54:18,40.3631,-70.8821,2.7,363.0,0.285175,0.012807
NES-LTER_AE2426_ag_202411100954_003m_R1.sb,20241110,09:54:18,40.3631,-70.8821,2.7,364.0,0.280161,0.012589
NES-LTER_AE2426_ag_202411100954_003m_R1.sb,20241110,09:54:18,40.3631,-70.8821,2.7,365.0,0.275331,0.012379
NES-LTER_AE2426_ag_202411100954_003m_R1.sb,20241110,09:54:18,40.3631,-70.8821,2.7,366.0,0.270915,0.012187
NES-LTER_AE2426_ag_202411100954_003m_R1.sb,20241110,09:54:18,40.3631,-70.8821,2.7,367.0,0.26689,0.012012
NES-LTER_AE2426_ag_202411100954_003m_R1.sb,20241110,09:54:18,40.3631,-70.8821,2.7,368.0,0.262313,0.011813
NES-LTER_AE2426_ag_202411100954_003m_R1.sb,20241110,09:54:18,40.3631,-70.8821,2.7,369.0,0.257621,0.011609
NES-LTER_AE2426_ag_202411100954_003m_R1.sb,20241110,09:54:18,40.3631,-70.8821,2.7,370.0,0.253205,0.011417
NES-LTER_AE2426_ag_202411100954_003m_R1.sb,20241110,09:54:18,40.3631,-70.8821,2.7,371.0,0.249847,0.011271
NES-LTER_AE2426_ag_202411100954_003m_R1.sb,20241110,09:54:18,40.3631,-70.8821,2.7,372.0,0.245086,0.011064
NES-LTER_AE2426_ag_202411100954_003m_R1.sb,20241110,09:54:18,40.3631,-70.8821,2.7,373.0,0.240601,0.010869
NES-LTER_AE2426_ag_202411100954_003m_R1.sb,20241110,09:54:18,40.3631,-70.8821,2.7,374.0,0.235518,0.010648
NES-LTER_AE2426_ag_202411100954_003m_R1.sb,20241110,09:54:18,40.3631,-70.8821,2.7,375.0,0.231769,0.010485
NES-LTER_AE2426_ag_202411100954_003m_R1.sb,20241110,09:54:18,40.3631,-70.8821,2.7,376.0,0.227928,0.010318
NES-LTER_AE2426_ag_202411100954_003m_R1.sb,20241110,09:54:18,40.3631,-70.8821,2.7,377.0,0.224018,0.010148
NES-LTER_AE2426_ag_202411100954_003m_R1.sb,20241110,09:54:18,40.3631,-70.8821,2.7,378.0,0.220292,0.009986
NES-LTER_AE2426_ag_202411100954_003m_R1.sb,20241110,09:54:18,40.3631,-70.8821,2.7,379.0,0.216451,0.009819
NES-LTER_AE2426_ag_202411100954_003m_R1.sb,20241110,09:54:18,40.3631,-70.8821,2.7,380.0,0.213461,0.009689
NES-LTER_AE2426_ag_202411100954_003m_R1.sb,20241110,09:54:18,40.3631,-70.8821,2.7,381.0,0.210149,0.009545
NES-LTER_AE2426_ag_202411100954_003m_R1.sb,20241110,09:54:18,40.3631,-70.8821,2.7,382.0,0.206975,0.009407
NES-LTER_AE2426_ag_202411100954_003m_R1.sb,20241110,09:54:18,40.3631,-70.8821,2.7,383.0,0.203111,0.009239
NES-LTER_AE2426_ag_202411100954_003m_R1.sb,20241110,09:54:18,40.3631,-70.8821,2.7,384.0,0.199546,0.009084
NES-LTER_AE2426_ag_202411100954_003m_R1.sb,20241110,09:54:18,40.3631,-70.8821,2.7,385.0,0.196073,0.008933
NES-LTER_AE2426_ag_202411100954_003m_R1.sb,20241110,09:54:18,40.3631,-70.8821,2.7,386.0,0.193175,0.008807
NES-LTER_AE2426_ag_202411100954_003m_R1.sb,20241110,09:54:18,40.3631,-70.8821,2.7,387.0,0.190369,0.008685
NES-LTER_AE2426_ag_202411100954_003m_R1.sb,20241110,09:54:18,40.3631,-70.8821,2.7,388.0,0.187701,0.008569
NES-LTER_AE2426_ag_202411100954_003m_R1.sb,20241110,09:54:18,40.3631,-70.8821,2.7,389.0,0.184964,0.00845
NES-LTER_AE2426_ag_202411100954_003m_R1.sb,20241110,09:54:18,40.3631,-70.8821,2.7,390.0,0.181698,0.008308
NES-LTER_AE2426_ag_202411100954_003m_R1.sb,20241110,09:54:18,40.3631,-70.8821,2.7,391.0,0.178823,0.008183
NES-LTER_AE2426_ag_202411100954_003m_R1.sb,20241110,09:54:18,40.3631,-70.8821,2.7,392.0,0.175603,0.008043
NES-LTER_AE2426_ag_202411100954_003m_R1.sb,20241110,09:54:18,40.3631,-70.8821,2.7,393.0,0.173188,0.007938
NES-LTER_AE2426_ag_202411100954_003m_R1.sb,20241110,09:54:18,40.3631,-70.8821,2.7,394.0,0.170382,0.007816
NES-LTER_AE2426_ag_202411100954_003m_R1.sb,20241110,09:54:18,40.3631,-70.8821,2.7,395.0,0.16776,0.007702
NES-LTER_AE2426_ag_202411100954_003m_R1.sb,20241110,09:54:18,40.3631,-70.8821,2.7,396.0,0.165161,0.007589
NES-LTER_AE2426_ag_202411100954_003m_R1.sb,20241110,09:54:18,40.3631,-70.8821,2.7,397.0,0.162677,0.007481
NES-LTER_AE2426_ag_202411100954_003m_R1.sb,20241110,09:54:18,40.3631,-70.8821,2.7,398.0,0.160653,0.007393
NES-LTER_AE2426_ag_202411100954_003m_R1.sb,20241110,09:54:18,40.3631,-70.8821,2.7,399.0,0.158307,0.007291
NES-LTER_AE2426_ag_202411100954_003m_R1.sb,20241110,09:54:18,40.3631,-70.8821,2.7,400.0,0.15626,0.007202
NES-LTER_AE2426_ag_202411100954_003m_R1.sb,20241110,09:54:18,40.3631,-70.8821,2.7,401.0,0.154006,0.007104
NES-LTER_AE2426_ag_202411100954_003m_R1.sb,20241110,09:54:18,40.3631,-70.8821,2.7,402.0,0.151614,0.007
NES-LTER_AE2426_ag_202411100954_003m_R1.sb,20241110,09:54:18,40.3631,-70.8821,2.7,403.0,0.149544,0.00691
NES-LTER_AE2426_ag_202411100954_003m_R1.sb,20241110,09:54:18,40.3631,-70.8821,2.7,404.0,0.147267,0.006811
NES-LTER_AE2426_ag_202411100954_003m_R1.sb,20241110,09:54:18,40.3631,-70.8821,2.7,405.0,0.145013,0.006713
NES-LTER_AE2426_ag_202411100954_003m_R1.sb,20241110,09:54:18,40.3631,-70.8821,2.7,406.0,0.14269,0.006612
NES-LTER_AE2426_ag_202411100954_003m_R1.sb,20241110,09:54:18,40.3631,-70.8821,2.7,407.0,0.140758,0.006528
NES-LTER_AE2426_ag_202411100954_003m_R1.sb,20241110,09:54:18,40.3631,-70.8821,2.7,408.0,0.138711,0.006439
NES-LTER_AE2426_ag_202411100954_003m_R1.sb,20241110,09:54:18,40.3631,-70.8821,2.7,409.0,0.136434,0.00634
NES-LTER_AE2426_ag_202411100954_003m_R1.sb,20241110,09:54:18,40.3631,-70.8821,2.7,410.0,0.134249,0.006245
NES-LTER_AE2426_ag_202411100954_003m_R1.sb,20241110,09:54:18,40.3631,-70.8821,2.7,411.0,0.132685,0.006177
NES-LTER_AE2426_ag_202411100954_003m_R1.sb,20241110,09:54:18,40.3631,-70.8821,2.7,412.0,0.130707,0.006091
NES-LTER_AE2426_ag_202411100954_003m_R1.sb,20241110,09:54:18,40.3631,-70.8821,2.7,413.0,0.128407,0.005991
NES-LTER_AE2426_ag_202411100954_003m_R1.sb,20241110,09:54:18,40.3631,-70.8821,2.7,414.0,0.126314,0.0059
NES-LTER_AE2426_ag_202411100954_003m_R1.sb,20241110,09:54:18,40.3631,-70.8821,2.7,415.0,0.124566,0.005824
NES-LTER_AE2426_ag_202411100954_003m_R1.sb,20241110,09:54:18,40.3631,-70.8821,2.7,416.0,0.12268,0.005742
NES-LTER_AE2426_ag_202411100954_003m_R1.sb,20241110,09:54:18,40.3631,-70.8821,2.7,417.0,0.120081,0.005629
NES-LTER_AE2426_ag_202411100954_003m_R1.sb,20241110,09:54:18,40.3631,-70.8821,2.7,418.0,0.117804,0.00553
NES-LTER_AE2426_ag_202411100954_003m_R1.sb,20241110,09:54:18,40.3631,-70.8821,2.7,419.0,0.115918,0.005448
NES-LTER_AE2426_ag_202411100954_003m_R1.sb,20241110,09:54:18,40.3631,-70.8821,2.7,420.0,0.114469,0.005385
NES-LTER_AE2426_ag_202411100954_003m_R1.sb,20241110,09:54:18,40.3631,-70.8821,2.7,421.0,0.112261,0.005289
NES-LTER_AE2426_ag_202411100954_003m_R1.sb,20241110,09:54:18,40.3631,-70.8821,2.7,422.0,0.110628,0.005218
NES-LTER_AE2426_ag_202411100954_003m_R1.sb,20241110,09:54:18,40.3631,-70.8821,2.7,423.0,0.108443,0.005123
NES-LTER_AE2426_ag_202411100954_003m_R1.sb,20241110,09:54:18,40.3631,-70.8821,2.7,424.0,0.106603,0.005043
NES-LTER_AE2426_ag_202411100954_003m_R1.sb,20241110,09:54:18,40.3631,-70.8821,2.7,425.0,0.104188,0.004938
NES-LTER_AE2426_ag_202411100954_003m_R1.sb,20241110,09:54:18,40.3631,-70.8821,2.7,426.0,0.102164,0.00485
NES-LTER_AE2426_ag_202411100954_003m_R1.sb,20241110,09:54:18,40.3631,-70.8821,2.7,427.0,0.100393,0.004773
NES-LTER_AE2426_ag_202411100954_003m_R1.sb,20241110,09:54:18,40.3631,-70.8821,2.7,428.0,0.098484,0.00469
NES-LTER_AE2426_ag_202411100954_003m_R1.sb,20241110,09:54:18,40.3631,-70.8821,2.7,429.0,0.096667,0.004611
NES-LTER_AE2426_ag_202411100954_003m_R1.sb,20241110,09:54:18,40.3631,-70.8821,2.7,430.0,0.094781,0.004529
NES-LTER_AE2426_ag_202411100954_003m_R1.sb,20241110,09:54:18,40.3631,-70.8821,2.7,431.0,0.093033,0.004453
NES-LTER_AE2426_ag_202411100954_003m_R1.sb,20241110,09:54:18,40.3631,-70.8821,2.7,432.0,0.091124,0.00437
NES-LTER_AE2426_ag_202411100954_003m_R1.sb,20241110,09:54:18,40.3631,-70.8821,2.7,433.0,0.089422,0.004296
NES-LTER_AE2426_ag_202411100954_003m_R1.sb,20241110,09:54:18,40.3631,-70.8821,2.7,434.0,0.087789,0.004225
NES-LTER_AE2426_ag_202411100954_003m_R1.sb,20241110,09:54:18,40.3631,-70.8821,2.7,435.0,0.086386,0.004164
NES-LTER_AE2426_ag_202411100954_003m_R1.sb,20241110,09:54:18,40.3631,-70.8821,2.7,436.0,0.084868,0.004098
NES-LTER_AE2426_ag_202411100954_003m_R1.sb,20241110,09:54:18,40.3631,-70.8821,2.7,437.0,0.08358,0.004042
NES-LTER_AE2426_ag_202411100954_003m_R1.sb,20241110,09:54:18,40.3631,-70.8821,2.7,438.0,0.082016,0.003974
NES-LTER_AE2426_ag_202411100954_003m_R1.sb,20241110,09:54:18,40.3631,-70.8821,2.7,439.0,0.080245,0.003897
NES-LTER_AE2426_ag_202411100954_003m_R1.sb,20241110,09:54:18,40.3631,-70.8821,2.7,440.0,0.078083,0.003803
NES-LTER_AE2426_ag_202411100954_003m_R1.sb,20241110,09:54:18,40.3631,-70.8821,2.7,441.0,0.076312,0.003726
NES-LTER_AE2426_ag_202411100954_003m_R1.sb,20241110,09:54:18,40.3631,-70.8821,2.7,442.0,0.074863,0.003663
NES-LTER_AE2426_ag_202411100954_003m_R1.sb,20241110,09:54:18,40.3631,-70.8821,2.7,443.0,0.073851,0.003619
NES-LTER_AE2426_ag_202411100954_003m_R1.sb,20241110,09:54:18,40.3631,-70.8821,2.7,444.0,0.072609,0.003565
NES-LTER_AE2426_ag_202411100954_003m_R1.sb,20241110,09:54:18,40.3631,-70.8821,2.7,445.0,0.071367,0.003511
NES-LTER_AE2426_ag_202411100954_003m_R1.sb,20241110,09:54:18,40.3631,-70.8821,2.7,446.0,0.069642,0.003436
NES-LTER_AE2426_ag_202411100954_003m_R1.sb,20241110,09:54:18,40.3631,-70.8821,2.7,447.0,0.068423,0.003383
NES-LTER_AE2426_ag_202411100954_003m_R1.sb,20241110,09:54:18,40.3631,-70.8821,2.7,448.0,0.067549,0.003345
NES-LTER_AE2426_ag_202411100954_003m_R1.sb,20241110,09:54:18,40.3631,-70.8821,2.7,449.0,0.06679,0.003312
NES-LTER_AE2426_ag_202411100954_003m_R1.sb,20241110,09:54:18,40.3631,-70.8821,2.7,450.0,0.065387,0.003251
NES-LTER_AE2426_ag_202411100954_003m_R1.sb,20241110,09:54:18,40.3631,-70.8821,2.7,451.0,0.063823,0.003183
NES-LTER_AE2426_ag_202411100954_003m_R1.sb,20241110,09:54:18,40.3631,-70.8821,2.7,452.0,0.062627,0.003131
NES-LTER_AE2426_ag_202411100954_003m_R1.sb,20241110,09:54:18,40.3631,-70.8821,2.7,453.0,0.06196,0.003102
NES-LTER_AE2426_ag_202411100954_003m_R1.sb,20241110,09:54:18,40.3631,-70.8821,2.7,454.0,0.060787,0.003051
NES-LTER_AE2426_ag_202411100954_003m_R1.sb,20241110,09:54:18,40.3631,-70.8821,2.7,455.0,0.059706,0.003004
NES-LTER_AE2426_ag_202411100954_003m_R1.sb,20241110,09:54:18,40.3631,-70.8821,2.7,456.0,0.058717,0.002961
NES-LTER_AE2426_ag_202411100954_003m_R1.sb,20241110,09:54:18,40.3631,-70.8821,2.7,457.0,0.058257,0.002941
NES-LTER_AE2426_ag_202411100954_003m_R1.sb,20241110,09:54:18,40.3631,-70.8821,2.7,458.0,0.057383,0.002903
NES-LTER_AE2426_ag_202411100954_003m_R1.sb,20241110,09:54:18,40.3631,-70.8821,2.7,459.0,0.056624,0.00287
NES-LTER_AE2426_ag_202411100954_003m_R1.sb,20241110,09:54:18,40.3631,-70.8821,2.7,460.0,0.055497,0.002821
NES-LTER_AE2426_ag_202411100954_003m_R1.sb,20241110,09:54:18,40.3631,-70.8821,2.7,461.0,0.054876,0.002794
NES-LTER_AE2426_ag_202411100954_003m_R1.sb,20241110,09:54:18,40.3631,-70.8821,2.7,462.0,0.053772,0.002746
NES-LTER_AE2426_ag_202411100954_003m_R1.sb,20241110,09:54:18,40.3631,-70.8821,2.7,463.0,0.05276,0.002702
NES-LTER_AE2426_ag_202411100954_003m_R1.sb,20241110,09:54:18,40.3631,-70.8821,2.7,464.0,0.051955,0.002667
NES-LTER_AE2426_ag_202411100954_003m_R1.sb,20241110,09:54:18,40.3631,-70.8821,2.7,465.0,0.050966,0.002624
NES-LTER_AE2426_ag_202411100954_003m_R1.sb,20241110,09:54:18,40.3631,-70.8821,2.7,466.0,0.049954,0.00258
NES-LTER_AE2426_ag_202411100954_003m_R1.sb,20241110,09:54:18,40.3631,-70.8821,2.7,467.0,0.048919,0.002535
NES-LTER_AE2426_ag_202411100954_003m_R1.sb,20241110,09:54:18,40.3631,-70.8821,2.7,468.0,0.047999,0.002495
NES-LTER_AE2426_ag_202411100954_003m_R1.sb,20241110,09:54:18,40.3631,-70.8821,2.7,469.0,0.047378,0.002468
NES-LTER_AE2426_ag_202411100954_003m_R1.sb,20241110,09:54:18,40.3631,-70.8821,2.7,470.0,0.046504,0.00243
NES-LTER_AE2426_ag_202411100954_003m_R1.sb,20241110,09:54:18,40.3631,-70.8821,2.7,471.0,0.045998,0.002408
NES-LTER_AE2426_ag_202411100954_003m_R1.sb,20241110,09:54:18,40.3631,-70.8821,2.7,472.0,0.045285,0.002377
NES-LTER_AE2426_ag_202411100954_003m_R1.sb,20241110,09:54:18,40.3631,-70.8821,2.7,473.0,0.044319,0.002335
NES-LTER_AE2426_ag_202411100954_003m_R1.sb,20241110,09:54:18,40.3631,-70.8821,2.7,474.0,0.043859,0.002315
NES-LTER_AE2426_ag_202411100954_003m_R1.sb,20241110,09:54:18,40.3631,-70.8821,2.7,475.0,0.043376,0.002294
NES-LTER_AE2426_ag_202411100954_003m_R1.sb,20241110,09:54:18,40.3631,-70.8821,2.7,476.0,0.042778,0.002268
NES-LTER_AE2426_ag_202411100954_003m_R1.sb,20241110,09:54:18,40.3631,-70.8821,2.7,477.0,0.041697,0.002221
NES-LTER_AE2426_ag_202411100954_003m_R1.sb,20241110,09:54:18,40.3631,-70.8821,2.7,478.0,0.041122,0.002196
NES-LTER_AE2426_ag_202411100954_003m_R1.sb,20241110,09:54:18,40.3631,-70.8821,2.7,479.0,0.040501,0.002169
NES-LTER_AE2426_ag_202411100954_003m_R1.sb,20241110,09:54:18,40.3631,-70.8821,2.7,480.0,0.039834,0.00214
NES-LTER_AE2426_ag_202411100954_003m_R1.sb,20241110,09:54:18,40.3631,-70.8821,2.7,481.0,0.039213,0.002113
NES-LTER_AE2426_ag_202411100954_003m_R1.sb,20241110,09:54:18,40.3631,-70.8821,2.7,482.0,0.03873,0.002092
NES-LTER_AE2426_ag_202411100954_003m_R1.sb,20241110,09:54:18,40.3631,-70.8821,2.7,483.0,0.038546,0.002084
NES-LTER_AE2426_ag_202411100954_003m_R1.sb,20241110,09:54:18,40.3631,-70.8821,2.7,484.0,0.037695,0.002047
NES-LTER_AE2426_ag_202411100954_003m_R1.sb,20241110,09:54:18,40.3631,-70.8821,2.7,485.0,0.036936,0.002014
NES-LTER_AE2426_ag_202411100954_003m_R1.sb,20241110,09:54:18,40.3631,-70.8821,2.7,486.0,0.036499,0.001995
NES-LTER_AE2426_ag_202411100954_003m_R1.sb,20241110,09:54:18,40.3631,-70.8821,2.7,487.0,0.035993,0.001973
NES-LTER_AE2426_ag_202411100954_003m_R1.sb,20241110,09:54:18,40.3631,-70.8821,2.7,488.0,0.03528,0.001942
NES-LTER_AE2426_ag_202411100954_003m_R1.sb,20241110,09:54:18,40.3631,-70.8821,2.7,489.0,0.034268,0.001898
NES-LTER_AE2426_ag_202411100954_003m_R1.sb,20241110,09:54:18,40.3631,-70.8821,2.7,490.0,0.0339,0.001882
NES-LTER_AE2426_ag_202411100954_003m_R1.sb,20241110,09:54:18,40.3631,-70.8821,2.7,491.0,0.033785,0.001877
NES-LTER_AE2426_ag_202411100954_003m_R1.sb,20241110,09:54:18,40.3631,-70.8821,2.7,492.0,0.033486,0.001864
NES-LTER_AE2426_ag_202411100954_003m_R1.sb,20241110,09:54:18,40.3631,-70.8821,2.7,493.0,0.033026,0.001844
NES-LTER_AE2426_ag_202411100954_003m_R1.sb,20241110,09:54:18,40.3631,-70.8821,2.7,494.0,0.032543,0.001823
NES-LTER_AE2426_ag_202411100954_003m_R1.sb,20241110,09:54:18,40.3631,-70.8821,2.7,495.0,0.031715,0.001787
NES-LTER_AE2426_ag_202411100954_003m_R1.sb,20241110,09:54:18,40.3631,-70.8821,2.7,496.0,0.031071,0.001759
NES-LTER_AE2426_ag_202411100954_003m_R1.sb,20241110,09:54:18,40.3631,-70.8821,2.7,497.0,0.030611,0.001739
NES-LTER_AE2426_ag_202411100954_003m_R1.sb,20241110,09:54:18,40.3631,-70.8821,2.7,498.0,0.03045,0.001732
NES-LTER_AE2426_ag_202411100954_003m_R1.sb,20241110,09:54:18,40.3631,-70.8821,2.7,499.0,0.030059,0.001715
NES-LTER_AE2426_ag_202411100954_003m_R1.sb,20241110,09:54:18,40.3631,-70.8821,2.7,500.0,0.029323,0.001683
NES-LTER_AE2426_ag_202411100954_003m_R1.sb,20241110,09:54:18,40.3631,-70.8821,2.7,501.0,0.028978,0.001668
NES-LTER_AE2426_ag_202411100954_003m_R1.sb,20241110,09:54:18,40.3631,-70.8821,2.7,502.0,0.028564,0.00165
NES-LTER_AE2426_ag_202411100954_003m_R1.sb,20241110,09:54:18,40.3631,-70.8821,2.7,503.0,0.028403,0.001643
NES-LTER_AE2426_ag_202411100954_003m_R1.sb,20241110,09:54:18,40.3631,-70.8821,2.7,504.0,0.028012,0.001626
NES-LTER_AE2426_ag_202411100954_003m_R1.sb,20241110,09:54:18,40.3631,-70.8821,2.7,505.0,0.027621,0.001609
NES-LTER_AE2426_ag_202411100954_003m_R1.sb,20241110,09:54:18,40.3631,-70.8821,2.7,506.0,0.027391,0.001599
NES-LTER_AE2426_ag_202411100954_003m_R1.sb,20241110,09:54:18,40.3631,-70.8821,2.7,507.0,0.027,0.001582
NES-LTER_AE2426_ag_202411100954_003m_R1.sb,20241110,09:54:18,40.3631,-70.8821,2.7,508.0,0.026632,0.001566
NES-LTER_AE2426_ag_202411100954_003m_R1.sb,20241110,09:54:18,40.3631,-70.8821,2.7,509.0,0.025942,0.001536
NES-LTER_AE2426_ag_202411100954_003m_R1.sb,20241110,09:54:18,40.3631,-70.8821,2.7,510.0,0.025551,0.001519
NES-LTER_AE2426_ag_202411100954_003m_R1.sb,20241110,09:54:18,40.3631,-70.8821,2.7,511.0,0.025298,0.001508
NES-LTER_AE2426_ag_202411100954_003m_R1.sb,20241110,09:54:18,40.3631,-70.8821,2.7,512.0,0.025321,0.001509
NES-LTER_AE2426_ag_202411100954_003m_R1.sb,20241110,09:54:18,40.3631,-70.8821,2.7,513.0,0.024884,0.00149
NES-LTER_AE2426_ag_202411100954_003m_R1.sb,20241110,09:54:18,40.3631,-70.8821,2.7,514.0,0.024424,0.00147
NES-LTER_AE2426_ag_202411100954_003m_R1.sb,20241110,09:54:18,40.3631,-70.8821,2.7,515.0,0.023895,0.001447
NES-LTER_AE2426_ag_202411100954_003m_R1.sb,20241110,09:54:18,40.3631,-70.8821,2.7,516.0,0.023688,0.001438
NES-LTER_AE2426_ag_202411100954_003m_R1.sb,20241110,09:54:18,40.3631,-70.8821,2.7,517.0,0.023481,0.001429
NES-LTER_AE2426_ag_202411100954_003m_R1.sb,20241110,09:54:18,40.3631,-70.8821,2.7,518.0,0.02332,0.001422
NES-LTER_AE2426_ag_202411100954_003m_R1.sb,20241110,09:54:18,40.3631,-70.8821,2.7,519.0,0.022952,0.001406
NES-LTER_AE2426_ag_202411100954_003m_R1.sb,20241110,09:54:18,40.3631,-70.8821,2.7,520.0,0.022791,0.001399
NES-LTER_AE2426_ag_202411100954_003m_R1.sb,20241110,09:54:18,40.3631,-70.8821,2.7,521.0,0.022676,0.001394
NES-LTER_AE2426_ag_202411100954_003m_R1.sb,20241110,09:54:18,40.3631,-70.8821,2.7,522.0,0.022538,0.001388
NES-LTER_AE2426_ag_202411100954_003m_R1.sb,20241110,09:54:18,40.3631,-70.8821,2.7,523.0,0.02194,0.001362
NES-LTER_AE2426_ag_202411100954_003m_R1.sb,20241110,09:54:18,40.3631,-70.8821,2.7,524.0,0.021457,0.001341
NES-LTER_AE2426_ag_202411100954_003m_R1.sb,20241110,09:54:18,40.3631,-70.8821,2.7,525.0,0.021112,0.001326
NES-LTER_AE2426_ag_202411100954_003m_R1.sb,20241110,09:54:18,40.3631,-70.8821,2.7,526.0,0.020974,0.00132
NES-LTER_AE2426_ag_202411100954_003m_R1.sb,20241110,09:54:18,40.3631,-70.8821,2.7,527.0,0.020767,0.001311
NES-LTER_AE2426_ag_202411100954_003m_R1.sb,20241110,09:54:18,40.3631,-70.8821,2.7,528.0,0.020813,0.001313
NES-LTER_AE2426_ag_202411100954_003m_R1.sb,20241110,09:54:18,40.3631,-70.8821,2.7,529.0,0.020928,0.001318
NES-LTER_AE2426_ag_202411100954_003m_R1.sb,20241110,09:54:18,40.3631,-70.8821,2.7,530.0,0.020445,0.001297
NES-LTER_AE2426_ag_202411100954_003m_R1.sb,20241110,09:54:18,40.3631,-70.8821,2.7,531.0,0.020031,0.001279
NES-LTER_AE2426_ag_202411100954_003m_R1.sb,20241110,09:54:18,40.3631,-70.8821,2.7,532.0,0.019203,0.001243
NES-LTER_AE2426_ag_202411100954_003m_R1.sb,20241110,09:54:18,40.3631,-70.8821,2.7,533.0,0.018973,0.001233
NES-LTER_AE2426_ag_202411100954_003m_R1.sb,20241110,09:54:18,40.3631,-70.8821,2.7,534.0,0.018582,0.001216
NES-LTER_AE2426_ag_202411100954_003m_R1.sb,20241110,09:54:18,40.3631,-70.8821,2.7,535.0,0.018237,0.001201
NES-LTER_AE2426_ag_202411100954_003m_R1.sb,20241110,09:54:18,40.3631,-70.8821,2.7,536.0,0.018168,0.001198
NES-LTER_AE2426_ag_202411100954_003m_R1.sb,20241110,09:54:18,40.3631,-70.8821,2.7,537.0,0.017938,0.001188
NES-LTER_AE2426_ag_202411100954_003m_R1.sb,20241110,09:54:18,40.3631,-70.8821,2.7,538.0,0.017938,0.001188
NES-LTER_AE2426_ag_202411100954_003m_R1.sb,20241110,09:54:18,40.3631,-70.8821,2.7,539.0,0.01734,0.001162
NES-LTER_AE2426_ag_202411100954_003m_R1.sb,20241110,09:54:18,40.3631,-70.8821,2.7,540.0,0.016995,0.001147
NES-LTER_AE2426_ag_202411100954_003m_R1.sb,20241110,09:54:18,40.3631,-70.8821,2.7,541.0,0.016926,0.001144
NES-LTER_AE2426_ag_202411100954_003m_R1.sb,20241110,09:54:18,40.3631,-70.8821,2.7,542.0,0.016811,0.001139
NES-LTER_AE2426_ag_202411100954_003m_R1.sb,20241110,09:54:18,40.3631,-70.8821,2.7,543.0,0.016857,0.001141
NES-LTER_AE2426_ag_202411100954_003m_R1.sb,20241110,09:54:18,40.3631,-70.8821,2.7,544.0,0.016696,0.001134
NES-LTER_AE2426_ag_202411100954_003m_R1.sb,20241110,09:54:18,40.3631,-70.8821,2.7,545.0,0.016696,0.001134
NES-LTER_AE2426_ag_202411100954_003m_R1.sb,20241110,09:54:18,40.3631,-70.8821,2.7,546.0,0.01642,0.001122
NES-LTER_AE2426_ag_202411100954_003m_R1.sb,20241110,09:54:18,40.3631,-70.8821,2.7,547.0,0.016121,0.001109
NES-LTER_AE2426_ag_202411100954_003m_R1.sb,20241110,09:54:18,40.3631,-70.8821,2.7,548.0,0.015569,0.001085
NES-LTER_AE2426_ag_202411100954_003m_R1.sb,20241110,09:54:18,40.3631,-70.8821,2.7,549.0,0.015293,0.001073
NES-LTER_AE2426_ag_202411100954_003m_R1.sb,20241110,09:54:18,40.3631,-70.8821,2.7,550.0,0.01481,0.001052
NES-LTER_AE2426_ag_202411100954_003m_R1.sb,20241110,09:54:18,40.3631,-70.8821,2.7,551.0,0.01458,0.001042
NES-LTER_AE2426_ag_202411100954_003m_R1.sb,20241110,09:54:18,40.3631,-70.8821,2.7,552.0,0.014396,0.001034
NES-LTER_AE2426_ag_202411100954_003m_R1.sb,20241110,09:54:18,40.3631,-70.8821,2.7,553.0,0.014258,0.001028
NES-LTER_AE2426_ag_202411100954_003m_R1.sb,20241110,09:54:18,40.3631,-70.8821,2.7,554.0,0.014143,0.001023
NES-LTER_AE2426_ag_202411100954_003m_R1.sb,20241110,09:54:18,40.3631,-70.8821,2.7,555.0,0.013867,0.001011
NES-LTER_AE2426_ag_202411100954_003m_R1.sb,20241110,09:54:18,40.3631,-70.8821,2.7,556.0,0.013706,0.001004
NES-LTER_AE2426_ag_202411100954_003m_R1.sb,20241110,09:54:18,40.3631,-70.8821,2.7,557.0,0.013729,0.001005
NES-LTER_AE2426_ag_202411100954_003m_R1.sb,20241110,09:54:18,40.3631,-70.8821,2.7,558.0,0.013384,0.00099
NES-LTER_AE2426_ag_202411100954_003m_R1.sb,20241110,09:54:18,40.3631,-70.8821,2.7,559.0,0.013108,0.000978
NES-LTER_AE2426_ag_202411100954_003m_R1.sb,20241110,09:54:18,40.3631,-70.8821,2.7,560.0,0.012924,0.00097
NES-LTER_AE2426_ag_202411100954_003m_R1.sb,20241110,09:54:18,40.3631,-70.8821,2.7,561.0,0.012832,0.000966
NES-LTER_AE2426_ag_202411100954_003m_R1.sb,20241110,09:54:18,40.3631,-70.8821,2.7,562.0,0.01274,0.000962
NES-LTER_AE2426_ag_202411100954_003m_R1.sb,20241110,09:54:18,40.3631,-70.8821,2.7,563.0,0.012533,0.000953
NES-LTER_AE2426_ag_202411100954_003m_R1.sb,20241110,09:54:18,40.3631,-70.8821,2.7,564.0,0.01228,0.000942
NES-LTER_AE2426_ag_202411100954_003m_R1.sb,20241110,09:54:18,40.3631,-70.8821,2.7,565.0,0.012119,0.000935
NES-LTER_AE2426_ag_202411100954_003m_R1.sb,20241110,09:54:18,40.3631,-70.8821,2.7,566.0,0.011935,0.000927
NES-LTER_AE2426_ag_202411100954_003m_R1.sb,20241110,09:54:18,40.3631,-70.8821,2.7,567.0,0.011705,0.000917
NES-LTER_AE2426_ag_202411100954_003m_R1.sb,20241110,09:54:18,40.3631,-70.8821,2.7,568.0,0.011475,0.000907
NES-LTER_AE2426_ag_202411100954_003m_R1.sb,20241110,09:54:18,40.3631,-70.8821,2.7,569.0,0.011406,0.000904
NES-LTER_AE2426_ag_202411100954_003m_R1.sb,20241110,09:54:18,40.3631,-70.8821,2.7,570.0,0.011728,0.000918
NES-LTER_AE2426_ag_202411100954_003m_R1.sb,20241110,09:54:18,40.3631,-70.8821,2.7,571.0,0.011774,0.00092
NES-LTER_AE2426_ag_202411100954_003m_R1.sb,20241110,09:54:18,40.3631,-70.8821,2.7,572.0,0.011337,0.000901
NES-LTER_AE2426_ag_202411100954_003m_R1.sb,20241110,09:54:18,40.3631,-70.8821,2.7,573.0,0.010923,0.000883
NES-LTER_AE2426_ag_202411100954_003m_R1.sb,20241110,09:54:18,40.3631,-70.8821,2.7,574.0,0.010578,0.000868
NES-LTER_AE2426_ag_202411100954_003m_R1.sb,20241110,09:54:18,40.3631,-70.8821,2.7,575.0,0.010463,0.000863
NES-LTER_AE2426_ag_202411100954_003m_R1.sb,20241110,09:54:18,40.3631,-70.8821,2.7,576.0,0.010072,0.000846
NES-LTER_AE2426_ag_202411100954_003m_R1.sb,20241110,09:54:18,40.3631,-70.8821,2.7,577.0,0.009865,0.000837
NES-LTER_AE2426_ag_202411100954_003m_R1.sb,20241110,09:54:18,40.3631,-70.8821,2.7,578.0,0.009704,0.00083
NES-LTER_AE2426_ag_202411100954_003m_R1.sb,20241110,09:54:18,40.3631,-70.8821,2.7,579.0,0.009497,0.000821
NES-LTER_AE2426_ag_202411100954_003m_R1.sb,20241110,09:54:18,40.3631,-70.8821,2.7,580.0,0.009359,0.000815
NES-LTER_AE2426_ag_202411100954_003m_R1.sb,20241110,09:54:18,40.3631,-70.8821,2.7,581.0,0.009244,0.00081
NES-LTER_AE2426_ag_202411100954_003m_R1.sb,20241110,09:54:18,40.3631,-70.8821,2.7,582.0,0.00906,0.000802
NES-LTER_AE2426_ag_202411100954_003m_R1.sb,20241110,09:54:18,40.3631,-70.8821,2.7,583.0,0.009129,0.000805
NES-LTER_AE2426_ag_202411100954_003m_R1.sb,20241110,09:54:18,40.3631,-70.8821,2.7,584.0,0.009014,0.0008
NES-LTER_AE2426_ag_202411100954_003m_R1.sb,20241110,09:54:18,40.3631,-70.8821,2.7,585.0,0.008715,0.000787
NES-LTER_AE2426_ag_202411100954_003m_R1.sb,20241110,09:54:18,40.3631,-70.8821,2.7,586.0,0.008117,0.000761
NES-LTER_AE2426_ag_202411100954_003m_R1.sb,20241110,09:54:18,40.3631,-70.8821,2.7,587.0,0.007818,0.000748
NES-LTER_AE2426_ag_202411100954_003m_R1.sb,20241110,09:54:18,40.3631,-70.8821,2.7,588.0,0.00791,0.000752
NES-LTER_AE2426_ag_202411100954_003m_R1.sb,20241110,09:54:18,40.3631,-70.8821,2.7,589.0,0.007864,0.00075
NES-LTER_AE2426_ag_202411100954_003m_R1.sb,20241110,09:54:18,40.3631,-70.8821,2.7,590.0,0.007427,0.000731
NES-LTER_AE2426_ag_202411100954_003m_R1.sb,20241110,09:54:18,40.3631,-70.8821,2.7,591.0,0.00722,0.000722
NES-LTER_AE2426_ag_202411100954_003m_R1.sb,20241110,09:54:18,40.3631,-70.8821,2.7,592.0,0.00722,0.000722
NES-LTER_AE2426_ag_202411100954_003m_R1.sb,20241110,09:54:18,40.3631,-70.8821,2.7,593.0,0.006944,0.00071
NES-LTER_AE2426_ag_202411100954_003m_R1.sb,20241110,09:54:18,40.3631,-70.8821,2.7,594.0,0.006346,0.000684
NES-LTER_AE2426_ag_202411100954_003m_R1.sb,20241110,09:54:18,40.3631,-70.8821,2.7,595.0,0.005587,0.000651
NES-LTER_AE2426_ag_202411100954_003m_R1.sb,20241110,09:54:18,40.3631,-70.8821,2.7,596.0,0.00538,0.000642
NES-LTER_AE2426_ag_202411100954_003m_R1.sb,20241110,09:54:18,40.3631,-70.8821,2.7,597.0,0.005035,0.000627
NES-LTER_AE2426_ag_202411100954_003m_R1.sb,20241110,09:54:18,40.3631,-70.8821,2.7,598.0,0.00469,0.000612
NES-LTER_AE2426_ag_202411100954_003m_R1.sb,20241110,09:54:18,40.3631,-70.8821,2.7,599.0,0.004023,0.000583
NES-LTER_AE2426_ag_202411100954_003m_R1.sb,20241110,09:54:18,40.3631,-70.8821,2.7,600.0,0.003724,0.00057
NES-LTER_AE2426_ag_202411100954_003m_R1.sb,20241110,09:54:18,40.3631,-70.8821,2.7,601.0,0.003494,0.00056
NES-LTER_AE2426_ag_202411100954_003m_R1.sb,20241110,09:54:18,40.3631,-70.8821,2.7,602.0,0.003333,0.000553
NES-LTER_AE2426_ag_202411100954_003m_R1.sb,20241110,09:54:18,40.3631,-70.8821,2.7,603.0,0.00308,0.000542
NES-LTER_AE2426_ag_202411100954_003m_R1.sb,20241110,09:54:18,40.3631,-70.8821,2.7,604.0,0.003149,0.000545
NES-LTER_AE2426_ag_202411100954_003m_R1.sb,20241110,09:54:18,40.3631,-70.8821,2.7,605.0,0.003678,0.000568
NES-LTER_AE2426_ag_202411100954_003m_R1.sb,20241110,09:54:18,40.3631,-70.8821,2.7,606.0,0.004552,0.000606
NES-LTER_AE2426_ag_202411100954_003m_R1.sb,20241110,09:54:18,40.3631,-70.8821,2.7,607.0,0.005127,0.000631
NES-LTER_AE2426_ag_202411100954_003m_R1.sb,20241110,09:54:18,40.3631,-70.8821,2.7,608.0,0.005012,0.000626
NES-LTER_AE2426_ag_202411100954_003m_R1.sb,20241110,09:54:18,40.3631,-70.8821,2.7,609.0,0.004667,0.000611
NES-LTER_AE2426_ag_202411100954_003m_R1.sb,20241110,09:54:18,40.3631,-70.8821,2.7,610.0,0.004575,0.000607
NES-LTER_AE2426_ag_202411100954_003m_R1.sb,20241110,09:54:18,40.3631,-70.8821,2.7,611.0,0.005058,0.000628
NES-LTER_AE2426_ag_202411100954_003m_R1.sb,20241110,09:54:18,40.3631,-70.8821,2.7,612.0,0.005242,0.000636
NES-LTER_AE2426_ag_202411100954_003m_R1.sb,20241110,09:54:18,40.3631,-70.8821,2.7,613.0,0.005357,0.000641
NES-LTER_AE2426_ag_202411100954_003m_R1.sb,20241110,09:54:18,40.3631,-70.8821,2.7,614.0,0.005311,0.000639
NES-LTER_AE2426_ag_202411100954_003m_R1.sb,20241110,09:54:18,40.3631,-70.8821,2.7,615.0,0.00538,0.000642
NES-LTER_AE2426_ag_202411100954_003m_R1.sb,20241110,09:54:18,40.3631,-70.8821,2.7,616.0,0.005219,0.000635
NES-LTER_AE2426_ag_202411100954_003m_R1.sb,20241110,09:54:18,40.3631,-70.8821,2.7,617.0,0.004966,0.000624
NES-LTER_AE2426_ag_202411100954_003m_R1.sb,20241110,09:54:18,40.3631,-70.8821,2.7,618.0,0.004736,0.000614
NES-LTER_AE2426_ag_202411100954_003m_R1.sb,20241110,09:54:18,40.3631,-70.8821,2.7,619.0,0.004506,0.000604
NES-LTER_AE2426_ag_202411100954_003m_R1.sb,20241110,09:54:18,40.3631,-70.8821,2.7,620.0,0.004713,0.000613
NES-LTER_AE2426_ag_202411100954_003m_R1.sb,20241110,09:54:18,40.3631,-70.8821,2.7,621.0,0.004828,0.000618
NES-LTER_AE2426_ag_202411100954_003m_R1.sb,20241110,09:54:18,40.3631,-70.8821,2.7,622.0,0.005081,0.000629
NES-LTER_AE2426_ag_202411100954_003m_R1.sb,20241110,09:54:18,40.3631,-70.8821,2.7,623.0,0.005035,0.000627
NES-LTER_AE2426_ag_202411100954_003m_R1.sb,20241110,09:54:18,40.3631,-70.8821,2.7,624.0,0.005012,0.000626
NES-LTER_AE2426_ag_202411100954_003m_R1.sb,20241110,09:54:18,40.3631,-70.8821,2.7,625.0,0.004874,0.00062
NES-LTER_AE2426_ag_202411100954_003m_R1.sb,20241110,09:54:18,40.3631,-70.8821,2.7,626.0,0.005081,0.000629
NES-LTER_AE2426_ag_202411100954_003m_R1.sb,20241110,09:54:18,40.3631,-70.8821,2.7,627.0,0.004897,0.000621
NES-LTER_AE2426_ag_202411100954_003m_R1.sb,20241110,09:54:18,40.3631,-70.8821,2.7,628.0,0.004966,0.000624
NES-LTER_AE2426_ag_202411100954_003m_R1.sb,20241110,09:54:18,40.3631,-70.8821,2.7,629.0,0.004253,0.000593
NES-LTER_AE2426_ag_202411100954_003m_R1.sb,20241110,09:54:18,40.3631,-70.8821,2.7,630.0,0.003862,0.000576
NES-LTER_AE2426_ag_202411100954_003m_R1.sb,20241110,09:54:18,40.3631,-70.8821,2.7,631.0,0.003448,0.000558
NES-LTER_AE2426_ag_202411100954_003m_R1.sb,20241110,09:54:18,40.3631,-70.8821,2.7,632.0,0.003655,0.000567
NES-LTER_AE2426_ag_202411100954_003m_R1.sb,20241110,09:54:18,40.3631,-70.8821,2.7,633.0,0.003586,0.000564
NES-LTER_AE2426_ag_202411100954_003m_R1.sb,20241110,09:54:18,40.3631,-70.8821,2.7,634.0,0.00377,0.000572
NES-LTER_AE2426_ag_202411100954_003m_R1.sb,20241110,09:54:18,40.3631,-70.8821,2.7,635.0,0.00377,0.000572
NES-LTER_AE2426_ag_202411100954_003m_R1.sb,20241110,09:54:18,40.3631,-70.8821,2.7,636.0,0.004046,0.000584
NES-LTER_AE2426_ag_202411100954_003m_R1.sb,20241110,09:54:18,40.3631,-70.8821,2.7,637.0,0.004046,0.000584
NES-LTER_AE2426_ag_202411100954_003m_R1.sb,20241110,09:54:18,40.3631,-70.8821,2.7,638.0,0.003862,0.000576
NES-LTER_AE2426_ag_202411100954_003m_R1.sb,20241110,09:54:18,40.3631,-70.8821,2.7,639.0,0.004046,0.000584
NES-LTER_AE2426_ag_202411100954_003m_R1.sb,20241110,09:54:18,40.3631,-70.8821,2.7,640.0,0.003862,0.000576
NES-LTER_AE2426_ag_202411100954_003m_R1.sb,20241110,09:54:18,40.3631,-70.8821,2.7,641.0,0.003908,0.000578
NES-LTER_AE2426_ag_202411100954_003m_R1.sb,20241110,09:54:18,40.3631,-70.8821,2.7,642.0,0.003517,0.000561
NES-LTER_AE2426_ag_202411100954_003m_R1.sb,20241110,09:54:18,40.3631,-70.8821,2.7,643.0,0.003356,0.000554
NES-LTER_AE2426_ag_202411100954_003m_R1.sb,20241110,09:54:18,40.3631,-70.8821,2.7,644.0,0.003103,0.000543
NES-LTER_AE2426_ag_202411100954_003m_R1.sb,20241110,09:54:18,40.3631,-70.8821,2.7,645.0,0.002965,0.000537
NES-LTER_AE2426_ag_202411100954_003m_R1.sb,20241110,09:54:18,40.3631,-70.8821,2.7,646.0,0.002735,0.000527
NES-LTER_AE2426_ag_202411100954_003m_R1.sb,20241110,09:54:18,40.3631,-70.8821,2.7,647.0,0.00239,0.000512
NES-LTER_AE2426_ag_202411100954_003m_R1.sb,20241110,09:54:18,40.3631,-70.8821,2.7,648.0,0.002252,0.000506
NES-LTER_AE2426_ag_202411100954_003m_R1.sb,20241110,09:54:18,40.3631,-70.8821,2.7,649.0,0.002091,0.000499
NES-LTER_AE2426_ag_202411100954_003m_R1.sb,20241110,09:54:18,40.3631,-70.8821,2.7,650.0,0.002252,0.000506
NES-LTER_AE2426_ag_202411100954_003m_R1.sb,20241110,09:54:18,40.3631,-70.8821,2.7,651.0,0.00193,0.000492
NES-LTER_AE2426_ag_202411100954_003m_R1.sb,20241110,09:54:18,40.3631,-70.8821,2.7,652.0,0.001976,0.000494
NES-LTER_AE2426_ag_202411100954_003m_R1.sb,20241110,09:54:18,40.3631,-70.8821,2.7,653.0,0.001631,0.000479
NES-LTER_AE2426_ag_202411100954_003m_R1.sb,20241110,09:54:18,40.3631,-70.8821,2.7,654.0,0.001447,0.000471
NES-LTER_AE2426_ag_202411100954_003m_R1.sb,20241110,09:54:18,40.3631,-70.8821,2.7,655.0,0.000987,0.000451
NES-LTER_AE2426_ag_202411100954_003m_R1.sb,20241110,09:54:18,40.3631,-70.8821,2.7,656.0,0.00055,0.000432
NES-LTER_AE2426_ag_202411100954_003m_R1.sb,20241110,09:54:18,40.3631,-70.8821,2.7,657.0,0.000297,0.000421
NES-LTER_AE2426_ag_202411100954_003m_R1.sb,20241110,09:54:18,40.3631,-70.8821,2.7,658.0,-0.000209,0.000399
NES-LTER_AE2426_ag_202411100954_003m_R1.sb,20241110,09:54:18,40.3631,-70.8821,2.7,659.0,-0.000278,0.000396
NES-LTER_AE2426_ag_202411100954_003m_R1.sb,20241110,09:54:18,40.3631,-70.8821,2.7,660.0,-0.000347,0.000393
NES-LTER_AE2426_ag_202411100954_003m_R1.sb,20241110,09:54:18,40.3631,-70.8821,2.7,661.0,-0.00037,0.000392
NES-LTER_AE2426_ag_202411100954_003m_R1.sb,20241110,09:54:18,40.3631,-70.8821,2.7,662.0,-0.000324,0.000394
NES-LTER_AE2426_ag_202411100954_003m_R1.sb,20241110,09:54:18,40.3631,-70.8821,2.7,663.0,-0.000416,0.00039
NES-LTER_AE2426_ag_202411100954_003m_R1.sb,20241110,09:54:18,40.3631,-70.8821,2.7,664.0,-0.000163,0.000401
NES-LTER_AE2426_ag_202411100954_003m_R1.sb,20241110,09:54:18,40.3631,-70.8821,2.7,665.0,0.000251,0.000419
NES-LTER_AE2426_ag_202411100954_003m_R1.sb,20241110,09:54:18,40.3631,-70.8821,2.7,666.0,0.000458,0.000428
NES-LTER_AE2426_ag_202411100954_003m_R1.sb,20241110,09:54:18,40.3631,-70.8821,2.7,667.0,0.000527,0.000431
NES-LTER_AE2426_ag_202411100954_003m_R1.sb,20241110,09:54:18,40.3631,-70.8821,2.7,668.0,0.000228,0.000418
NES-LTER_AE2426_ag_202411100954_003m_R1.sb,20241110,09:54:18,40.3631,-70.8821,2.7,669.0,9e-05,0.000412
NES-LTER_AE2426_ag_202411100954_003m_R1.sb,20241110,09:54:18,40.3631,-70.8821,2.7,670.0,6.7e-05,0.000411
NES-LTER_AE2426_ag_202411100954_003m_R1.sb,20241110,09:54:18,40.3631,-70.8821,2.7,671.0,0.000136,0.000414
NES-LTER_AE2426_ag_202411100954_003m_R1.sb,20241110,09:54:18,40.3631,-70.8821,2.7,672.0,0.000297,0.000421
NES-LTER_AE2426_ag_202411100954_003m_R1.sb,20241110,09:54:18,40.3631,-70.8821,2.7,673.0,0.000113,0.000413
NES-LTER_AE2426_ag_202411100954_003m_R1.sb,20241110,09:54:18,40.3631,-70.8821,2.7,674.0,-0.000393,0.000391
NES-LTER_AE2426_ag_202411100954_003m_R1.sb,20241110,09:54:18,40.3631,-70.8821,2.7,675.0,-0.000807,0.000373
NES-LTER_AE2426_ag_202411100954_003m_R1.sb,20241110,09:54:18,40.3631,-70.8821,2.7,676.0,-0.001083,0.000361
NES-LTER_AE2426_ag_202411100954_003m_R1.sb,20241110,09:54:18,40.3631,-70.8821,2.7,677.0,-0.001267,0.000353
NES-LTER_AE2426_ag_202411100954_003m_R1.sb,20241110,09:54:18,40.3631,-70.8821,2.7,678.0,-0.001382,0.000348
NES-LTER_AE2426_ag_202411100954_003m_R1.sb,20241110,09:54:18,40.3631,-70.8821,2.7,679.0,-0.001382,0.000348
NES-LTER_AE2426_ag_202411100954_003m_R1.sb,20241110,09:54:18,40.3631,-70.8821,2.7,680.0,-0.001336,0.00035
NES-LTER_AE2426_ag_202411100954_003m_R1.sb,20241110,09:54:18,40.3631,-70.8821,2.7,681.0,-0.00129,0.000352
NES-LTER_AE2426_ag_202411100954_003m_R1.sb,20241110,09:54:18,40.3631,-70.8821,2.7,682.0,-0.001198,0.000356
NES-LTER_AE2426_ag_202411100954_003m_R1.sb,20241110,09:54:18,40.3631,-70.8821,2.7,683.0,-0.001612,0.000338
NES-LTER_AE2426_ag_202411100954_003m_R1.sb,20241110,09:54:18,40.3631,-70.8821,2.7,684.0,-0.002118,0.000316
NES-LTER_AE2426_ag_202411100954_003m_R1.sb,20241110,09:54:18,40.3631,-70.8821,2.7,685.0,-0.002509,0.000299
NES-LTER_AE2426_ag_202411100954_003m_R1.sb,20241110,09:54:18,40.3631,-70.8821,2.7,686.0,-0.002716,0.00029
NES-LTER_AE2426_ag_202411100954_003m_R1.sb,20241110,09:54:18,40.3631,-70.8821,2.7,687.0,-0.00267,0.000292
NES-LTER_AE2426_ag_202411100954_003m_R1.sb,20241110,09:54:18,40.3631,-70.8821,2.7,688.0,-0.003061,0.000275
NES-LTER_AE2426_ag_202411100954_003m_R1.sb,20241110,09:54:18,40.3631,-70.8821,2.7,689.0,-0.003015,0.000277
NES-LTER_AE2426_ag_202411100954_003m_R1.sb,20241110,09:54:18,40.3631,-70.8821,2.7,690.0,-0.003659,0.000249
NES-LTER_AE2426_ag_202411100954_003m_R1.sb,20241110,09:54:18,40.3631,-70.8821,2.7,691.0,-0.003912,0.000238
NES-LTER_AE2426_ag_202411100954_003m_R1.sb,20241110,09:54:18,40.3631,-70.8821,2.7,692.0,-0.004648,0.000206
NES-LTER_AE2426_ag_202411100954_003m_R1.sb,20241110,09:54:18,40.3631,-70.8821,2.7,693.0,-0.005453,0.000171
NES-LTER_AE2426_ag_202411100954_003m_R1.sb,20241110,09:54:18,40.3631,-70.8821,2.7,694.0,-0.005959,0.000149
NES-LTER_AE2426_ag_202411100954_003m_R1.sb,20241110,09:54:18,40.3631,-70.8821,2.7,695.0,-0.00612,0.000142
NES-LTER_AE2426_ag_202411100954_003m_R1.sb,20241110,09:54:18,40.3631,-70.8821,2.7,696.0,-0.00612,0.000142
NES-LTER_AE2426_ag_202411100954_003m_R1.sb,20241110,09:54:18,40.3631,-70.8821,2.7,697.0,-0.006557,0.000123
NES-LTER_AE2426_ag_202411100954_003m_R1.sb,20241110,09:54:18,40.3631,-70.8821,2.7,698.0,-0.007316,9e-05
NES-LTER_AE2426_ag_202411100954_003m_R1.sb,20241110,09:54:18,40.3631,-70.8821,2.7,699.0,-0.00773,7.2e-05
NES-LTER_AE2426_ag_202411100954_003m_R1.sb,20241110,09:54:18,40.3631,-70.8821,2.7,700.0,-0.007799,6.9e-05
NES-LTER_AE2426_ag_202411100954_003m_R1.sb,20241110,09:54:18,40.3631,-70.8821,2.7,701.0,-0.008167,5.3e-05
NES-LTER_AE2426_ag_202411100954_003m_R1.sb,20241110,09:54:18,40.3631,-70.8821,2.7,702.0,-0.008581,3.5e-05
NES-LTER_AE2426_ag_202411100954_003m_R1.sb,20241110,09:54:18,40.3631,-70.8821,2.7,703.0,-0.009271,5e-06
NES-LTER_AE2426_ag_202411100954_003m_R1.sb,20241110,09:54:18,40.3631,-70.8821,2.7,704.0,-0.010076,-3e-05
NES-LTER_AE2426_ag_202411100954_003m_R1.sb,20241110,09:54:18,40.3631,-70.8821,2.7,705.0,-0.010743,-5.9e-05
NES-LTER_AE2426_ag_202411100954_003m_R1.sb,20241110,09:54:18,40.3631,-70.8821,2.7,706.0,-0.011801,-0.000105
NES-LTER_AE2426_ag_202411100954_003m_R1.sb,20241110,09:54:18,40.3631,-70.8821,2.7,707.0,-0.012192,-0.000122
NES-LTER_AE2426_ag_202411100954_003m_R1.sb,20241110,09:54:18,40.3631,-70.8821,2.7,708.0,-0.012974,-0.000156
NES-LTER_AE2426_ag_202411100954_003m_R1.sb,20241110,09:54:18,40.3631,-70.8821,2.7,709.0,-0.013526,-0.00018
NES-LTER_AE2426_ag_202411100954_003m_R1.sb,20241110,09:54:18,40.3631,-70.8821,2.7,710.0,-0.01417,-0.000208
NES-LTER_AE2426_ag_202411100954_003m_R1.sb,20241110,09:54:18,40.3631,-70.8821,2.7,711.0,-0.014814,-0.000236
NES-LTER_AE2426_ag_202411100954_003m_R1.sb,20241110,09:54:18,40.3631,-70.8821,2.7,712.0,-0.016079,-0.000291
NES-LTER_AE2426_ag_202411100954_003m_R1.sb,20241110,09:54:18,40.3631,-70.8821,2.7,713.0,-0.017137,-0.000337
NES-LTER_AE2426_ag_202411100954_003m_R1.sb,20241110,09:54:18,40.3631,-70.8821,2.7,714.0,-0.018172,-0.000382
NES-LTER_AE2426_ag_202411100954_003m_R1.sb,20241110,09:54:18,40.3631,-70.8821,2.7,715.0,-0.018517,-0.000397
NES-LTER_AE2426_ag_202411100954_003m_R1.sb,20241110,09:54:18,40.3631,-70.8821,2.7,716.0,-0.019552,-0.000442
NES-LTER_AE2426_ag_202411100954_003m_R1.sb,20241110,09:54:18,40.3631,-70.8821,2.7,717.0,-0.020817,-0.000497
NES-LTER_AE2426_ag_202411100954_003m_R1.sb,20241110,09:54:18,40.3631,-70.8821,2.7,718.0,-0.022358,-0.000564
NES-LTER_AE2426_ag_202411100954_003m_R1.sb,20241110,09:54:18,40.3631,-70.8821,2.7,719.0,-0.023186,-0.0006
NES-LTER_AE2426_ag_202411100954_003m_R1.sb,20241110,09:54:18,40.3631,-70.8821,2.7,720.0,-0.024014,-0.000636
NES-LTER_AE2426_ag_202411100954_003m_R1.sb,20241110,09:54:18,40.3631,-70.8821,2.7,721.0,-0.024704,-0.000666
NES-LTER_AE2426_ag_202411100954_003m_R1.sb,20241110,09:54:18,40.3631,-70.8821,2.7,722.0,-0.026038,-0.000724
NES-LTER_AE2426_ag_202411100954_003m_R1.sb,20241110,09:54:18,40.3631,-70.8821,2.7,723.0,-0.027188,-0.000774
NES-LTER_AE2426_ag_202411100954_003m_R1.sb,20241110,09:54:18,40.3631,-70.8821,2.7,724.0,-0.028453,-0.000829
NES-LTER_AE2426_ag_202411100954_003m_R1.sb,20241110,09:54:18,40.3631,-70.8821,2.7,725.0,-0.030316,-0.00091
NES-LTER_AE2426_ag_202411100954_003m_R1.sb,20241110,09:54:18,40.3631,-70.8821,2.7,726.0,-0.032524,-0.001006
NES-LTER_AE2426_ag_202411100954_003m_R1.sb,20241110,09:54:18,40.3631,-70.8821,2.7,727.0,-0.035169,-0.001121
NES-LTER_AE2426_ag_202411100954_003m_R1.sb,20241110,09:54:18,40.3631,-70.8821,2.7,728.0,-0.037975,-0.001243
NES-LTER_AE2426_ag_202411100954_003m_R1.sb,20241110,09:54:18,40.3631,-70.8821,2.7,729.0,-0.041195,-0.001383
NES-LTER_AE2426_ag_202411100954_003m_R1.sb,20241110,09:54:18,40.3631,-70.8821,2.7,730.0,-0.044507,-0.001527
NES-LTER_AE2426_ag_202411100954_003m_R1.sb,20241110,09:54:18,40.3631,-70.8821,2.7,731.0,-0.047865,-0.001673
NES-LTER_AE2426_ag_202411100954_003m_R1.sb,20241110,09:54:18,40.3631,-70.8821,2.7,732.0,-0.051108,-0.001814
NES-LTER_AE2426_ag_202411100954_003m_R1.sb,20241110,09:54:18,40.3631,-70.8821,2.7,733.0,-0.053339,-0.001911
NES-LTER_AE2426_ag_202411100954_003m_R1.sb,20241110,09:54:18,40.3631,-70.8821,2.7,734.0,-0.054236,-0.00195
NES-LTER_AE2426_ag_202411100954_003m_R1.sb,20241110,09:54:18,40.3631,-70.8821,2.7,735.0,-0.053914,-0.001936
NES-LTER_AE2426_ag_202411100954_003m_R1.sb,20241110,09:54:18,40.3631,-70.8821,2.7,736.0,-0.052649,-0.001881
NES-LTER_AE2426_ag_202411100954_003m_R1.sb,20241110,09:54:18,40.3631,-70.8821,2.7,737.0,-0.050326,-0.00178
NES-LTER_AE2426_ag_202411100954_003m_R1.sb,20241110,09:54:18,40.3631,-70.8821,2.7,738.0,-0.047198,-0.001644
NES-LTER_AE2426_ag_202411100954_003m_R1.sb,20241110,09:54:18,40.3631,-70.8821,2.7,739.0,-0.043817,-0.001497
NES-LTER_AE2426_ag_202411100954_003m_R1.sb,20241110,09:54:18,40.3631,-70.8821,2.7,740.0,-0.04039,-0.001348
NES-LTER_AE2426_ag_202411100954_003m_R1.sb,20241110,09:54:18,40.3631,-70.8821,2.7,741.0,-0.036756,-0.00119
NES-LTER_AE2426_ag_202411100954_003m_R1.sb,20241110,09:54:18,40.3631,-70.8821,2.7,742.0,-0.03303,-0.001028
NES-LTER_AE2426_ag_202411100954_003m_R1.sb,20241110,09:54:18,40.3631,-70.8821,2.7,743.0,-0.029373,-0.000869
NES-LTER_AE2426_ag_202411100954_003m_R1.sb,20241110,09:54:18,40.3631,-70.8821,2.7,744.0,-0.026452,-0.000742
NES-LTER_AE2426_ag_202411100954_003m_R1.sb,20241110,09:54:18,40.3631,-70.8821,2.7,745.0,-0.023485,-0.000613
NES-LTER_AE2426_ag_202411100954_003m_R1.sb,20241110,09:54:18,40.3631,-70.8821,2.7,746.0,-0.021116,-0.00051
NES-LTER_AE2426_ag_202411100954_003m_R1.sb,20241110,09:54:18,40.3631,-70.8821,2.7,747.0,-0.018494,-0.000396
NES-LTER_AE2426_ag_202411100954_003m_R1.sb,20241110,09:54:18,40.3631,-70.8821,2.7,748.0,-0.016309,-0.000301
NES-LTER_AE2426_ag_202411100954_003m_R1.sb,20241110,09:54:18,40.3631,-70.8821,2.7,749.0,-0.014262,-0.000212
NES-LTER_AE2426_ag_202411100954_003m_R1.sb,20241110,09:54:18,40.3631,-70.8821,2.7,750.0,-0.012491,-0.000135
NES-LTER_AE2426_ag_202411100954_003m_R1.sb,20241110,09:54:18,40.3631,-70.8821,2.7,751.0,-0.01118,-7.8e-05
NES-LTER_AE2426_ag_202411100954_003m_R1.sb,20241110,09:54:18,40.3631,-70.8821,2.7,752.0,-0.009547,-7e-06
NES-LTER_AE2426_ag_202411100954_003m_R1.sb,20241110,09:54:18,40.3631,-70.8821,2.7,753.0,-0.008167,5.3e-05
NES-LTER_AE2426_ag_202411100954_003m_R1.sb,20241110,09:54:18,40.3631,-70.8821,2.7,754.0,-0.00658,0.000122
NES-LTER_AE2426_ag_202411100954_003m_R1.sb,20241110,09:54:18,40.3631,-70.8821,2.7,755.0,-0.005453,0.000171
NES-LTER_AE2426_ag_202411100954_003m_R1.sb,20241110,09:54:18,40.3631,-70.8821,2.7,756.0,-0.00428,0.000222
NES-LTER_AE2426_ag_202411100954_003m_R1.sb,20241110,09:54:18,40.3631,-70.8821,2.7,757.0,-0.003613,0.000251
NES-LTER_AE2426_ag_202411100954_003m_R1.sb,20241110,09:54:18,40.3631,-70.8821,2.7,758.0,-0.002624,0.000294
NES-LTER_AE2426_ag_202411100954_003m_R1.sb,20241110,09:54:18,40.3631,-70.8821,2.7,759.0,-0.001635,0.000337
NES-LTER_AE2426_ag_202411100954_003m_R1.sb,20241110,09:54:18,40.3631,-70.8821,2.7,760.0,-0.000899,0.000369
NES-LTER_AE2426_ag_202411100954_003m_R1.sb,20241110,09:54:18,40.3631,-70.8821,2.7,761.0,-2e-06,0.000408
NES-LTER_AE2426_ag_202411100954_003m_R1.sb,20241110,09:54:18,40.3631,-70.8821,2.7,762.0,0.000389,0.000425
NES-LTER_AE2426_ag_202411100954_003m_R1.sb,20241110,09:54:18,40.3631,-70.8821,2.7,763.0,0.001171,0.000459
NES-LTER_AE2426_ag_202411100954_003m_R1.sb,20241110,09:54:18,40.3631,-70.8821,2.7,764.0,0.001677,0.000481
NES-LTER_AE2426_ag_202411100954_003m_R1.sb,20241110,09:54:18,40.3631,-70.8821,2.7,765.0,0.002275,0.000507
NES-LTER_AE2426_ag_202411100954_003m_R1.sb,20241110,09:54:18,40.3631,-70.8821,2.7,766.0,0.002919,0.000535
NES-LTER_AE2426_ag_202411100954_003m_R1.sb,20241110,09:54:18,40.3631,-70.8821,2.7,767.0,0.00354,0.000562
NES-LTER_AE2426_ag_202411100954_003m_R1.sb,20241110,09:54:18,40.3631,-70.8821,2.7,768.0,0.004805,0.000617
NES-LTER_AE2426_ag_202411100954_003m_R1.sb,20241110,09:54:18,40.3631,-70.8821,2.7,769.0,0.005403,0.000643
NES-LTER_AE2426_ag_202411100954_003m_R1.sb,20241110,09:54:18,40.3631,-70.8821,2.7,770.0,0.00584,0.000662
NES-LTER_AE2426_ag_202411100954_003m_R1.sb,20241110,09:54:18,40.3631,-70.8821,2.7,771.0,0.005794,0.00066
NES-LTER_AE2426_ag_202411100954_003m_R1.sb,20241110,09:54:18,40.3631,-70.8821,2.7,772.0,0.006162,0.000676
NES-LTER_AE2426_ag_202411100954_003m_R1.sb,20241110,09:54:18,40.3631,-70.8821,2.7,773.0,0.006783,0.000703
NES-LTER_AE2426_ag_202411100954_003m_R1.sb,20241110,09:54:18,40.3631,-70.8821,2.7,774.0,0.007036,0.000714
NES-LTER_AE2426_ag_202411100954_003m_R1.sb,20241110,09:54:18,40.3631,-70.8821,2.7,775.0,0.007611,0.000739
NES-LTER_AE2426_ag_202411100954_003m_R1.sb,20241110,09:54:18,40.3631,-70.8821,2.7,776.0,0.007887,0.000751
NES-LTER_AE2426_ag_202411100954_003m_R1.sb,20241110,09:54:18,40.3631,-70.8821,2.7,777.0,0.008255,0.000767
NES-LTER_AE2426_ag_202411100954_003m_R1.sb,20241110,09:54:18,40.3631,-70.8821,2.7,778.0,0.008393,0.000773
NES-LTER_AE2426_ag_202411100954_003m_R1.sb,20241110,09:54:18,40.3631,-70.8821,2.7,779.0,0.00837,0.000772
NES-LTER_AE2426_ag_202411100954_003m_R1.sb,20241110,09:54:18,40.3631,-70.8821,2.7,780.0,0.008393,0.000773
NES-LTER_AE2426_ag_202411100954_003m_R1.sb,20241110,09:54:18,40.3631,-70.8821,2.7,781.0,0.00837,0.000772
NES-LTER_AE2426_ag_202411100954_003m_R1.sb,20241110,09:54:18,40.3631,-70.8821,2.7,782.0,0.007772,0.000746
NES-LTER_AE2426_ag_202411100954_003m_R1.sb,20241110,09:54:18,40.3631,-70.8821,2.7,783.0,0.00722,0.000722
NES-LTER_AE2426_ag_202411100954_003m_R1.sb,20241110,09:54:18,40.3631,-70.8821,2.7,784.0,0.006967,0.000711
NES-LTER_AE2426_ag_202411100954_003m_R1.sb,20241110,09:54:18,40.3631,-70.8821,2.7,785.0,0.007266,0.000724
NES-LTER_AE2426_ag_202411100954_003m_R1.sb,20241110,09:54:18,40.3631,-70.8821,2.7,786.0,0.007335,0.000727
NES-LTER_AE2426_ag_202411100954_003m_R1.sb,20241110,09:54:18,40.3631,-70.8821,2.7,787.0,0.007197,0.000721
NES-LTER_AE2426_ag_202411100954_003m_R1.sb,20241110,09:54:18,40.3631,-70.8821,2.7,788.0,0.007105,0.000717
NES-LTER_AE2426_ag_202411100954_003m_R1.sb,20241110,09:54:18,40.3631,-70.8821,2.7,789.0,0.006829,0.000705
NES-LTER_AE2426_ag_202411100954_003m_R1.sb,20241110,09:54:18,40.3631,-70.8821,2.7,790.0,0.006392,0.000686
NES-LTER_AE2426_ag_202411100954_003m_R1.sb,20241110,09:54:18,40.3631,-70.8821,2.7,791.0,0.005265,0.000637
NES-LTER_AE2426_ag_202411100954_003m_R1.sb,20241110,09:54:18,40.3631,-70.8821,2.7,792.0,0.004851,0.000619
NES-LTER_AE2426_ag_202411100954_003m_R1.sb,20241110,09:54:18,40.3631,-70.8821,2.7,793.0,0.004161,0.000589
NES-LTER_AE2426_ag_202411100954_003m_R1.sb,20241110,09:54:18,40.3631,-70.8821,2.7,794.0,0.003816,0.000574
NES-LTER_AE2426_ag_202411100954_003m_R1.sb,20241110,09:54:18,40.3631,-70.8821,2.7,795.0,0.002919,0.000535
NES-LTER_AE2426_ag_202411100954_003m_R1.sb,20241110,09:54:18,40.3631,-70.8821,2.7,796.0,0.002137,0.000501
NES-LTER_AE2426_ag_202411100954_003m_R1.sb,20241110,09:54:18,40.3631,-70.8821,2.7,797.0,0.001332,0.000466
NES-LTER_AE2426_ag_202411100954_003m_R1.sb,20241110,09:54:18,40.3631,-70.8821,2.7,798.0,0.000412,0.000426
NES-LTER_AE2426_ag_202411100954_003m_R1.sb,20241110,09:54:18,40.3631,-70.8821,2.7,799.0,-0.000531,0.000385
NES-LTER_AE2426_ag_202411100954_003m_R1.sb,20241110,09:54:18,40.3631,-70.8821,2.7,800.0,-0.001313,0.000351
NES-LTER_AE2426_ag_202411100954_003m_R1.sb,20241110,09:54:18,40.3631,-70.8821,2.7,801.0,-0.002118,0.000316
NES-LTER_AE2426_ag_202411100954_003m_R1.sb,20241110,09:54:18,40.3631,-70.8821,2.7,802.0,-0.003245,0.000267
NES-LTER_AE2426_ag_202411100954_003m_R1.sb,20241110,09:54:18,40.3631,-70.8821,2.7,803.0,-0.004326,0.00022
NES-LTER_AE2426_ag_202411100954_003m_R1.sb,20241110,09:54:18,40.3631,-70.8821,2.7,804.0,-0.005269,0.000179
NES-LTER_AE2426_ag_202411100954_003m_R1.sb,20241110,09:54:18,40.3631,-70.8821,2.7,805.0,-0.007017,0.000103
NES-LTER_AE2426_ag_202411100954_003m_R1.sb,20241110,09:54:18,40.3631,-70.8821,2.7,806.0,-0.008788,2.6e-05
NES-LTER_AE2426_ag_202411100954_003m_R1.sb,20241110,09:54:18,40.3631,-70.8821,2.7,807.0,-0.010467,-4.7e-05
NES-LTER_AE2426_ag_202411100954_003m_R1.sb,20241110,09:54:18,40.3631,-70.8821,2.7,808.0,-0.011686,-0.0001
NES-LTER_AE2426_ag_202411100954_003m_R1.sb,20241110,09:54:18,40.3631,-70.8821,2.7,809.0,-0.012836,-0.00015
NES-LTER_AE2426_ag_202411100954_003m_R1.sb,20241110,09:54:18,40.3631,-70.8821,2.7,810.0,-0.014308,-0.000214
NES-LTER_AE2426_ag_202411100954_003m_R1.sb,20241110,09:54:18,40.3631,-70.8821,2.7,811.0,-0.015987,-0.000287
NES-LTER_AE2426_ag_202411100954_003m_R1.sb,20241110,09:54:18,40.3631,-70.8821,2.7,812.0,-0.017689,-0.000361
NES-LTER_AE2426_ag_202411100954_003m_R1.sb,20241110,09:54:18,40.3631,-70.8821,2.7,813.0,-0.019575,-0.000443
NES-LTER_AE2426_ag_202411100954_003m_R1.sb,20241110,09:54:18,40.3631,-70.8821,2.7,814.0,-0.020518,-0.000484
NES-LTER_AE2426_ag_202411100954_003m_R1.sb,20241110,09:54:18,40.3631,-70.8821,2.7,815.0,-0.021829,-0.000541
NES-LTER_AE2426_ag_202411100954_003m_R1.sb,20241110,09:54:18,40.3631,-70.8821,2.7,816.0,-0.022726,-0.00058
NES-LTER_AE2426_ag_202411100954_003m_R1.sb,20241110,09:54:18,40.3631,-70.8821,2.7,817.0,-0.024221,-0.000645
NES-LTER_AE2426_ag_202411100954_003m_R1.sb,20241110,09:54:18,40.3631,-70.8821,2.7,818.0,-0.025463,-0.000699
NES-LTER_AE2426_ag_202411100954_003m_R1.sb,20241110,09:54:18,40.3631,-70.8821,2.7,819.0,-0.026935,-0.000763
NES-LTER_AE2426_ag_202411100954_003m_R1.sb,20241110,09:54:18,40.3631,-70.8821,2.7,820.0,-0.028775,-0.000843
NES-LTER_AE2426_ag_202411100954_003m_R1.sb,20241110,09:54:18,40.3631,-70.8821,2.7,821.0,-0.031098,-0.000944
NES-LTER_AE2426_ag_202411100954_003m_R1.sb,20241110,09:54:18,40.3631,-70.8821,2.7,822.0,-0.033674,-0.001056
NES-LTER_AE2426_ag_202411100954_003m_R1.sb,20241110,09:54:18,40.3631,-70.8821,2.7,823.0,-0.036664,-0.001186
NES-LTER_AE2426_ag_202411100954_003m_R1.sb,20241110,09:54:18,40.3631,-70.8821,2.7,824.0,-0.04085,-0.001368
NES-LTER_AE2426_ag_202411100954_003m_R1.sb,20241110,09:54:18,40.3631,-70.8821,2.7,825.0,-0.045542,-0.001572
NES-LTER_AE2426_ag_202411100954_003m_R1.sb,20241110,09:54:18,40.3631,-70.8821,2.7,826.0,-0.050418,-0.001784
NES-LTER_AE2426_ag_202411100954_003m_R1.sb,20241110,09:54:18,40.3631,-70.8821,2.7,827.0,-0.055777,-0.002017
NES-LTER_AE2426_ag_202411100954_003m_R1.sb,20241110,09:54:18,40.3631,-70.8821,2.7,828.0,-0.061435,-0.002263
NES-LTER_AE2426_ag_202411100954_003m_R1.sb,20241110,09:54:18,40.3631,-70.8821,2.7,829.0,-0.066702,-0.002492
NES-LTER_AE2426_ag_202411100954_003m_R1.sb,20241110,09:54:18,40.3631,-70.8821,2.7,830.0,-0.070221,-0.002645
NES-LTER_AE2426_ag_202411100954_003m_R1.sb,20241110,09:54:18,40.3631,-70.8821,2.7,831.0,-0.073073,-0.002769
NES-LTER_AE2426_ag_202411100954_003m_R1.sb,20241110,09:54:18,40.3631,-70.8821,2.7,832.0,-0.07466,-0.002838
NES-LTER_AE2426_ag_202411100954_003m_R1.sb,20241110,09:54:18,40.3631,-70.8821,2.7,833.0,-0.07443,-0.002828
NES-LTER_AE2426_ag_202411100954_003m_R1.sb,20241110,09:54:18,40.3631,-70.8821,2.7,834.0,-0.072153,-0.002729
NES-LTER_AE2426_ag_202411100954_003m_R1.sb,20241110,09:54:18,40.3631,-70.8821,2.7,835.0,-0.069416,-0.00261
NES-LTER_AE2426_ag_202411100954_003m_R1.sb,20241110,09:54:18,40.3631,-70.8821,2.7,836.0,-0.066104,-0.002466
NES-LTER_AE2426_ag_202411100954_003m_R1.sb,20241110,09:54:18,40.3631,-70.8821,2.7,837.0,-0.062608,-0.002314
NES-LTER_AE2426_ag_202411100954_003m_R1.sb,20241110,09:54:18,40.3631,-70.8821,2.7,838.0,-0.058008,-0.002114
NES-LTER_AE2426_ag_202411100954_003m_R1.sb,20241110,09:54:18,40.3631,-70.8821,2.7,839.0,-0.054006,-0.00194
NES-LTER_AE2426_ag_202411100954_003m_R1.sb,20241110,09:54:18,40.3631,-70.8821,2.7,840.0,-0.050579,-0.001791
NES-LTER_AE2426_ag_202411100954_003m_R1.sb,20241110,09:54:18,40.3631,-70.8821,2.7,841.0,-0.04867,-0.001708
NES-LTER_AE2426_ag_202411100954_003m_R1.sb,20241110,09:54:18,40.3631,-70.8821,2.7,842.0,-0.046784,-0.001626
NES-LTER_AE2426_ag_202411100954_003m_R1.sb,20241110,09:54:18,40.3631,-70.8821,2.7,843.0,-0.044254,-0.001516
NES-LTER_AE2426_ag_202411100954_003m_R1.sb,20241110,09:54:18,40.3631,-70.8821,2.7,844.0,-0.04154,-0.001398
NES-LTER_AE2426_ag_202411100954_003m_R1.sb,20241110,09:54:18,40.3631,-70.8821,2.7,845.0,-0.039723,-0.001319
NES-LTER_AE2426_ag_202411100954_003m_R1.sb,20241110,09:54:18,40.3631,-70.8821,2.7,846.0,-0.03855,-0.001268
NES-LTER_AE2426_ag_202411100954_003m_R1.sb,20241110,09:54:18,40.3631,-70.8821,2.7,847.0,-0.037055,-0.001203
NES-LTER_AE2426_ag_202411100954_003m_R1.sb,20241110,09:54:18,40.3631,-70.8821,2.7,848.0,-0.034295,-0.001083
NES-LTER_AE2426_ag_202411100954_003m_R1.sb,20241110,09:54:18,40.3631,-70.8821,2.7,849.0,-0.032087,-0.000987
NES-LTER_AE2426_ag_202411100954_003m_R1.sb,20241110,09:54:18,40.3631,-70.8821,2.7,850.0,-0.029833,-0.000889
NES-LTER_AE2426_ag_202411101306_002m_R1.sb,20241110,13:06:09,40.7008,-70.8845,2.5,300.0,0.858025,0.037852
NES-LTER_AE2426_ag_202411101306_002m_R1.sb,20241110,13:06:09,40.7008,-70.8845,2.5,301.0,0.835577,0.036876
NES-LTER_AE2426_ag_202411101306_002m_R1.sb,20241110,13:06:09,40.7008,-70.8845,2.5,302.0,0.814003,0.035938
NES-LTER_AE2426_ag_202411101306_002m_R1.sb,20241110,13:06:09,40.7008,-70.8845,2.5,303.0,0.793579,0.03505
NES-LTER_AE2426_ag_202411101306_002m_R1.sb,20241110,13:06:09,40.7008,-70.8845,2.5,304.0,0.773684,0.034185
NES-LTER_AE2426_ag_202411101306_002m_R1.sb,20241110,13:06:09,40.7008,-70.8845,2.5,305.0,0.755238,0.033383
NES-LTER_AE2426_ag_202411101306_002m_R1.sb,20241110,13:06:09,40.7008,-70.8845,2.5,306.0,0.736723,0.032578
NES-LTER_AE2426_ag_202411101306_002m_R1.sb,20241110,13:06:09,40.7008,-70.8845,2.5,307.0,0.718783,0.031798
NES-LTER_AE2426_ag_202411101306_002m_R1.sb,20241110,13:06:09,40.7008,-70.8845,2.5,308.0,0.701694,0.031055
NES-LTER_AE2426_ag_202411101306_002m_R1.sb,20241110,13:06:09,40.7008,-70.8845,2.5,309.0,0.686169,0.03038
NES-LTER_AE2426_ag_202411101306_002m_R1.sb,20241110,13:06:09,40.7008,-70.8845,2.5,310.0,0.671127,0.029726
NES-LTER_AE2426_ag_202411101306_002m_R1.sb,20241110,13:06:09,40.7008,-70.8845,2.5,311.0,0.656223,0.029078
NES-LTER_AE2426_ag_202411101306_002m_R1.sb,20241110,13:06:09,40.7008,-70.8845,2.5,312.0,0.641411,0.028434
NES-LTER_AE2426_ag_202411101306_002m_R1.sb,20241110,13:06:09,40.7008,-70.8845,2.5,313.0,0.627519,0.02783
NES-LTER_AE2426_ag_202411101306_002m_R1.sb,20241110,13:06:09,40.7008,-70.8845,2.5,314.0,0.61388,0.027237
NES-LTER_AE2426_ag_202411101306_002m_R1.sb,20241110,13:06:09,40.7008,-70.8845,2.5,315.0,0.600977,0.026676
NES-LTER_AE2426_ag_202411101306_002m_R1.sb,20241110,13:06:09,40.7008,-70.8845,2.5,316.0,0.587936,0.026109
NES-LTER_AE2426_ag_202411101306_002m_R1.sb,20241110,13:06:09,40.7008,-70.8845,2.5,317.0,0.575608,0.025573
NES-LTER_AE2426_ag_202411101306_002m_R1.sb,20241110,13:06:09,40.7008,-70.8845,2.5,318.0,0.563533,0.025048
NES-LTER_AE2426_ag_202411101306_002m_R1.sb,20241110,13:06:09,40.7008,-70.8845,2.5,319.0,0.551987,0.024546
NES-LTER_AE2426_ag_202411101306_002m_R1.sb,20241110,13:06:09,40.7008,-70.8845,2.5,320.0,0.540901,0.024064
NES-LTER_AE2426_ag_202411101306_002m_R1.sb,20241110,13:06:09,40.7008,-70.8845,2.5,321.0,0.529309,0.02356
NES-LTER_AE2426_ag_202411101306_002m_R1.sb,20241110,13:06:09,40.7008,-70.8845,2.5,322.0,0.518407,0.023086
NES-LTER_AE2426_ag_202411101306_002m_R1.sb,20241110,13:06:09,40.7008,-70.8845,2.5,323.0,0.50785,0.022627
NES-LTER_AE2426_ag_202411101306_002m_R1.sb,20241110,13:06:09,40.7008,-70.8845,2.5,324.0,0.498029,0.0222
NES-LTER_AE2426_ag_202411101306_002m_R1.sb,20241110,13:06:09,40.7008,-70.8845,2.5,325.0,0.488507,0.021786
NES-LTER_AE2426_ag_202411101306_002m_R1.sb,20241110,13:06:09,40.7008,-70.8845,2.5,326.0,0.478824,0.021365
NES-LTER_AE2426_ag_202411101306_002m_R1.sb,20241110,13:06:09,40.7008,-70.8845,2.5,327.0,0.469026,0.020939
NES-LTER_AE2426_ag_202411101306_002m_R1.sb,20241110,13:06:09,40.7008,-70.8845,2.5,328.0,0.45978,0.020537
NES-LTER_AE2426_ag_202411101306_002m_R1.sb,20241110,13:06:09,40.7008,-70.8845,2.5,329.0,0.450741,0.020144
NES-LTER_AE2426_ag_202411101306_002m_R1.sb,20241110,13:06:09,40.7008,-70.8845,2.5,330.0,0.442576,0.019789
NES-LTER_AE2426_ag_202411101306_002m_R1.sb,20241110,13:06:09,40.7008,-70.8845,2.5,331.0,0.433698,0.019403
NES-LTER_AE2426_ag_202411101306_002m_R1.sb,20241110,13:06:09,40.7008,-70.8845,2.5,332.0,0.425257,0.019036
NES-LTER_AE2426_ag_202411101306_002m_R1.sb,20241110,13:06:09,40.7008,-70.8845,2.5,333.0,0.417046,0.018679
NES-LTER_AE2426_ag_202411101306_002m_R1.sb,20241110,13:06:09,40.7008,-70.8845,2.5,334.0,0.409272,0.018341
NES-LTER_AE2426_ag_202411101306_002m_R1.sb,20241110,13:06:09,40.7008,-70.8845,2.5,335.0,0.401659,0.01801
NES-LTER_AE2426_ag_202411101306_002m_R1.sb,20241110,13:06:09,40.7008,-70.8845,2.5,336.0,0.394092,0.017681
NES-LTER_AE2426_ag_202411101306_002m_R1.sb,20241110,13:06:09,40.7008,-70.8845,2.5,337.0,0.386709,0.01736
NES-LTER_AE2426_ag_202411101306_002m_R1.sb,20241110,13:06:09,40.7008,-70.8845,2.5,338.0,0.379648,0.017053
NES-LTER_AE2426_ag_202411101306_002m_R1.sb,20241110,13:06:09,40.7008,-70.8845,2.5,339.0,0.372058,0.016723
NES-LTER_AE2426_ag_202411101306_002m_R1.sb,20241110,13:06:09,40.7008,-70.8845,2.5,340.0,0.365342,0.016431
NES-LTER_AE2426_ag_202411101306_002m_R1.sb,20241110,13:06:09,40.7008,-70.8845,2.5,341.0,0.358419,0.01613
NES-LTER_AE2426_ag_202411101306_002m_R1.sb,20241110,13:06:09,40.7008,-70.8845,2.5,342.0,0.352071,0.015854
NES-LTER_AE2426_ag_202411101306_002m_R1.sb,20241110,13:06:09,40.7008,-70.8845,2.5,343.0,0.345401,0.015564
NES-LTER_AE2426_ag_202411101306_002m_R1.sb,20241110,13:06:09,40.7008,-70.8845,2.5,344.0,0.338754,0.015275
NES-LTER_AE2426_ag_202411101306_002m_R1.sb,20241110,13:06:09,40.7008,-70.8845,2.5,345.0,0.332912,0.015021
NES-LTER_AE2426_ag_202411101306_002m_R1.sb,20241110,13:06:09,40.7008,-70.8845,2.5,346.0,0.327254,0.014775
NES-LTER_AE2426_ag_202411101306_002m_R1.sb,20241110,13:06:09,40.7008,-70.8845,2.5,347.0,0.321826,0.014539
NES-LTER_AE2426_ag_202411101306_002m_R1.sb,20241110,13:06:09,40.7008,-70.8845,2.5,348.0,0.315892,0.014281
NES-LTER_AE2426_ag_202411101306_002m_R1.sb,20241110,13:06:09,40.7008,-70.8845,2.5,349.0,0.309774,0.014015
NES-LTER_AE2426_ag_202411101306_002m_R1.sb,20241110,13:06:09,40.7008,-70.8845,2.5,350.0,0.30407,0.013767
NES-LTER_AE2426_ag_202411101306_002m_R1.sb,20241110,13:06:09,40.7008,-70.8845,2.5,351.0,0.298711,0.013534
NES-LTER_AE2426_ag_202411101306_002m_R1.sb,20241110,13:06:09,40.7008,-70.8845,2.5,352.0,0.293743,0.013318
NES-LTER_AE2426_ag_202411101306_002m_R1.sb,20241110,13:06:09,40.7008,-70.8845,2.5,353.0,0.288522,0.013091
NES-LTER_AE2426_ag_202411101306_002m_R1.sb,20241110,13:06:09,40.7008,-70.8845,2.5,354.0,0.283623,0.012878
NES-LTER_AE2426_ag_202411101306_002m_R1.sb,20241110,13:06:09,40.7008,-70.8845,2.5,355.0,0.278609,0.01266
NES-LTER_AE2426_ag_202411101306_002m_R1.sb,20241110,13:06:09,40.7008,-70.8845,2.5,356.0,0.273894,0.012455
NES-LTER_AE2426_ag_202411101306_002m_R1.sb,20241110,13:06:09,40.7008,-70.8845,2.5,357.0,0.269271,0.012254
NES-LTER_AE2426_ag_202411101306_002m_R1.sb,20241110,13:06:09,40.7008,-70.8845,2.5,358.0,0.264487,0.012046
NES-LTER_AE2426_ag_202411101306_002m_R1.sb,20241110,13:06:09,40.7008,-70.8845,2.5,359.0,0.259749,0.01184
NES-LTER_AE2426_ag_202411101306_002m_R1.sb,20241110,13:06:09,40.7008,-70.8845,2.5,360.0,0.254919,0.01163
NES-LTER_AE2426_ag_202411101306_002m_R1.sb,20241110,13:06:09,40.7008,-70.8845,2.5,361.0,0.250664,0.011445
NES-LTER_AE2426_ag_202411101306_002m_R1.sb,20241110,13:06:09,40.7008,-70.8845,2.5,362.0,0.246386,0.011259
NES-LTER_AE2426_ag_202411101306_002m_R1.sb,20241110,13:06:09,40.7008,-70.8845,2.5,363.0,0.242384,0.011085
NES-LTER_AE2426_ag_202411101306_002m_R1.sb,20241110,13:06:09,40.7008,-70.8845,2.5,364.0,0.238221,0.010904
NES-LTER_AE2426_ag_202411101306_002m_R1.sb,20241110,13:06:09,40.7008,-70.8845,2.5,365.0,0.234334,0.010735
NES-LTER_AE2426_ag_202411101306_002m_R1.sb,20241110,13:06:09,40.7008,-70.8845,2.5,366.0,0.230424,0.010565
NES-LTER_AE2426_ag_202411101306_002m_R1.sb,20241110,13:06:09,40.7008,-70.8845,2.5,367.0,0.226721,0.010404
NES-LTER_AE2426_ag_202411101306_002m_R1.sb,20241110,13:06:09,40.7008,-70.8845,2.5,368.0,0.222926,0.010239
NES-LTER_AE2426_ag_202411101306_002m_R1.sb,20241110,13:06:09,40.7008,-70.8845,2.5,369.0,0.218648,0.010053
NES-LTER_AE2426_ag_202411101306_002m_R1.sb,20241110,13:06:09,40.7008,-70.8845,2.5,370.0,0.215106,0.009899
NES-LTER_AE2426_ag_202411101306_002m_R1.sb,20241110,13:06:09,40.7008,-70.8845,2.5,371.0,0.212047,0.009766
NES-LTER_AE2426_ag_202411101306_002m_R1.sb,20241110,13:06:09,40.7008,-70.8845,2.5,372.0,0.208206,0.009599
NES-LTER_AE2426_ag_202411101306_002m_R1.sb,20241110,13:06:09,40.7008,-70.8845,2.5,373.0,0.203813,0.009408
NES-LTER_AE2426_ag_202411101306_002m_R1.sb,20241110,13:06:09,40.7008,-70.8845,2.5,374.0,0.198983,0.009198
NES-LTER_AE2426_ag_202411101306_002m_R1.sb,20241110,13:06:09,40.7008,-70.8845,2.5,375.0,0.195625,0.009052
NES-LTER_AE2426_ag_202411101306_002m_R1.sb,20241110,13:06:09,40.7008,-70.8845,2.5,376.0,0.192129,0.0089
NES-LTER_AE2426_ag_202411101306_002m_R1.sb,20241110,13:06:09,40.7008,-70.8845,2.5,377.0,0.189024,0.008765
NES-LTER_AE2426_ag_202411101306_002m_R1.sb,20241110,13:06:09,40.7008,-70.8845,2.5,378.0,0.186034,0.008635
NES-LTER_AE2426_ag_202411101306_002m_R1.sb,20241110,13:06:09,40.7008,-70.8845,2.5,379.0,0.183251,0.008514
NES-LTER_AE2426_ag_202411101306_002m_R1.sb,20241110,13:06:09,40.7008,-70.8845,2.5,380.0,0.180606,0.008399
NES-LTER_AE2426_ag_202411101306_002m_R1.sb,20241110,13:06:09,40.7008,-70.8845,2.5,381.0,0.177294,0.008255
NES-LTER_AE2426_ag_202411101306_002m_R1.sb,20241110,13:06:09,40.7008,-70.8845,2.5,382.0,0.174074,0.008115
NES-LTER_AE2426_ag_202411101306_002m_R1.sb,20241110,13:06:09,40.7008,-70.8845,2.5,383.0,0.170946,0.007979
NES-LTER_AE2426_ag_202411101306_002m_R1.sb,20241110,13:06:09,40.7008,-70.8845,2.5,384.0,0.168002,0.007851
NES-LTER_AE2426_ag_202411101306_002m_R1.sb,20241110,13:06:09,40.7008,-70.8845,2.5,385.0,0.164805,0.007712
NES-LTER_AE2426_ag_202411101306_002m_R1.sb,20241110,13:06:09,40.7008,-70.8845,2.5,386.0,0.161907,0.007586
NES-LTER_AE2426_ag_202411101306_002m_R1.sb,20241110,13:06:09,40.7008,-70.8845,2.5,387.0,0.159446,0.007479
NES-LTER_AE2426_ag_202411101306_002m_R1.sb,20241110,13:06:09,40.7008,-70.8845,2.5,388.0,0.157629,0.0074
NES-LTER_AE2426_ag_202411101306_002m_R1.sb,20241110,13:06:09,40.7008,-70.8845,2.5,389.0,0.155375,0.007302
NES-LTER_AE2426_ag_202411101306_002m_R1.sb,20241110,13:06:09,40.7008,-70.8845,2.5,390.0,0.152638,0.007183
NES-LTER_AE2426_ag_202411101306_002m_R1.sb,20241110,13:06:09,40.7008,-70.8845,2.5,391.0,0.14951,0.007047
NES-LTER_AE2426_ag_202411101306_002m_R1.sb,20241110,13:06:09,40.7008,-70.8845,2.5,392.0,0.146589,0.00692
NES-LTER_AE2426_ag_202411101306_002m_R1.sb,20241110,13:06:09,40.7008,-70.8845,2.5,393.0,0.144588,0.006833
NES-LTER_AE2426_ag_202411101306_002m_R1.sb,20241110,13:06:09,40.7008,-70.8845,2.5,394.0,0.142357,0.006736
NES-LTER_AE2426_ag_202411101306_002m_R1.sb,20241110,13:06:09,40.7008,-70.8845,2.5,395.0,0.140103,0.006638
NES-LTER_AE2426_ag_202411101306_002m_R1.sb,20241110,13:06:09,40.7008,-70.8845,2.5,396.0,0.137711,0.006534
NES-LTER_AE2426_ag_202411101306_002m_R1.sb,20241110,13:06:09,40.7008,-70.8845,2.5,397.0,0.135756,0.006449
NES-LTER_AE2426_ag_202411101306_002m_R1.sb,20241110,13:06:09,40.7008,-70.8845,2.5,398.0,0.134192,0.006381
NES-LTER_AE2426_ag_202411101306_002m_R1.sb,20241110,13:06:09,40.7008,-70.8845,2.5,399.0,0.132329,0.0063
NES-LTER_AE2426_ag_202411101306_002m_R1.sb,20241110,13:06:09,40.7008,-70.8845,2.5,400.0,0.130489,0.00622
NES-LTER_AE2426_ag_202411101306_002m_R1.sb,20241110,13:06:09,40.7008,-70.8845,2.5,401.0,0.128442,0.006131
NES-LTER_AE2426_ag_202411101306_002m_R1.sb,20241110,13:06:09,40.7008,-70.8845,2.5,402.0,0.126349,0.00604
NES-LTER_AE2426_ag_202411101306_002m_R1.sb,20241110,13:06:09,40.7008,-70.8845,2.5,403.0,0.124716,0.005969
NES-LTER_AE2426_ag_202411101306_002m_R1.sb,20241110,13:06:09,40.7008,-70.8845,2.5,404.0,0.122692,0.005881
NES-LTER_AE2426_ag_202411101306_002m_R1.sb,20241110,13:06:09,40.7008,-70.8845,2.5,405.0,0.120806,0.005799
NES-LTER_AE2426_ag_202411101306_002m_R1.sb,20241110,13:06:09,40.7008,-70.8845,2.5,406.0,0.118874,0.005715
NES-LTER_AE2426_ag_202411101306_002m_R1.sb,20241110,13:06:09,40.7008,-70.8845,2.5,407.0,0.117287,0.005646
NES-LTER_AE2426_ag_202411101306_002m_R1.sb,20241110,13:06:09,40.7008,-70.8845,2.5,408.0,0.115493,0.005568
NES-LTER_AE2426_ag_202411101306_002m_R1.sb,20241110,13:06:09,40.7008,-70.8845,2.5,409.0,0.1134,0.005477
NES-LTER_AE2426_ag_202411101306_002m_R1.sb,20241110,13:06:09,40.7008,-70.8845,2.5,410.0,0.111422,0.005391
NES-LTER_AE2426_ag_202411101306_002m_R1.sb,20241110,13:06:09,40.7008,-70.8845,2.5,411.0,0.10972,0.005317
NES-LTER_AE2426_ag_202411101306_002m_R1.sb,20241110,13:06:09,40.7008,-70.8845,2.5,412.0,0.108271,0.005254
NES-LTER_AE2426_ag_202411101306_002m_R1.sb,20241110,13:06:09,40.7008,-70.8845,2.5,413.0,0.106707,0.005186
NES-LTER_AE2426_ag_202411101306_002m_R1.sb,20241110,13:06:09,40.7008,-70.8845,2.5,414.0,0.104867,0.005106
NES-LTER_AE2426_ag_202411101306_002m_R1.sb,20241110,13:06:09,40.7008,-70.8845,2.5,415.0,0.102958,0.005023
NES-LTER_AE2426_ag_202411101306_002m_R1.sb,20241110,13:06:09,40.7008,-70.8845,2.5,416.0,0.100934,0.004935
NES-LTER_AE2426_ag_202411101306_002m_R1.sb,20241110,13:06:09,40.7008,-70.8845,2.5,417.0,0.09914,0.004857
NES-LTER_AE2426_ag_202411101306_002m_R1.sb,20241110,13:06:09,40.7008,-70.8845,2.5,418.0,0.097461,0.004784
NES-LTER_AE2426_ag_202411101306_002m_R1.sb,20241110,13:06:09,40.7008,-70.8845,2.5,419.0,0.096035,0.004722
NES-LTER_AE2426_ag_202411101306_002m_R1.sb,20241110,13:06:09,40.7008,-70.8845,2.5,420.0,0.094517,0.004656
NES-LTER_AE2426_ag_202411101306_002m_R1.sb,20241110,13:06:09,40.7008,-70.8845,2.5,421.0,0.092562,0.004571
NES-LTER_AE2426_ag_202411101306_002m_R1.sb,20241110,13:06:09,40.7008,-70.8845,2.5,422.0,0.09109,0.004507
NES-LTER_AE2426_ag_202411101306_002m_R1.sb,20241110,13:06:09,40.7008,-70.8845,2.5,423.0,0.089572,0.004441
NES-LTER_AE2426_ag_202411101306_002m_R1.sb,20241110,13:06:09,40.7008,-70.8845,2.5,424.0,0.087939,0.00437
NES-LTER_AE2426_ag_202411101306_002m_R1.sb,20241110,13:06:09,40.7008,-70.8845,2.5,425.0,0.085846,0.004279
NES-LTER_AE2426_ag_202411101306_002m_R1.sb,20241110,13:06:09,40.7008,-70.8845,2.5,426.0,0.083707,0.004186
NES-LTER_AE2426_ag_202411101306_002m_R1.sb,20241110,13:06:09,40.7008,-70.8845,2.5,427.0,0.082235,0.004122
NES-LTER_AE2426_ag_202411101306_002m_R1.sb,20241110,13:06:09,40.7008,-70.8845,2.5,428.0,0.080671,0.004054
NES-LTER_AE2426_ag_202411101306_002m_R1.sb,20241110,13:06:09,40.7008,-70.8845,2.5,429.0,0.079521,0.004004
NES-LTER_AE2426_ag_202411101306_002m_R1.sb,20241110,13:06:09,40.7008,-70.8845,2.5,430.0,0.07775,0.003927
NES-LTER_AE2426_ag_202411101306_002m_R1.sb,20241110,13:06:09,40.7008,-70.8845,2.5,431.0,0.076301,0.003864
NES-LTER_AE2426_ag_202411101306_002m_R1.sb,20241110,13:06:09,40.7008,-70.8845,2.5,432.0,0.075013,0.003808
NES-LTER_AE2426_ag_202411101306_002m_R1.sb,20241110,13:06:09,40.7008,-70.8845,2.5,433.0,0.073932,0.003761
NES-LTER_AE2426_ag_202411101306_002m_R1.sb,20241110,13:06:09,40.7008,-70.8845,2.5,434.0,0.072483,0.003698
NES-LTER_AE2426_ag_202411101306_002m_R1.sb,20241110,13:06:09,40.7008,-70.8845,2.5,435.0,0.07085,0.003627
NES-LTER_AE2426_ag_202411101306_002m_R1.sb,20241110,13:06:09,40.7008,-70.8845,2.5,436.0,0.069516,0.003569
NES-LTER_AE2426_ag_202411101306_002m_R1.sb,20241110,13:06:09,40.7008,-70.8845,2.5,437.0,0.068297,0.003516
NES-LTER_AE2426_ag_202411101306_002m_R1.sb,20241110,13:06:09,40.7008,-70.8845,2.5,438.0,0.067285,0.003472
NES-LTER_AE2426_ag_202411101306_002m_R1.sb,20241110,13:06:09,40.7008,-70.8845,2.5,439.0,0.065859,0.00341
NES-LTER_AE2426_ag_202411101306_002m_R1.sb,20241110,13:06:09,40.7008,-70.8845,2.5,440.0,0.064226,0.003339
NES-LTER_AE2426_ag_202411101306_002m_R1.sb,20241110,13:06:09,40.7008,-70.8845,2.5,441.0,0.062432,0.003261
NES-LTER_AE2426_ag_202411101306_002m_R1.sb,20241110,13:06:09,40.7008,-70.8845,2.5,442.0,0.061167,0.003206
NES-LTER_AE2426_ag_202411101306_002m_R1.sb,20241110,13:06:09,40.7008,-70.8845,2.5,443.0,0.060684,0.003185
NES-LTER_AE2426_ag_202411101306_002m_R1.sb,20241110,13:06:09,40.7008,-70.8845,2.5,444.0,0.05981,0.003147
NES-LTER_AE2426_ag_202411101306_002m_R1.sb,20241110,13:06:09,40.7008,-70.8845,2.5,445.0,0.058821,0.003104
NES-LTER_AE2426_ag_202411101306_002m_R1.sb,20241110,13:06:09,40.7008,-70.8845,2.5,446.0,0.057303,0.003038
NES-LTER_AE2426_ag_202411101306_002m_R1.sb,20241110,13:06:09,40.7008,-70.8845,2.5,447.0,0.056567,0.003006
NES-LTER_AE2426_ag_202411101306_002m_R1.sb,20241110,13:06:09,40.7008,-70.8845,2.5,448.0,0.055877,0.002976
NES-LTER_AE2426_ag_202411101306_002m_R1.sb,20241110,13:06:09,40.7008,-70.8845,2.5,449.0,0.055003,0.002938
NES-LTER_AE2426_ag_202411101306_002m_R1.sb,20241110,13:06:09,40.7008,-70.8845,2.5,450.0,0.053646,0.002879
NES-LTER_AE2426_ag_202411101306_002m_R1.sb,20241110,13:06:09,40.7008,-70.8845,2.5,451.0,0.052588,0.002833
NES-LTER_AE2426_ag_202411101306_002m_R1.sb,20241110,13:06:09,40.7008,-70.8845,2.5,452.0,0.051783,0.002798
NES-LTER_AE2426_ag_202411101306_002m_R1.sb,20241110,13:06:09,40.7008,-70.8845,2.5,453.0,0.051024,0.002765
NES-LTER_AE2426_ag_202411101306_002m_R1.sb,20241110,13:06:09,40.7008,-70.8845,2.5,454.0,0.049943,0.002718
NES-LTER_AE2426_ag_202411101306_002m_R1.sb,20241110,13:06:09,40.7008,-70.8845,2.5,455.0,0.048977,0.002676
NES-LTER_AE2426_ag_202411101306_002m_R1.sb,20241110,13:06:09,40.7008,-70.8845,2.5,456.0,0.048287,0.002646
NES-LTER_AE2426_ag_202411101306_002m_R1.sb,20241110,13:06:09,40.7008,-70.8845,2.5,457.0,0.047804,0.002625
NES-LTER_AE2426_ag_202411101306_002m_R1.sb,20241110,13:06:09,40.7008,-70.8845,2.5,458.0,0.047137,0.002596
NES-LTER_AE2426_ag_202411101306_002m_R1.sb,20241110,13:06:09,40.7008,-70.8845,2.5,459.0,0.046562,0.002571
NES-LTER_AE2426_ag_202411101306_002m_R1.sb,20241110,13:06:09,40.7008,-70.8845,2.5,460.0,0.045619,0.00253
NES-LTER_AE2426_ag_202411101306_002m_R1.sb,20241110,13:06:09,40.7008,-70.8845,2.5,461.0,0.044722,0.002491
NES-LTER_AE2426_ag_202411101306_002m_R1.sb,20241110,13:06:09,40.7008,-70.8845,2.5,462.0,0.043595,0.002442
NES-LTER_AE2426_ag_202411101306_002m_R1.sb,20241110,13:06:09,40.7008,-70.8845,2.5,463.0,0.042859,0.00241
NES-LTER_AE2426_ag_202411101306_002m_R1.sb,20241110,13:06:09,40.7008,-70.8845,2.5,464.0,0.042284,0.002385
NES-LTER_AE2426_ag_202411101306_002m_R1.sb,20241110,13:06:09,40.7008,-70.8845,2.5,465.0,0.041433,0.002348
NES-LTER_AE2426_ag_202411101306_002m_R1.sb,20241110,13:06:09,40.7008,-70.8845,2.5,466.0,0.040559,0.00231
NES-LTER_AE2426_ag_202411101306_002m_R1.sb,20241110,13:06:09,40.7008,-70.8845,2.5,467.0,0.039685,0.002272
NES-LTER_AE2426_ag_202411101306_002m_R1.sb,20241110,13:06:09,40.7008,-70.8845,2.5,468.0,0.039202,0.002251
NES-LTER_AE2426_ag_202411101306_002m_R1.sb,20241110,13:06:09,40.7008,-70.8845,2.5,469.0,0.038673,0.002228
NES-LTER_AE2426_ag_202411101306_002m_R1.sb,20241110,13:06:09,40.7008,-70.8845,2.5,470.0,0.038351,0.002214
NES-LTER_AE2426_ag_202411101306_002m_R1.sb,20241110,13:06:09,40.7008,-70.8845,2.5,471.0,0.037753,0.002188
NES-LTER_AE2426_ag_202411101306_002m_R1.sb,20241110,13:06:09,40.7008,-70.8845,2.5,472.0,0.036879,0.00215
NES-LTER_AE2426_ag_202411101306_002m_R1.sb,20241110,13:06:09,40.7008,-70.8845,2.5,473.0,0.036281,0.002124
NES-LTER_AE2426_ag_202411101306_002m_R1.sb,20241110,13:06:09,40.7008,-70.8845,2.5,474.0,0.036097,0.002116
NES-LTER_AE2426_ag_202411101306_002m_R1.sb,20241110,13:06:09,40.7008,-70.8845,2.5,475.0,0.035775,0.002102
NES-LTER_AE2426_ag_202411101306_002m_R1.sb,20241110,13:06:09,40.7008,-70.8845,2.5,476.0,0.035131,0.002074
NES-LTER_AE2426_ag_202411101306_002m_R1.sb,20241110,13:06:09,40.7008,-70.8845,2.5,477.0,0.034119,0.00203
NES-LTER_AE2426_ag_202411101306_002m_R1.sb,20241110,13:06:09,40.7008,-70.8845,2.5,478.0,0.03382,0.002017
NES-LTER_AE2426_ag_202411101306_002m_R1.sb,20241110,13:06:09,40.7008,-70.8845,2.5,479.0,0.033176,0.001989
NES-LTER_AE2426_ag_202411101306_002m_R1.sb,20241110,13:06:09,40.7008,-70.8845,2.5,480.0,0.0329,0.001977
NES-LTER_AE2426_ag_202411101306_002m_R1.sb,20241110,13:06:09,40.7008,-70.8845,2.5,481.0,0.032003,0.001938
NES-LTER_AE2426_ag_202411101306_002m_R1.sb,20241110,13:06:09,40.7008,-70.8845,2.5,482.0,0.031313,0.001908
NES-LTER_AE2426_ag_202411101306_002m_R1.sb,20241110,13:06:09,40.7008,-70.8845,2.5,483.0,0.030715,0.001882
NES-LTER_AE2426_ag_202411101306_002m_R1.sb,20241110,13:06:09,40.7008,-70.8845,2.5,484.0,0.030784,0.001885
NES-LTER_AE2426_ag_202411101306_002m_R1.sb,20241110,13:06:09,40.7008,-70.8845,2.5,485.0,0.030416,0.001869
NES-LTER_AE2426_ag_202411101306_002m_R1.sb,20241110,13:06:09,40.7008,-70.8845,2.5,486.0,0.029887,0.001846
NES-LTER_AE2426_ag_202411101306_002m_R1.sb,20241110,13:06:09,40.7008,-70.8845,2.5,487.0,0.029059,0.00181
NES-LTER_AE2426_ag_202411101306_002m_R1.sb,20241110,13:06:09,40.7008,-70.8845,2.5,488.0,0.02876,0.001797
NES-LTER_AE2426_ag_202411101306_002m_R1.sb,20241110,13:06:09,40.7008,-70.8845,2.5,489.0,0.028185,0.001772
NES-LTER_AE2426_ag_202411101306_002m_R1.sb,20241110,13:06:09,40.7008,-70.8845,2.5,490.0,0.027909,0.00176
NES-LTER_AE2426_ag_202411101306_002m_R1.sb,20241110,13:06:09,40.7008,-70.8845,2.5,491.0,0.027656,0.001749
NES-LTER_AE2426_ag_202411101306_002m_R1.sb,20241110,13:06:09,40.7008,-70.8845,2.5,492.0,0.027541,0.001744
NES-LTER_AE2426_ag_202411101306_002m_R1.sb,20241110,13:06:09,40.7008,-70.8845,2.5,493.0,0.026943,0.001718
NES-LTER_AE2426_ag_202411101306_002m_R1.sb,20241110,13:06:09,40.7008,-70.8845,2.5,494.0,0.026345,0.001692
NES-LTER_AE2426_ag_202411101306_002m_R1.sb,20241110,13:06:09,40.7008,-70.8845,2.5,495.0,0.025724,0.001665
NES-LTER_AE2426_ag_202411101306_002m_R1.sb,20241110,13:06:09,40.7008,-70.8845,2.5,496.0,0.025494,0.001655
NES-LTER_AE2426_ag_202411101306_002m_R1.sb,20241110,13:06:09,40.7008,-70.8845,2.5,497.0,0.024666,0.001619
NES-LTER_AE2426_ag_202411101306_002m_R1.sb,20241110,13:06:09,40.7008,-70.8845,2.5,498.0,0.024367,0.001606
NES-LTER_AE2426_ag_202411101306_002m_R1.sb,20241110,13:06:09,40.7008,-70.8845,2.5,499.0,0.024045,0.001592
NES-LTER_AE2426_ag_202411101306_002m_R1.sb,20241110,13:06:09,40.7008,-70.8845,2.5,500.0,0.023884,0.001585
NES-LTER_AE2426_ag_202411101306_002m_R1.sb,20241110,13:06:09,40.7008,-70.8845,2.5,501.0,0.023746,0.001579
NES-LTER_AE2426_ag_202411101306_002m_R1.sb,20241110,13:06:09,40.7008,-70.8845,2.5,502.0,0.02301,0.001547
NES-LTER_AE2426_ag_202411101306_002m_R1.sb,20241110,13:06:09,40.7008,-70.8845,2.5,503.0,0.022504,0.001525
NES-LTER_AE2426_ag_202411101306_002m_R1.sb,20241110,13:06:09,40.7008,-70.8845,2.5,504.0,0.021998,0.001503
NES-LTER_AE2426_ag_202411101306_002m_R1.sb,20241110,13:06:09,40.7008,-70.8845,2.5,505.0,0.021699,0.00149
NES-LTER_AE2426_ag_202411101306_002m_R1.sb,20241110,13:06:09,40.7008,-70.8845,2.5,506.0,0.02163,0.001487
NES-LTER_AE2426_ag_202411101306_002m_R1.sb,20241110,13:06:09,40.7008,-70.8845,2.5,507.0,0.021354,0.001475
NES-LTER_AE2426_ag_202411101306_002m_R1.sb,20241110,13:06:09,40.7008,-70.8845,2.5,508.0,0.020986,0.001459
NES-LTER_AE2426_ag_202411101306_002m_R1.sb,20241110,13:06:09,40.7008,-70.8845,2.5,509.0,0.020503,0.001438
NES-LTER_AE2426_ag_202411101306_002m_R1.sb,20241110,13:06:09,40.7008,-70.8845,2.5,510.0,0.02002,0.001417
NES-LTER_AE2426_ag_202411101306_002m_R1.sb,20241110,13:06:09,40.7008,-70.8845,2.5,511.0,0.020158,0.001423
NES-LTER_AE2426_ag_202411101306_002m_R1.sb,20241110,13:06:09,40.7008,-70.8845,2.5,512.0,0.020296,0.001429
NES-LTER_AE2426_ag_202411101306_002m_R1.sb,20241110,13:06:09,40.7008,-70.8845,2.5,513.0,0.019859,0.00141
NES-LTER_AE2426_ag_202411101306_002m_R1.sb,20241110,13:06:09,40.7008,-70.8845,2.5,514.0,0.019307,0.001386
NES-LTER_AE2426_ag_202411101306_002m_R1.sb,20241110,13:06:09,40.7008,-70.8845,2.5,515.0,0.018916,0.001369
NES-LTER_AE2426_ag_202411101306_002m_R1.sb,20241110,13:06:09,40.7008,-70.8845,2.5,516.0,0.019031,0.001374
NES-LTER_AE2426_ag_202411101306_002m_R1.sb,20241110,13:06:09,40.7008,-70.8845,2.5,517.0,0.018916,0.001369
NES-LTER_AE2426_ag_202411101306_002m_R1.sb,20241110,13:06:09,40.7008,-70.8845,2.5,518.0,0.018571,0.001354
NES-LTER_AE2426_ag_202411101306_002m_R1.sb,20241110,13:06:09,40.7008,-70.8845,2.5,519.0,0.018341,0.001344
NES-LTER_AE2426_ag_202411101306_002m_R1.sb,20241110,13:06:09,40.7008,-70.8845,2.5,520.0,0.018088,0.001333
NES-LTER_AE2426_ag_202411101306_002m_R1.sb,20241110,13:06:09,40.7008,-70.8845,2.5,521.0,0.018157,0.001336
NES-LTER_AE2426_ag_202411101306_002m_R1.sb,20241110,13:06:09,40.7008,-70.8845,2.5,522.0,0.018042,0.001331
NES-LTER_AE2426_ag_202411101306_002m_R1.sb,20241110,13:06:09,40.7008,-70.8845,2.5,523.0,0.017858,0.001323
NES-LTER_AE2426_ag_202411101306_002m_R1.sb,20241110,13:06:09,40.7008,-70.8845,2.5,524.0,0.017444,0.001305
NES-LTER_AE2426_ag_202411101306_002m_R1.sb,20241110,13:06:09,40.7008,-70.8845,2.5,525.0,0.017145,0.001292
NES-LTER_AE2426_ag_202411101306_002m_R1.sb,20241110,13:06:09,40.7008,-70.8845,2.5,526.0,0.016708,0.001273
NES-LTER_AE2426_ag_202411101306_002m_R1.sb,20241110,13:06:09,40.7008,-70.8845,2.5,527.0,0.016639,0.00127
NES-LTER_AE2426_ag_202411101306_002m_R1.sb,20241110,13:06:09,40.7008,-70.8845,2.5,528.0,0.016179,0.00125
NES-LTER_AE2426_ag_202411101306_002m_R1.sb,20241110,13:06:09,40.7008,-70.8845,2.5,529.0,0.016271,0.001254
NES-LTER_AE2426_ag_202411101306_002m_R1.sb,20241110,13:06:09,40.7008,-70.8845,2.5,530.0,0.016064,0.001245
NES-LTER_AE2426_ag_202411101306_002m_R1.sb,20241110,13:06:09,40.7008,-70.8845,2.5,531.0,0.016087,0.001246
NES-LTER_AE2426_ag_202411101306_002m_R1.sb,20241110,13:06:09,40.7008,-70.8845,2.5,532.0,0.015512,0.001221
NES-LTER_AE2426_ag_202411101306_002m_R1.sb,20241110,13:06:09,40.7008,-70.8845,2.5,533.0,0.015098,0.001203
NES-LTER_AE2426_ag_202411101306_002m_R1.sb,20241110,13:06:09,40.7008,-70.8845,2.5,534.0,0.014615,0.001182
NES-LTER_AE2426_ag_202411101306_002m_R1.sb,20241110,13:06:09,40.7008,-70.8845,2.5,535.0,0.014431,0.001174
NES-LTER_AE2426_ag_202411101306_002m_R1.sb,20241110,13:06:09,40.7008,-70.8845,2.5,536.0,0.014293,0.001168
NES-LTER_AE2426_ag_202411101306_002m_R1.sb,20241110,13:06:09,40.7008,-70.8845,2.5,537.0,0.014109,0.00116
NES-LTER_AE2426_ag_202411101306_002m_R1.sb,20241110,13:06:09,40.7008,-70.8845,2.5,538.0,0.01404,0.001157
NES-LTER_AE2426_ag_202411101306_002m_R1.sb,20241110,13:06:09,40.7008,-70.8845,2.5,539.0,0.013695,0.001142
NES-LTER_AE2426_ag_202411101306_002m_R1.sb,20241110,13:06:09,40.7008,-70.8845,2.5,540.0,0.013603,0.001138
NES-LTER_AE2426_ag_202411101306_002m_R1.sb,20241110,13:06:09,40.7008,-70.8845,2.5,541.0,0.013603,0.001138
NES-LTER_AE2426_ag_202411101306_002m_R1.sb,20241110,13:06:09,40.7008,-70.8845,2.5,542.0,0.013327,0.001126
NES-LTER_AE2426_ag_202411101306_002m_R1.sb,20241110,13:06:09,40.7008,-70.8845,2.5,543.0,0.013166,0.001119
NES-LTER_AE2426_ag_202411101306_002m_R1.sb,20241110,13:06:09,40.7008,-70.8845,2.5,544.0,0.012867,0.001106
NES-LTER_AE2426_ag_202411101306_002m_R1.sb,20241110,13:06:09,40.7008,-70.8845,2.5,545.0,0.013028,0.001113
NES-LTER_AE2426_ag_202411101306_002m_R1.sb,20241110,13:06:09,40.7008,-70.8845,2.5,546.0,0.012982,0.001111
NES-LTER_AE2426_ag_202411101306_002m_R1.sb,20241110,13:06:09,40.7008,-70.8845,2.5,547.0,0.012936,0.001109
NES-LTER_AE2426_ag_202411101306_002m_R1.sb,20241110,13:06:09,40.7008,-70.8845,2.5,548.0,0.0122,0.001077
NES-LTER_AE2426_ag_202411101306_002m_R1.sb,20241110,13:06:09,40.7008,-70.8845,2.5,549.0,0.011947,0.001066
NES-LTER_AE2426_ag_202411101306_002m_R1.sb,20241110,13:06:09,40.7008,-70.8845,2.5,550.0,0.011602,0.001051
NES-LTER_AE2426_ag_202411101306_002m_R1.sb,20241110,13:06:09,40.7008,-70.8845,2.5,551.0,0.011441,0.001044
NES-LTER_AE2426_ag_202411101306_002m_R1.sb,20241110,13:06:09,40.7008,-70.8845,2.5,552.0,0.011096,0.001029
NES-LTER_AE2426_ag_202411101306_002m_R1.sb,20241110,13:06:09,40.7008,-70.8845,2.5,553.0,0.01082,0.001017
NES-LTER_AE2426_ag_202411101306_002m_R1.sb,20241110,13:06:09,40.7008,-70.8845,2.5,554.0,0.01105,0.001027
NES-LTER_AE2426_ag_202411101306_002m_R1.sb,20241110,13:06:09,40.7008,-70.8845,2.5,555.0,0.010751,0.001014
NES-LTER_AE2426_ag_202411101306_002m_R1.sb,20241110,13:06:09,40.7008,-70.8845,2.5,556.0,0.010567,0.001006
NES-LTER_AE2426_ag_202411101306_002m_R1.sb,20241110,13:06:09,40.7008,-70.8845,2.5,557.0,0.010291,0.000994
NES-LTER_AE2426_ag_202411101306_002m_R1.sb,20241110,13:06:09,40.7008,-70.8845,2.5,558.0,0.010015,0.000982
NES-LTER_AE2426_ag_202411101306_002m_R1.sb,20241110,13:06:09,40.7008,-70.8845,2.5,559.0,0.009555,0.000962
NES-LTER_AE2426_ag_202411101306_002m_R1.sb,20241110,13:06:09,40.7008,-70.8845,2.5,560.0,0.009578,0.000963
NES-LTER_AE2426_ag_202411101306_002m_R1.sb,20241110,13:06:09,40.7008,-70.8845,2.5,561.0,0.009693,0.000968
NES-LTER_AE2426_ag_202411101306_002m_R1.sb,20241110,13:06:09,40.7008,-70.8845,2.5,562.0,0.009946,0.000979
NES-LTER_AE2426_ag_202411101306_002m_R1.sb,20241110,13:06:09,40.7008,-70.8845,2.5,563.0,0.009877,0.000976
NES-LTER_AE2426_ag_202411101306_002m_R1.sb,20241110,13:06:09,40.7008,-70.8845,2.5,564.0,0.009923,0.000978
NES-LTER_AE2426_ag_202411101306_002m_R1.sb,20241110,13:06:09,40.7008,-70.8845,2.5,565.0,0.009808,0.000973
NES-LTER_AE2426_ag_202411101306_002m_R1.sb,20241110,13:06:09,40.7008,-70.8845,2.5,566.0,0.009279,0.00095
NES-LTER_AE2426_ag_202411101306_002m_R1.sb,20241110,13:06:09,40.7008,-70.8845,2.5,567.0,0.008842,0.000931
NES-LTER_AE2426_ag_202411101306_002m_R1.sb,20241110,13:06:09,40.7008,-70.8845,2.5,568.0,0.00875,0.000927
NES-LTER_AE2426_ag_202411101306_002m_R1.sb,20241110,13:06:09,40.7008,-70.8845,2.5,569.0,0.008796,0.000929
NES-LTER_AE2426_ag_202411101306_002m_R1.sb,20241110,13:06:09,40.7008,-70.8845,2.5,570.0,0.009187,0.000946
NES-LTER_AE2426_ag_202411101306_002m_R1.sb,20241110,13:06:09,40.7008,-70.8845,2.5,571.0,0.009049,0.00094
NES-LTER_AE2426_ag_202411101306_002m_R1.sb,20241110,13:06:09,40.7008,-70.8845,2.5,572.0,0.009049,0.00094
NES-LTER_AE2426_ag_202411101306_002m_R1.sb,20241110,13:06:09,40.7008,-70.8845,2.5,573.0,0.008727,0.000926
NES-LTER_AE2426_ag_202411101306_002m_R1.sb,20241110,13:06:09,40.7008,-70.8845,2.5,574.0,0.008589,0.00092
NES-LTER_AE2426_ag_202411101306_002m_R1.sb,20241110,13:06:09,40.7008,-70.8845,2.5,575.0,0.008198,0.000903
NES-LTER_AE2426_ag_202411101306_002m_R1.sb,20241110,13:06:09,40.7008,-70.8845,2.5,576.0,0.007968,0.000893
NES-LTER_AE2426_ag_202411101306_002m_R1.sb,20241110,13:06:09,40.7008,-70.8845,2.5,577.0,0.007531,0.000874
NES-LTER_AE2426_ag_202411101306_002m_R1.sb,20241110,13:06:09,40.7008,-70.8845,2.5,578.0,0.007393,0.000868
NES-LTER_AE2426_ag_202411101306_002m_R1.sb,20241110,13:06:09,40.7008,-70.8845,2.5,579.0,0.007232,0.000861
NES-LTER_AE2426_ag_202411101306_002m_R1.sb,20241110,13:06:09,40.7008,-70.8845,2.5,580.0,0.007209,0.00086
NES-LTER_AE2426_ag_202411101306_002m_R1.sb,20241110,13:06:09,40.7008,-70.8845,2.5,581.0,0.007025,0.000852
NES-LTER_AE2426_ag_202411101306_002m_R1.sb,20241110,13:06:09,40.7008,-70.8845,2.5,582.0,0.006772,0.000841
NES-LTER_AE2426_ag_202411101306_002m_R1.sb,20241110,13:06:09,40.7008,-70.8845,2.5,583.0,0.006795,0.000842
NES-LTER_AE2426_ag_202411101306_002m_R1.sb,20241110,13:06:09,40.7008,-70.8845,2.5,584.0,0.006726,0.000839
NES-LTER_AE2426_ag_202411101306_002m_R1.sb,20241110,13:06:09,40.7008,-70.8845,2.5,585.0,0.006335,0.000822
NES-LTER_AE2426_ag_202411101306_002m_R1.sb,20241110,13:06:09,40.7008,-70.8845,2.5,586.0,0.005967,0.000806
NES-LTER_AE2426_ag_202411101306_002m_R1.sb,20241110,13:06:09,40.7008,-70.8845,2.5,587.0,0.005691,0.000794
NES-LTER_AE2426_ag_202411101306_002m_R1.sb,20241110,13:06:09,40.7008,-70.8845,2.5,588.0,0.005921,0.000804
NES-LTER_AE2426_ag_202411101306_002m_R1.sb,20241110,13:06:09,40.7008,-70.8845,2.5,589.0,0.005783,0.000798
NES-LTER_AE2426_ag_202411101306_002m_R1.sb,20241110,13:06:09,40.7008,-70.8845,2.5,590.0,0.005622,0.000791
NES-LTER_AE2426_ag_202411101306_002m_R1.sb,20241110,13:06:09,40.7008,-70.8845,2.5,591.0,0.005346,0.000779
NES-LTER_AE2426_ag_202411101306_002m_R1.sb,20241110,13:06:09,40.7008,-70.8845,2.5,592.0,0.005323,0.000778
NES-LTER_AE2426_ag_202411101306_002m_R1.sb,20241110,13:06:09,40.7008,-70.8845,2.5,593.0,0.00484,0.000757
NES-LTER_AE2426_ag_202411101306_002m_R1.sb,20241110,13:06:09,40.7008,-70.8845,2.5,594.0,0.004403,0.000738
NES-LTER_AE2426_ag_202411101306_002m_R1.sb,20241110,13:06:09,40.7008,-70.8845,2.5,595.0,0.003943,0.000718
NES-LTER_AE2426_ag_202411101306_002m_R1.sb,20241110,13:06:09,40.7008,-70.8845,2.5,596.0,0.00392,0.000717
NES-LTER_AE2426_ag_202411101306_002m_R1.sb,20241110,13:06:09,40.7008,-70.8845,2.5,597.0,0.003713,0.000708
NES-LTER_AE2426_ag_202411101306_002m_R1.sb,20241110,13:06:09,40.7008,-70.8845,2.5,598.0,0.003322,0.000691
NES-LTER_AE2426_ag_202411101306_002m_R1.sb,20241110,13:06:09,40.7008,-70.8845,2.5,599.0,0.003,0.000677
NES-LTER_AE2426_ag_202411101306_002m_R1.sb,20241110,13:06:09,40.7008,-70.8845,2.5,600.0,0.002448,0.000653
NES-LTER_AE2426_ag_202411101306_002m_R1.sb,20241110,13:06:09,40.7008,-70.8845,2.5,601.0,0.002195,0.000642
NES-LTER_AE2426_ag_202411101306_002m_R1.sb,20241110,13:06:09,40.7008,-70.8845,2.5,602.0,0.001643,0.000618
NES-LTER_AE2426_ag_202411101306_002m_R1.sb,20241110,13:06:09,40.7008,-70.8845,2.5,603.0,0.00162,0.000617
NES-LTER_AE2426_ag_202411101306_002m_R1.sb,20241110,13:06:09,40.7008,-70.8845,2.5,604.0,0.001712,0.000621
NES-LTER_AE2426_ag_202411101306_002m_R1.sb,20241110,13:06:09,40.7008,-70.8845,2.5,605.0,0.002333,0.000648
NES-LTER_AE2426_ag_202411101306_002m_R1.sb,20241110,13:06:09,40.7008,-70.8845,2.5,606.0,0.002747,0.000666
NES-LTER_AE2426_ag_202411101306_002m_R1.sb,20241110,13:06:09,40.7008,-70.8845,2.5,607.0,0.003253,0.000688
NES-LTER_AE2426_ag_202411101306_002m_R1.sb,20241110,13:06:09,40.7008,-70.8845,2.5,608.0,0.00323,0.000687
NES-LTER_AE2426_ag_202411101306_002m_R1.sb,20241110,13:06:09,40.7008,-70.8845,2.5,609.0,0.00346,0.000697
NES-LTER_AE2426_ag_202411101306_002m_R1.sb,20241110,13:06:09,40.7008,-70.8845,2.5,610.0,0.003552,0.000701
NES-LTER_AE2426_ag_202411101306_002m_R1.sb,20241110,13:06:09,40.7008,-70.8845,2.5,611.0,0.004104,0.000725
NES-LTER_AE2426_ag_202411101306_002m_R1.sb,20241110,13:06:09,40.7008,-70.8845,2.5,612.0,0.003966,0.000719
NES-LTER_AE2426_ag_202411101306_002m_R1.sb,20241110,13:06:09,40.7008,-70.8845,2.5,613.0,0.004127,0.000726
NES-LTER_AE2426_ag_202411101306_002m_R1.sb,20241110,13:06:09,40.7008,-70.8845,2.5,614.0,0.004035,0.000722
NES-LTER_AE2426_ag_202411101306_002m_R1.sb,20241110,13:06:09,40.7008,-70.8845,2.5,615.0,0.004242,0.000731
NES-LTER_AE2426_ag_202411101306_002m_R1.sb,20241110,13:06:09,40.7008,-70.8845,2.5,616.0,0.003943,0.000718
NES-LTER_AE2426_ag_202411101306_002m_R1.sb,20241110,13:06:09,40.7008,-70.8845,2.5,617.0,0.003897,0.000716
NES-LTER_AE2426_ag_202411101306_002m_R1.sb,20241110,13:06:09,40.7008,-70.8845,2.5,618.0,0.003828,0.000713
NES-LTER_AE2426_ag_202411101306_002m_R1.sb,20241110,13:06:09,40.7008,-70.8845,2.5,619.0,0.003713,0.000708
NES-LTER_AE2426_ag_202411101306_002m_R1.sb,20241110,13:06:09,40.7008,-70.8845,2.5,620.0,0.003782,0.000711
NES-LTER_AE2426_ag_202411101306_002m_R1.sb,20241110,13:06:09,40.7008,-70.8845,2.5,621.0,0.003828,0.000713
NES-LTER_AE2426_ag_202411101306_002m_R1.sb,20241110,13:06:09,40.7008,-70.8845,2.5,622.0,0.004012,0.000721
NES-LTER_AE2426_ag_202411101306_002m_R1.sb,20241110,13:06:09,40.7008,-70.8845,2.5,623.0,0.003897,0.000716
NES-LTER_AE2426_ag_202411101306_002m_R1.sb,20241110,13:06:09,40.7008,-70.8845,2.5,624.0,0.003598,0.000703
NES-LTER_AE2426_ag_202411101306_002m_R1.sb,20241110,13:06:09,40.7008,-70.8845,2.5,625.0,0.00346,0.000697
NES-LTER_AE2426_ag_202411101306_002m_R1.sb,20241110,13:06:09,40.7008,-70.8845,2.5,626.0,0.003667,0.000706
NES-LTER_AE2426_ag_202411101306_002m_R1.sb,20241110,13:06:09,40.7008,-70.8845,2.5,627.0,0.003782,0.000711
NES-LTER_AE2426_ag_202411101306_002m_R1.sb,20241110,13:06:09,40.7008,-70.8845,2.5,628.0,0.003828,0.000713
NES-LTER_AE2426_ag_202411101306_002m_R1.sb,20241110,13:06:09,40.7008,-70.8845,2.5,629.0,0.00323,0.000687
NES-LTER_AE2426_ag_202411101306_002m_R1.sb,20241110,13:06:09,40.7008,-70.8845,2.5,630.0,0.003,0.000677
NES-LTER_AE2426_ag_202411101306_002m_R1.sb,20241110,13:06:09,40.7008,-70.8845,2.5,631.0,0.002839,0.00067
NES-LTER_AE2426_ag_202411101306_002m_R1.sb,20241110,13:06:09,40.7008,-70.8845,2.5,632.0,0.002885,0.000672
NES-LTER_AE2426_ag_202411101306_002m_R1.sb,20241110,13:06:09,40.7008,-70.8845,2.5,633.0,0.002724,0.000665
NES-LTER_AE2426_ag_202411101306_002m_R1.sb,20241110,13:06:09,40.7008,-70.8845,2.5,634.0,0.002655,0.000662
NES-LTER_AE2426_ag_202411101306_002m_R1.sb,20241110,13:06:09,40.7008,-70.8845,2.5,635.0,0.002655,0.000662
NES-LTER_AE2426_ag_202411101306_002m_R1.sb,20241110,13:06:09,40.7008,-70.8845,2.5,636.0,0.002839,0.00067
NES-LTER_AE2426_ag_202411101306_002m_R1.sb,20241110,13:06:09,40.7008,-70.8845,2.5,637.0,0.002816,0.000669
NES-LTER_AE2426_ag_202411101306_002m_R1.sb,20241110,13:06:09,40.7008,-70.8845,2.5,638.0,0.002747,0.000666
NES-LTER_AE2426_ag_202411101306_002m_R1.sb,20241110,13:06:09,40.7008,-70.8845,2.5,639.0,0.00277,0.000667
NES-LTER_AE2426_ag_202411101306_002m_R1.sb,20241110,13:06:09,40.7008,-70.8845,2.5,640.0,0.002678,0.000663
NES-LTER_AE2426_ag_202411101306_002m_R1.sb,20241110,13:06:09,40.7008,-70.8845,2.5,641.0,0.002632,0.000661
NES-LTER_AE2426_ag_202411101306_002m_R1.sb,20241110,13:06:09,40.7008,-70.8845,2.5,642.0,0.00254,0.000657
NES-LTER_AE2426_ag_202411101306_002m_R1.sb,20241110,13:06:09,40.7008,-70.8845,2.5,643.0,0.002402,0.000651
NES-LTER_AE2426_ag_202411101306_002m_R1.sb,20241110,13:06:09,40.7008,-70.8845,2.5,644.0,0.00208,0.000637
NES-LTER_AE2426_ag_202411101306_002m_R1.sb,20241110,13:06:09,40.7008,-70.8845,2.5,645.0,0.00185,0.000627
NES-LTER_AE2426_ag_202411101306_002m_R1.sb,20241110,13:06:09,40.7008,-70.8845,2.5,646.0,0.001942,0.000631
NES-LTER_AE2426_ag_202411101306_002m_R1.sb,20241110,13:06:09,40.7008,-70.8845,2.5,647.0,0.002034,0.000635
NES-LTER_AE2426_ag_202411101306_002m_R1.sb,20241110,13:06:09,40.7008,-70.8845,2.5,648.0,0.001942,0.000631
NES-LTER_AE2426_ag_202411101306_002m_R1.sb,20241110,13:06:09,40.7008,-70.8845,2.5,649.0,0.001551,0.000614
NES-LTER_AE2426_ag_202411101306_002m_R1.sb,20241110,13:06:09,40.7008,-70.8845,2.5,650.0,0.001574,0.000615
NES-LTER_AE2426_ag_202411101306_002m_R1.sb,20241110,13:06:09,40.7008,-70.8845,2.5,651.0,0.00116,0.000597
NES-LTER_AE2426_ag_202411101306_002m_R1.sb,20241110,13:06:09,40.7008,-70.8845,2.5,652.0,0.000953,0.000588
NES-LTER_AE2426_ag_202411101306_002m_R1.sb,20241110,13:06:09,40.7008,-70.8845,2.5,653.0,0.000677,0.000576
NES-LTER_AE2426_ag_202411101306_002m_R1.sb,20241110,13:06:09,40.7008,-70.8845,2.5,654.0,0.000907,0.000586
NES-LTER_AE2426_ag_202411101306_002m_R1.sb,20241110,13:06:09,40.7008,-70.8845,2.5,655.0,0.000723,0.000578
NES-LTER_AE2426_ag_202411101306_002m_R1.sb,20241110,13:06:09,40.7008,-70.8845,2.5,656.0,-3.6e-05,0.000545
NES-LTER_AE2426_ag_202411101306_002m_R1.sb,20241110,13:06:09,40.7008,-70.8845,2.5,657.0,-0.000496,0.000525
NES-LTER_AE2426_ag_202411101306_002m_R1.sb,20241110,13:06:09,40.7008,-70.8845,2.5,658.0,-0.000634,0.000519
NES-LTER_AE2426_ag_202411101306_002m_R1.sb,20241110,13:06:09,40.7008,-70.8845,2.5,659.0,-0.000335,0.000532
NES-LTER_AE2426_ag_202411101306_002m_R1.sb,20241110,13:06:09,40.7008,-70.8845,2.5,660.0,-0.000404,0.000529
NES-LTER_AE2426_ag_202411101306_002m_R1.sb,20241110,13:06:09,40.7008,-70.8845,2.5,661.0,-0.000634,0.000519
NES-LTER_AE2426_ag_202411101306_002m_R1.sb,20241110,13:06:09,40.7008,-70.8845,2.5,662.0,-0.000542,0.000523
NES-LTER_AE2426_ag_202411101306_002m_R1.sb,20241110,13:06:09,40.7008,-70.8845,2.5,663.0,-0.000174,0.000539
NES-LTER_AE2426_ag_202411101306_002m_R1.sb,20241110,13:06:09,40.7008,-70.8845,2.5,664.0,-0.00022,0.000537
NES-LTER_AE2426_ag_202411101306_002m_R1.sb,20241110,13:06:09,40.7008,-70.8845,2.5,665.0,3.3e-05,0.000548
NES-LTER_AE2426_ag_202411101306_002m_R1.sb,20241110,13:06:09,40.7008,-70.8845,2.5,666.0,5.6e-05,0.000549
NES-LTER_AE2426_ag_202411101306_002m_R1.sb,20241110,13:06:09,40.7008,-70.8845,2.5,667.0,0.000516,0.000569
NES-LTER_AE2426_ag_202411101306_002m_R1.sb,20241110,13:06:09,40.7008,-70.8845,2.5,668.0,0.000447,0.000566
NES-LTER_AE2426_ag_202411101306_002m_R1.sb,20241110,13:06:09,40.7008,-70.8845,2.5,669.0,0.000516,0.000569
NES-LTER_AE2426_ag_202411101306_002m_R1.sb,20241110,13:06:09,40.7008,-70.8845,2.5,670.0,0.000401,0.000564
NES-LTER_AE2426_ag_202411101306_002m_R1.sb,20241110,13:06:09,40.7008,-70.8845,2.5,671.0,0.000217,0.000556
NES-LTER_AE2426_ag_202411101306_002m_R1.sb,20241110,13:06:09,40.7008,-70.8845,2.5,672.0,-0.000151,0.00054
NES-LTER_AE2426_ag_202411101306_002m_R1.sb,20241110,13:06:09,40.7008,-70.8845,2.5,673.0,-0.00022,0.000537
NES-LTER_AE2426_ag_202411101306_002m_R1.sb,20241110,13:06:09,40.7008,-70.8845,2.5,674.0,-0.000703,0.000516
NES-LTER_AE2426_ag_202411101306_002m_R1.sb,20241110,13:06:09,40.7008,-70.8845,2.5,675.0,-0.000795,0.000512
NES-LTER_AE2426_ag_202411101306_002m_R1.sb,20241110,13:06:09,40.7008,-70.8845,2.5,676.0,-0.001025,0.000502
NES-LTER_AE2426_ag_202411101306_002m_R1.sb,20241110,13:06:09,40.7008,-70.8845,2.5,677.0,-0.000933,0.000506
NES-LTER_AE2426_ag_202411101306_002m_R1.sb,20241110,13:06:09,40.7008,-70.8845,2.5,678.0,-0.00114,0.000497
NES-LTER_AE2426_ag_202411101306_002m_R1.sb,20241110,13:06:09,40.7008,-70.8845,2.5,679.0,-0.001301,0.00049
NES-LTER_AE2426_ag_202411101306_002m_R1.sb,20241110,13:06:09,40.7008,-70.8845,2.5,680.0,-0.001554,0.000479
NES-LTER_AE2426_ag_202411101306_002m_R1.sb,20241110,13:06:09,40.7008,-70.8845,2.5,681.0,-0.001669,0.000474
NES-LTER_AE2426_ag_202411101306_002m_R1.sb,20241110,13:06:09,40.7008,-70.8845,2.5,682.0,-0.001853,0.000466
NES-LTER_AE2426_ag_202411101306_002m_R1.sb,20241110,13:06:09,40.7008,-70.8845,2.5,683.0,-0.002405,0.000442
NES-LTER_AE2426_ag_202411101306_002m_R1.sb,20241110,13:06:09,40.7008,-70.8845,2.5,684.0,-0.002658,0.000431
NES-LTER_AE2426_ag_202411101306_002m_R1.sb,20241110,13:06:09,40.7008,-70.8845,2.5,685.0,-0.002842,0.000423
NES-LTER_AE2426_ag_202411101306_002m_R1.sb,20241110,13:06:09,40.7008,-70.8845,2.5,686.0,-0.002681,0.00043
NES-LTER_AE2426_ag_202411101306_002m_R1.sb,20241110,13:06:09,40.7008,-70.8845,2.5,687.0,-0.002681,0.00043
NES-LTER_AE2426_ag_202411101306_002m_R1.sb,20241110,13:06:09,40.7008,-70.8845,2.5,688.0,-0.003164,0.000409
NES-LTER_AE2426_ag_202411101306_002m_R1.sb,20241110,13:06:09,40.7008,-70.8845,2.5,689.0,-0.003141,0.00041
NES-LTER_AE2426_ag_202411101306_002m_R1.sb,20241110,13:06:09,40.7008,-70.8845,2.5,690.0,-0.0039,0.000377
NES-LTER_AE2426_ag_202411101306_002m_R1.sb,20241110,13:06:09,40.7008,-70.8845,2.5,691.0,-0.004245,0.000362
NES-LTER_AE2426_ag_202411101306_002m_R1.sb,20241110,13:06:09,40.7008,-70.8845,2.5,692.0,-0.004935,0.000332
NES-LTER_AE2426_ag_202411101306_002m_R1.sb,20241110,13:06:09,40.7008,-70.8845,2.5,693.0,-0.005349,0.000314
NES-LTER_AE2426_ag_202411101306_002m_R1.sb,20241110,13:06:09,40.7008,-70.8845,2.5,694.0,-0.005625,0.000302
NES-LTER_AE2426_ag_202411101306_002m_R1.sb,20241110,13:06:09,40.7008,-70.8845,2.5,695.0,-0.005947,0.000288
NES-LTER_AE2426_ag_202411101306_002m_R1.sb,20241110,13:06:09,40.7008,-70.8845,2.5,696.0,-0.006108,0.000281
NES-LTER_AE2426_ag_202411101306_002m_R1.sb,20241110,13:06:09,40.7008,-70.8845,2.5,697.0,-0.006729,0.000254
NES-LTER_AE2426_ag_202411101306_002m_R1.sb,20241110,13:06:09,40.7008,-70.8845,2.5,698.0,-0.007258,0.000231
NES-LTER_AE2426_ag_202411101306_002m_R1.sb,20241110,13:06:09,40.7008,-70.8845,2.5,699.0,-0.007626,0.000215
NES-LTER_AE2426_ag_202411101306_002m_R1.sb,20241110,13:06:09,40.7008,-70.8845,2.5,700.0,-0.007695,0.000212
NES-LTER_AE2426_ag_202411101306_002m_R1.sb,20241110,13:06:09,40.7008,-70.8845,2.5,701.0,-0.007925,0.000202
NES-LTER_AE2426_ag_202411101306_002m_R1.sb,20241110,13:06:09,40.7008,-70.8845,2.5,702.0,-0.008293,0.000186
NES-LTER_AE2426_ag_202411101306_002m_R1.sb,20241110,13:06:09,40.7008,-70.8845,2.5,703.0,-0.009144,0.000149
NES-LTER_AE2426_ag_202411101306_002m_R1.sb,20241110,13:06:09,40.7008,-70.8845,2.5,704.0,-0.009995,0.000112
NES-LTER_AE2426_ag_202411101306_002m_R1.sb,20241110,13:06:09,40.7008,-70.8845,2.5,705.0,-0.010708,8.1e-05
NES-LTER_AE2426_ag_202411101306_002m_R1.sb,20241110,13:06:09,40.7008,-70.8845,2.5,706.0,-0.011214,5.9e-05
NES-LTER_AE2426_ag_202411101306_002m_R1.sb,20241110,13:06:09,40.7008,-70.8845,2.5,707.0,-0.011421,5e-05
NES-LTER_AE2426_ag_202411101306_002m_R1.sb,20241110,13:06:09,40.7008,-70.8845,2.5,708.0,-0.012019,2.4e-05
NES-LTER_AE2426_ag_202411101306_002m_R1.sb,20241110,13:06:09,40.7008,-70.8845,2.5,709.0,-0.012502,3e-06
NES-LTER_AE2426_ag_202411101306_002m_R1.sb,20241110,13:06:09,40.7008,-70.8845,2.5,710.0,-0.013261,-3e-05
NES-LTER_AE2426_ag_202411101306_002m_R1.sb,20241110,13:06:09,40.7008,-70.8845,2.5,711.0,-0.013767,-5.2e-05
NES-LTER_AE2426_ag_202411101306_002m_R1.sb,20241110,13:06:09,40.7008,-70.8845,2.5,712.0,-0.014802,-9.7e-05
NES-LTER_AE2426_ag_202411101306_002m_R1.sb,20241110,13:06:09,40.7008,-70.8845,2.5,713.0,-0.015768,-0.000139
NES-LTER_AE2426_ag_202411101306_002m_R1.sb,20241110,13:06:09,40.7008,-70.8845,2.5,714.0,-0.016757,-0.000182
NES-LTER_AE2426_ag_202411101306_002m_R1.sb,20241110,13:06:09,40.7008,-70.8845,2.5,715.0,-0.017102,-0.000197
NES-LTER_AE2426_ag_202411101306_002m_R1.sb,20241110,13:06:09,40.7008,-70.8845,2.5,716.0,-0.017746,-0.000225
NES-LTER_AE2426_ag_202411101306_002m_R1.sb,20241110,13:06:09,40.7008,-70.8845,2.5,717.0,-0.018643,-0.000264
NES-LTER_AE2426_ag_202411101306_002m_R1.sb,20241110,13:06:09,40.7008,-70.8845,2.5,718.0,-0.019678,-0.000309
NES-LTER_AE2426_ag_202411101306_002m_R1.sb,20241110,13:06:09,40.7008,-70.8845,2.5,719.0,-0.020368,-0.000339
NES-LTER_AE2426_ag_202411101306_002m_R1.sb,20241110,13:06:09,40.7008,-70.8845,2.5,720.0,-0.020851,-0.00036
NES-LTER_AE2426_ag_202411101306_002m_R1.sb,20241110,13:06:09,40.7008,-70.8845,2.5,721.0,-0.021449,-0.000386
NES-LTER_AE2426_ag_202411101306_002m_R1.sb,20241110,13:06:09,40.7008,-70.8845,2.5,722.0,-0.022438,-0.000429
NES-LTER_AE2426_ag_202411101306_002m_R1.sb,20241110,13:06:09,40.7008,-70.8845,2.5,723.0,-0.023519,-0.000476
NES-LTER_AE2426_ag_202411101306_002m_R1.sb,20241110,13:06:09,40.7008,-70.8845,2.5,724.0,-0.024761,-0.00053
NES-LTER_AE2426_ag_202411101306_002m_R1.sb,20241110,13:06:09,40.7008,-70.8845,2.5,725.0,-0.026279,-0.000596
NES-LTER_AE2426_ag_202411101306_002m_R1.sb,20241110,13:06:09,40.7008,-70.8845,2.5,726.0,-0.027935,-0.000668
NES-LTER_AE2426_ag_202411101306_002m_R1.sb,20241110,13:06:09,40.7008,-70.8845,2.5,727.0,-0.029936,-0.000755
NES-LTER_AE2426_ag_202411101306_002m_R1.sb,20241110,13:06:09,40.7008,-70.8845,2.5,728.0,-0.032374,-0.000861
NES-LTER_AE2426_ag_202411101306_002m_R1.sb,20241110,13:06:09,40.7008,-70.8845,2.5,729.0,-0.035502,-0.000997
NES-LTER_AE2426_ag_202411101306_002m_R1.sb,20241110,13:06:09,40.7008,-70.8845,2.5,730.0,-0.038791,-0.00114
NES-LTER_AE2426_ag_202411101306_002m_R1.sb,20241110,13:06:09,40.7008,-70.8845,2.5,731.0,-0.041505,-0.001258
NES-LTER_AE2426_ag_202411101306_002m_R1.sb,20241110,13:06:09,40.7008,-70.8845,2.5,732.0,-0.04415,-0.001373
NES-LTER_AE2426_ag_202411101306_002m_R1.sb,20241110,13:06:09,40.7008,-70.8845,2.5,733.0,-0.045645,-0.001438
NES-LTER_AE2426_ag_202411101306_002m_R1.sb,20241110,13:06:09,40.7008,-70.8845,2.5,734.0,-0.046381,-0.00147
NES-LTER_AE2426_ag_202411101306_002m_R1.sb,20241110,13:06:09,40.7008,-70.8845,2.5,735.0,-0.045185,-0.001418
NES-LTER_AE2426_ag_202411101306_002m_R1.sb,20241110,13:06:09,40.7008,-70.8845,2.5,736.0,-0.043437,-0.001342
NES-LTER_AE2426_ag_202411101306_002m_R1.sb,20241110,13:06:09,40.7008,-70.8845,2.5,737.0,-0.040884,-0.001231
NES-LTER_AE2426_ag_202411101306_002m_R1.sb,20241110,13:06:09,40.7008,-70.8845,2.5,738.0,-0.037802,-0.001097
NES-LTER_AE2426_ag_202411101306_002m_R1.sb,20241110,13:06:09,40.7008,-70.8845,2.5,739.0,-0.034513,-0.000954
NES-LTER_AE2426_ag_202411101306_002m_R1.sb,20241110,13:06:09,40.7008,-70.8845,2.5,740.0,-0.030948,-0.000799
NES-LTER_AE2426_ag_202411101306_002m_R1.sb,20241110,13:06:09,40.7008,-70.8845,2.5,741.0,-0.027268,-0.000639
NES-LTER_AE2426_ag_202411101306_002m_R1.sb,20241110,13:06:09,40.7008,-70.8845,2.5,742.0,-0.023519,-0.000476
NES-LTER_AE2426_ag_202411101306_002m_R1.sb,20241110,13:06:09,40.7008,-70.8845,2.5,743.0,-0.020023,-0.000324
NES-LTER_AE2426_ag_202411101306_002m_R1.sb,20241110,13:06:09,40.7008,-70.8845,2.5,744.0,-0.017148,-0.000199
NES-LTER_AE2426_ag_202411101306_002m_R1.sb,20241110,13:06:09,40.7008,-70.8845,2.5,745.0,-0.014411,-8e-05
NES-LTER_AE2426_ag_202411101306_002m_R1.sb,20241110,13:06:09,40.7008,-70.8845,2.5,746.0,-0.011904,2.9e-05
NES-LTER_AE2426_ag_202411101306_002m_R1.sb,20241110,13:06:09,40.7008,-70.8845,2.5,747.0,-0.009765,0.000122
NES-LTER_AE2426_ag_202411101306_002m_R1.sb,20241110,13:06:09,40.7008,-70.8845,2.5,748.0,-0.007856,0.000205
NES-LTER_AE2426_ag_202411101306_002m_R1.sb,20241110,13:06:09,40.7008,-70.8845,2.5,749.0,-0.006499,0.000264
NES-LTER_AE2426_ag_202411101306_002m_R1.sb,20241110,13:06:09,40.7008,-70.8845,2.5,750.0,-0.004797,0.000338
NES-LTER_AE2426_ag_202411101306_002m_R1.sb,20241110,13:06:09,40.7008,-70.8845,2.5,751.0,-0.003417,0.000398
NES-LTER_AE2426_ag_202411101306_002m_R1.sb,20241110,13:06:09,40.7008,-70.8845,2.5,752.0,-0.002221,0.00045
NES-LTER_AE2426_ag_202411101306_002m_R1.sb,20241110,13:06:09,40.7008,-70.8845,2.5,753.0,-0.001301,0.00049
NES-LTER_AE2426_ag_202411101306_002m_R1.sb,20241110,13:06:09,40.7008,-70.8845,2.5,754.0,-0.000289,0.000534
NES-LTER_AE2426_ag_202411101306_002m_R1.sb,20241110,13:06:09,40.7008,-70.8845,2.5,755.0,0.0007,0.000577
NES-LTER_AE2426_ag_202411101306_002m_R1.sb,20241110,13:06:09,40.7008,-70.8845,2.5,756.0,0.001367,0.000606
NES-LTER_AE2426_ag_202411101306_002m_R1.sb,20241110,13:06:09,40.7008,-70.8845,2.5,757.0,0.00185,0.000627
NES-LTER_AE2426_ag_202411101306_002m_R1.sb,20241110,13:06:09,40.7008,-70.8845,2.5,758.0,0.002517,0.000656
NES-LTER_AE2426_ag_202411101306_002m_R1.sb,20241110,13:06:09,40.7008,-70.8845,2.5,759.0,0.003023,0.000678
NES-LTER_AE2426_ag_202411101306_002m_R1.sb,20241110,13:06:09,40.7008,-70.8845,2.5,760.0,0.003322,0.000691
NES-LTER_AE2426_ag_202411101306_002m_R1.sb,20241110,13:06:09,40.7008,-70.8845,2.5,761.0,0.00392,0.000717
NES-LTER_AE2426_ag_202411101306_002m_R1.sb,20241110,13:06:09,40.7008,-70.8845,2.5,762.0,0.004472,0.000741
NES-LTER_AE2426_ag_202411101306_002m_R1.sb,20241110,13:06:09,40.7008,-70.8845,2.5,763.0,0.004863,0.000758
NES-LTER_AE2426_ag_202411101306_002m_R1.sb,20241110,13:06:09,40.7008,-70.8845,2.5,764.0,0.005093,0.000768
NES-LTER_AE2426_ag_202411101306_002m_R1.sb,20241110,13:06:09,40.7008,-70.8845,2.5,765.0,0.005691,0.000794
NES-LTER_AE2426_ag_202411101306_002m_R1.sb,20241110,13:06:09,40.7008,-70.8845,2.5,766.0,0.006105,0.000812
NES-LTER_AE2426_ag_202411101306_002m_R1.sb,20241110,13:06:09,40.7008,-70.8845,2.5,767.0,0.006312,0.000821
NES-LTER_AE2426_ag_202411101306_002m_R1.sb,20241110,13:06:09,40.7008,-70.8845,2.5,768.0,0.006749,0.00084
NES-LTER_AE2426_ag_202411101306_002m_R1.sb,20241110,13:06:09,40.7008,-70.8845,2.5,769.0,0.007347,0.000866
NES-LTER_AE2426_ag_202411101306_002m_R1.sb,20241110,13:06:09,40.7008,-70.8845,2.5,770.0,0.0076,0.000877
NES-LTER_AE2426_ag_202411101306_002m_R1.sb,20241110,13:06:09,40.7008,-70.8845,2.5,771.0,0.007163,0.000858
NES-LTER_AE2426_ag_202411101306_002m_R1.sb,20241110,13:06:09,40.7008,-70.8845,2.5,772.0,0.007209,0.00086
NES-LTER_AE2426_ag_202411101306_002m_R1.sb,20241110,13:06:09,40.7008,-70.8845,2.5,773.0,0.007876,0.000889
NES-LTER_AE2426_ag_202411101306_002m_R1.sb,20241110,13:06:09,40.7008,-70.8845,2.5,774.0,0.008428,0.000913
NES-LTER_AE2426_ag_202411101306_002m_R1.sb,20241110,13:06:09,40.7008,-70.8845,2.5,775.0,0.008589,0.00092
NES-LTER_AE2426_ag_202411101306_002m_R1.sb,20241110,13:06:09,40.7008,-70.8845,2.5,776.0,0.008221,0.000904
NES-LTER_AE2426_ag_202411101306_002m_R1.sb,20241110,13:06:09,40.7008,-70.8845,2.5,777.0,0.007945,0.000892
NES-LTER_AE2426_ag_202411101306_002m_R1.sb,20241110,13:06:09,40.7008,-70.8845,2.5,778.0,0.007715,0.000882
NES-LTER_AE2426_ag_202411101306_002m_R1.sb,20241110,13:06:09,40.7008,-70.8845,2.5,779.0,0.007439,0.00087
NES-LTER_AE2426_ag_202411101306_002m_R1.sb,20241110,13:06:09,40.7008,-70.8845,2.5,780.0,0.007439,0.00087
NES-LTER_AE2426_ag_202411101306_002m_R1.sb,20241110,13:06:09,40.7008,-70.8845,2.5,781.0,0.007301,0.000864
NES-LTER_AE2426_ag_202411101306_002m_R1.sb,20241110,13:06:09,40.7008,-70.8845,2.5,782.0,0.006726,0.000839
NES-LTER_AE2426_ag_202411101306_002m_R1.sb,20241110,13:06:09,40.7008,-70.8845,2.5,783.0,0.005898,0.000803
NES-LTER_AE2426_ag_202411101306_002m_R1.sb,20241110,13:06:09,40.7008,-70.8845,2.5,784.0,0.005553,0.000788
NES-LTER_AE2426_ag_202411101306_002m_R1.sb,20241110,13:06:09,40.7008,-70.8845,2.5,785.0,0.005783,0.000798
NES-LTER_AE2426_ag_202411101306_002m_R1.sb,20241110,13:06:09,40.7008,-70.8845,2.5,786.0,0.005829,0.0008
NES-LTER_AE2426_ag_202411101306_002m_R1.sb,20241110,13:06:09,40.7008,-70.8845,2.5,787.0,0.005346,0.000779
NES-LTER_AE2426_ag_202411101306_002m_R1.sb,20241110,13:06:09,40.7008,-70.8845,2.5,788.0,0.00461,0.000747
NES-LTER_AE2426_ag_202411101306_002m_R1.sb,20241110,13:06:09,40.7008,-70.8845,2.5,789.0,0.004058,0.000723
NES-LTER_AE2426_ag_202411101306_002m_R1.sb,20241110,13:06:09,40.7008,-70.8845,2.5,790.0,0.003437,0.000696
NES-LTER_AE2426_ag_202411101306_002m_R1.sb,20241110,13:06:09,40.7008,-70.8845,2.5,791.0,0.002862,0.000671
NES-LTER_AE2426_ag_202411101306_002m_R1.sb,20241110,13:06:09,40.7008,-70.8845,2.5,792.0,0.002195,0.000642
NES-LTER_AE2426_ag_202411101306_002m_R1.sb,20241110,13:06:09,40.7008,-70.8845,2.5,793.0,0.00208,0.000637
NES-LTER_AE2426_ag_202411101306_002m_R1.sb,20241110,13:06:09,40.7008,-70.8845,2.5,794.0,0.001597,0.000616
NES-LTER_AE2426_ag_202411101306_002m_R1.sb,20241110,13:06:09,40.7008,-70.8845,2.5,795.0,0.000861,0.000584
NES-LTER_AE2426_ag_202411101306_002m_R1.sb,20241110,13:06:09,40.7008,-70.8845,2.5,796.0,-0.000473,0.000526
NES-LTER_AE2426_ag_202411101306_002m_R1.sb,20241110,13:06:09,40.7008,-70.8845,2.5,797.0,-0.001715,0.000472
NES-LTER_AE2426_ag_202411101306_002m_R1.sb,20241110,13:06:09,40.7008,-70.8845,2.5,798.0,-0.00252,0.000437
NES-LTER_AE2426_ag_202411101306_002m_R1.sb,20241110,13:06:09,40.7008,-70.8845,2.5,799.0,-0.003463,0.000396
NES-LTER_AE2426_ag_202411101306_002m_R1.sb,20241110,13:06:09,40.7008,-70.8845,2.5,800.0,-0.004268,0.000361
NES-LTER_AE2426_ag_202411101306_002m_R1.sb,20241110,13:06:09,40.7008,-70.8845,2.5,801.0,-0.005188,0.000321
NES-LTER_AE2426_ag_202411101306_002m_R1.sb,20241110,13:06:09,40.7008,-70.8845,2.5,802.0,-0.006223,0.000276
NES-LTER_AE2426_ag_202411101306_002m_R1.sb,20241110,13:06:09,40.7008,-70.8845,2.5,803.0,-0.007189,0.000234
NES-LTER_AE2426_ag_202411101306_002m_R1.sb,20241110,13:06:09,40.7008,-70.8845,2.5,804.0,-0.008477,0.000178
NES-LTER_AE2426_ag_202411101306_002m_R1.sb,20241110,13:06:09,40.7008,-70.8845,2.5,805.0,-0.009972,0.000113
NES-LTER_AE2426_ag_202411101306_002m_R1.sb,20241110,13:06:09,40.7008,-70.8845,2.5,806.0,-0.011329,5.4e-05
NES-LTER_AE2426_ag_202411101306_002m_R1.sb,20241110,13:06:09,40.7008,-70.8845,2.5,807.0,-0.012594,-1e-06
NES-LTER_AE2426_ag_202411101306_002m_R1.sb,20241110,13:06:09,40.7008,-70.8845,2.5,808.0,-0.013859,-5.6e-05
NES-LTER_AE2426_ag_202411101306_002m_R1.sb,20241110,13:06:09,40.7008,-70.8845,2.5,809.0,-0.015124,-0.000111
NES-LTER_AE2426_ag_202411101306_002m_R1.sb,20241110,13:06:09,40.7008,-70.8845,2.5,810.0,-0.016481,-0.00017
NES-LTER_AE2426_ag_202411101306_002m_R1.sb,20241110,13:06:09,40.7008,-70.8845,2.5,811.0,-0.017976,-0.000235
NES-LTER_AE2426_ag_202411101306_002m_R1.sb,20241110,13:06:09,40.7008,-70.8845,2.5,812.0,-0.019379,-0.000296
NES-LTER_AE2426_ag_202411101306_002m_R1.sb,20241110,13:06:09,40.7008,-70.8845,2.5,813.0,-0.020966,-0.000365
NES-LTER_AE2426_ag_202411101306_002m_R1.sb,20241110,13:06:09,40.7008,-70.8845,2.5,814.0,-0.021794,-0.000401
NES-LTER_AE2426_ag_202411101306_002m_R1.sb,20241110,13:06:09,40.7008,-70.8845,2.5,815.0,-0.022484,-0.000431
NES-LTER_AE2426_ag_202411101306_002m_R1.sb,20241110,13:06:09,40.7008,-70.8845,2.5,816.0,-0.022829,-0.000446
NES-LTER_AE2426_ag_202411101306_002m_R1.sb,20241110,13:06:09,40.7008,-70.8845,2.5,817.0,-0.024002,-0.000497
NES-LTER_AE2426_ag_202411101306_002m_R1.sb,20241110,13:06:09,40.7008,-70.8845,2.5,818.0,-0.02552,-0.000563
NES-LTER_AE2426_ag_202411101306_002m_R1.sb,20241110,13:06:09,40.7008,-70.8845,2.5,819.0,-0.027268,-0.000639
NES-LTER_AE2426_ag_202411101306_002m_R1.sb,20241110,13:06:09,40.7008,-70.8845,2.5,820.0,-0.02874,-0.000703
NES-LTER_AE2426_ag_202411101306_002m_R1.sb,20241110,13:06:09,40.7008,-70.8845,2.5,821.0,-0.030166,-0.000765
NES-LTER_AE2426_ag_202411101306_002m_R1.sb,20241110,13:06:09,40.7008,-70.8845,2.5,822.0,-0.032719,-0.000876
NES-LTER_AE2426_ag_202411101306_002m_R1.sb,20241110,13:06:09,40.7008,-70.8845,2.5,823.0,-0.035456,-0.000995
NES-LTER_AE2426_ag_202411101306_002m_R1.sb,20241110,13:06:09,40.7008,-70.8845,2.5,824.0,-0.039757,-0.001182
NES-LTER_AE2426_ag_202411101306_002m_R1.sb,20241110,13:06:09,40.7008,-70.8845,2.5,825.0,-0.043736,-0.001355
NES-LTER_AE2426_ag_202411101306_002m_R1.sb,20241110,13:06:09,40.7008,-70.8845,2.5,826.0,-0.048175,-0.001548
NES-LTER_AE2426_ag_202411101306_002m_R1.sb,20241110,13:06:09,40.7008,-70.8845,2.5,827.0,-0.052292,-0.001727
NES-LTER_AE2426_ag_202411101306_002m_R1.sb,20241110,13:06:09,40.7008,-70.8845,2.5,828.0,-0.056846,-0.001925
NES-LTER_AE2426_ag_202411101306_002m_R1.sb,20241110,13:06:09,40.7008,-70.8845,2.5,829.0,-0.061423,-0.002124
NES-LTER_AE2426_ag_202411101306_002m_R1.sb,20241110,13:06:09,40.7008,-70.8845,2.5,830.0,-0.064873,-0.002274
NES-LTER_AE2426_ag_202411101306_002m_R1.sb,20241110,13:06:09,40.7008,-70.8845,2.5,831.0,-0.067334,-0.002381
NES-LTER_AE2426_ag_202411101306_002m_R1.sb,20241110,13:06:09,40.7008,-70.8845,2.5,832.0,-0.068001,-0.00241
NES-LTER_AE2426_ag_202411101306_002m_R1.sb,20241110,13:06:09,40.7008,-70.8845,2.5,833.0,-0.067012,-0.002367
NES-LTER_AE2426_ag_202411101306_002m_R1.sb,20241110,13:06:09,40.7008,-70.8845,2.5,834.0,-0.063907,-0.002232
NES-LTER_AE2426_ag_202411101306_002m_R1.sb,20241110,13:06:09,40.7008,-70.8845,2.5,835.0,-0.060687,-0.002092
NES-LTER_AE2426_ag_202411101306_002m_R1.sb,20241110,13:06:09,40.7008,-70.8845,2.5,836.0,-0.056386,-0.001905
NES-LTER_AE2426_ag_202411101306_002m_R1.sb,20241110,13:06:09,40.7008,-70.8845,2.5,837.0,-0.052798,-0.001749
NES-LTER_AE2426_ag_202411101306_002m_R1.sb,20241110,13:06:09,40.7008,-70.8845,2.5,838.0,-0.048152,-0.001547
NES-LTER_AE2426_ag_202411101306_002m_R1.sb,20241110,13:06:09,40.7008,-70.8845,2.5,839.0,-0.044449,-0.001386
NES-LTER_AE2426_ag_202411101306_002m_R1.sb,20241110,13:06:09,40.7008,-70.8845,2.5,840.0,-0.041344,-0.001251
NES-LTER_AE2426_ag_202411101306_002m_R1.sb,20241110,13:06:09,40.7008,-70.8845,2.5,841.0,-0.038768,-0.001139
NES-LTER_AE2426_ag_202411101306_002m_R1.sb,20241110,13:06:09,40.7008,-70.8845,2.5,842.0,-0.036583,-0.001044
NES-LTER_AE2426_ag_202411101306_002m_R1.sb,20241110,13:06:09,40.7008,-70.8845,2.5,843.0,-0.033685,-0.000918
NES-LTER_AE2426_ag_202411101306_002m_R1.sb,20241110,13:06:09,40.7008,-70.8845,2.5,844.0,-0.031776,-0.000835
NES-LTER_AE2426_ag_202411101306_002m_R1.sb,20241110,13:06:09,40.7008,-70.8845,2.5,845.0,-0.030557,-0.000782
NES-LTER_AE2426_ag_202411101306_002m_R1.sb,20241110,13:06:09,40.7008,-70.8845,2.5,846.0,-0.029591,-0.00074
NES-LTER_AE2426_ag_202411101306_002m_R1.sb,20241110,13:06:09,40.7008,-70.8845,2.5,847.0,-0.02874,-0.000703
NES-LTER_AE2426_ag_202411101306_002m_R1.sb,20241110,13:06:09,40.7008,-70.8845,2.5,848.0,-0.028027,-0.000672
NES-LTER_AE2426_ag_202411101306_002m_R1.sb,20241110,13:06:09,40.7008,-70.8845,2.5,849.0,-0.02759,-0.000653
NES-LTER_AE2426_ag_202411101306_002m_R1.sb,20241110,13:06:09,40.7008,-70.8845,2.5,850.0,-0.02598,-0.000583
NES-LTER_AE2426_ag_202411110300_004m_R1.sb,20241111,03:00:02,41.031,-70.8832,4.3,300.0,1.042711,0.045891
NES-LTER_AE2426_ag_202411110300_004m_R1.sb,20241111,03:00:02,41.031,-70.8832,4.3,301.0,1.017089,0.044777
NES-LTER_AE2426_ag_202411110300_004m_R1.sb,20241111,03:00:02,41.031,-70.8832,4.3,302.0,0.992295,0.043699
NES-LTER_AE2426_ag_202411110300_004m_R1.sb,20241111,03:00:02,41.031,-70.8832,4.3,303.0,0.968628,0.04267
NES-LTER_AE2426_ag_202411110300_004m_R1.sb,20241111,03:00:02,41.031,-70.8832,4.3,304.0,0.946111,0.041691
NES-LTER_AE2426_ag_202411110300_004m_R1.sb,20241111,03:00:02,41.031,-70.8832,4.3,305.0,0.925181,0.040781
NES-LTER_AE2426_ag_202411110300_004m_R1.sb,20241111,03:00:02,41.031,-70.8832,4.3,306.0,0.904067,0.039863
NES-LTER_AE2426_ag_202411110300_004m_R1.sb,20241111,03:00:02,41.031,-70.8832,4.3,307.0,0.883873,0.038985
NES-LTER_AE2426_ag_202411110300_004m_R1.sb,20241111,03:00:02,41.031,-70.8832,4.3,308.0,0.864806,0.038156
NES-LTER_AE2426_ag_202411110300_004m_R1.sb,20241111,03:00:02,41.031,-70.8832,4.3,309.0,0.847142,0.037388
NES-LTER_AE2426_ag_202411110300_004m_R1.sb,20241111,03:00:02,41.031,-70.8832,4.3,310.0,0.829593,0.036625
NES-LTER_AE2426_ag_202411110300_004m_R1.sb,20241111,03:00:02,41.031,-70.8832,4.3,311.0,0.812987,0.035903
NES-LTER_AE2426_ag_202411110300_004m_R1.sb,20241111,03:00:02,41.031,-70.8832,4.3,312.0,0.79576,0.035154
NES-LTER_AE2426_ag_202411110300_004m_R1.sb,20241111,03:00:02,41.031,-70.8832,4.3,313.0,0.779637,0.034453
NES-LTER_AE2426_ag_202411110300_004m_R1.sb,20241111,03:00:02,41.031,-70.8832,4.3,314.0,0.763284,0.033742
NES-LTER_AE2426_ag_202411110300_004m_R1.sb,20241111,03:00:02,41.031,-70.8832,4.3,315.0,0.748288,0.03309
NES-LTER_AE2426_ag_202411110300_004m_R1.sb,20241111,03:00:02,41.031,-70.8832,4.3,316.0,0.732763,0.032415
NES-LTER_AE2426_ag_202411110300_004m_R1.sb,20241111,03:00:02,41.031,-70.8832,4.3,317.0,0.718526,0.031796
NES-LTER_AE2426_ag_202411110300_004m_R1.sb,20241111,03:00:02,41.031,-70.8832,4.3,318.0,0.704105,0.031169
NES-LTER_AE2426_ag_202411110300_004m_R1.sb,20241111,03:00:02,41.031,-70.8832,4.3,319.0,0.690673,0.030585
NES-LTER_AE2426_ag_202411110300_004m_R1.sb,20241111,03:00:02,41.031,-70.8832,4.3,320.0,0.67708,0.029994
NES-LTER_AE2426_ag_202411110300_004m_R1.sb,20241111,03:00:02,41.031,-70.8832,4.3,321.0,0.664292,0.029438
NES-LTER_AE2426_ag_202411110300_004m_R1.sb,20241111,03:00:02,41.031,-70.8832,4.3,322.0,0.651826,0.028896
NES-LTER_AE2426_ag_202411110300_004m_R1.sb,20241111,03:00:02,41.031,-70.8832,4.3,323.0,0.639084,0.028342
NES-LTER_AE2426_ag_202411110300_004m_R1.sb,20241111,03:00:02,41.031,-70.8832,4.3,324.0,0.62671,0.027804
NES-LTER_AE2426_ag_202411110300_004m_R1.sb,20241111,03:00:02,41.031,-70.8832,4.3,325.0,0.61475,0.027284
NES-LTER_AE2426_ag_202411110300_004m_R1.sb,20241111,03:00:02,41.031,-70.8832,4.3,326.0,0.603434,0.026792
NES-LTER_AE2426_ag_202411110300_004m_R1.sb,20241111,03:00:02,41.031,-70.8832,4.3,327.0,0.591888,0.02629
NES-LTER_AE2426_ag_202411110300_004m_R1.sb,20241111,03:00:02,41.031,-70.8832,4.3,328.0,0.581055,0.025819
NES-LTER_AE2426_ag_202411110300_004m_R1.sb,20241111,03:00:02,41.031,-70.8832,4.3,329.0,0.569969,0.025337
NES-LTER_AE2426_ag_202411110300_004m_R1.sb,20241111,03:00:02,41.031,-70.8832,4.3,330.0,0.559596,0.024886
NES-LTER_AE2426_ag_202411110300_004m_R1.sb,20241111,03:00:02,41.031,-70.8832,4.3,331.0,0.548602,0.024408
NES-LTER_AE2426_ag_202411110300_004m_R1.sb,20241111,03:00:02,41.031,-70.8832,4.3,332.0,0.538551,0.023971
NES-LTER_AE2426_ag_202411110300_004m_R1.sb,20241111,03:00:02,41.031,-70.8832,4.3,333.0,0.528063,0.023515
NES-LTER_AE2426_ag_202411110300_004m_R1.sb,20241111,03:00:02,41.031,-70.8832,4.3,334.0,0.518886,0.023116
NES-LTER_AE2426_ag_202411110300_004m_R1.sb,20241111,03:00:02,41.031,-70.8832,4.3,335.0,0.50918,0.022694
NES-LTER_AE2426_ag_202411110300_004m_R1.sb,20241111,03:00:02,41.031,-70.8832,4.3,336.0,0.500187,0.022303
NES-LTER_AE2426_ag_202411110300_004m_R1.sb,20241111,03:00:02,41.031,-70.8832,4.3,337.0,0.490366,0.021876
NES-LTER_AE2426_ag_202411110300_004m_R1.sb,20241111,03:00:02,41.031,-70.8832,4.3,338.0,0.481787,0.021503
NES-LTER_AE2426_ag_202411110300_004m_R1.sb,20241111,03:00:02,41.031,-70.8832,4.3,339.0,0.472794,0.021112
NES-LTER_AE2426_ag_202411110300_004m_R1.sb,20241111,03:00:02,41.031,-70.8832,4.3,340.0,0.464537,0.020753
NES-LTER_AE2426_ag_202411110300_004m_R1.sb,20241111,03:00:02,41.031,-70.8832,4.3,341.0,0.455751,0.020371
NES-LTER_AE2426_ag_202411110300_004m_R1.sb,20241111,03:00:02,41.031,-70.8832,4.3,342.0,0.447586,0.020016
NES-LTER_AE2426_ag_202411110300_004m_R1.sb,20241111,03:00:02,41.031,-70.8832,4.3,343.0,0.439237,0.019653
NES-LTER_AE2426_ag_202411110300_004m_R1.sb,20241111,03:00:02,41.031,-70.8832,4.3,344.0,0.43144,0.019314
NES-LTER_AE2426_ag_202411110300_004m_R1.sb,20241111,03:00:02,41.031,-70.8832,4.3,345.0,0.423942,0.018988
NES-LTER_AE2426_ag_202411110300_004m_R1.sb,20241111,03:00:02,41.031,-70.8832,4.3,346.0,0.417019,0.018687
NES-LTER_AE2426_ag_202411110300_004m_R1.sb,20241111,03:00:02,41.031,-70.8832,4.3,347.0,0.409383,0.018355
NES-LTER_AE2426_ag_202411110300_004m_R1.sb,20241111,03:00:02,41.031,-70.8832,4.3,348.0,0.401954,0.018032
NES-LTER_AE2426_ag_202411110300_004m_R1.sb,20241111,03:00:02,41.031,-70.8832,4.3,349.0,0.394479,0.017707
NES-LTER_AE2426_ag_202411110300_004m_R1.sb,20241111,03:00:02,41.031,-70.8832,4.3,350.0,0.387786,0.017416
NES-LTER_AE2426_ag_202411110300_004m_R1.sb,20241111,03:00:02,41.031,-70.8832,4.3,351.0,0.381461,0.017141
NES-LTER_AE2426_ag_202411110300_004m_R1.sb,20241111,03:00:02,41.031,-70.8832,4.3,352.0,0.374837,0.016853
NES-LTER_AE2426_ag_202411110300_004m_R1.sb,20241111,03:00:02,41.031,-70.8832,4.3,353.0,0.368282,0.016568
NES-LTER_AE2426_ag_202411110300_004m_R1.sb,20241111,03:00:02,41.031,-70.8832,4.3,354.0,0.362072,0.016298
NES-LTER_AE2426_ag_202411110300_004m_R1.sb,20241111,03:00:02,41.031,-70.8832,4.3,355.0,0.356667,0.016063
NES-LTER_AE2426_ag_202411110300_004m_R1.sb,20241111,03:00:02,41.031,-70.8832,4.3,356.0,0.350687,0.015803
NES-LTER_AE2426_ag_202411110300_004m_R1.sb,20241111,03:00:02,41.031,-70.8832,4.3,357.0,0.3445,0.015534
NES-LTER_AE2426_ag_202411110300_004m_R1.sb,20241111,03:00:02,41.031,-70.8832,4.3,358.0,0.338037,0.015253
NES-LTER_AE2426_ag_202411110300_004m_R1.sb,20241111,03:00:02,41.031,-70.8832,4.3,359.0,0.332747,0.015023
NES-LTER_AE2426_ag_202411110300_004m_R1.sb,20241111,03:00:02,41.031,-70.8832,4.3,360.0,0.32702,0.014774
NES-LTER_AE2426_ag_202411110300_004m_R1.sb,20241111,03:00:02,41.031,-70.8832,4.3,361.0,0.321569,0.014537
NES-LTER_AE2426_ag_202411110300_004m_R1.sb,20241111,03:00:02,41.031,-70.8832,4.3,362.0,0.316187,0.014303
NES-LTER_AE2426_ag_202411110300_004m_R1.sb,20241111,03:00:02,41.031,-70.8832,4.3,363.0,0.311426,0.014096
NES-LTER_AE2426_ag_202411110300_004m_R1.sb,20241111,03:00:02,41.031,-70.8832,4.3,364.0,0.306619,0.013887
NES-LTER_AE2426_ag_202411110300_004m_R1.sb,20241111,03:00:02,41.031,-70.8832,4.3,365.0,0.301812,0.013678
NES-LTER_AE2426_ag_202411110300_004m_R1.sb,20241111,03:00:02,41.031,-70.8832,4.3,366.0,0.297304,0.013482
NES-LTER_AE2426_ag_202411110300_004m_R1.sb,20241111,03:00:02,41.031,-70.8832,4.3,367.0,0.292934,0.013292
NES-LTER_AE2426_ag_202411110300_004m_R1.sb,20241111,03:00:02,41.031,-70.8832,4.3,368.0,0.288334,0.013092
NES-LTER_AE2426_ag_202411110300_004m_R1.sb,20241111,03:00:02,41.031,-70.8832,4.3,369.0,0.283435,0.012879
NES-LTER_AE2426_ag_202411110300_004m_R1.sb,20241111,03:00:02,41.031,-70.8832,4.3,370.0,0.278743,0.012675
NES-LTER_AE2426_ag_202411110300_004m_R1.sb,20241111,03:00:02,41.031,-70.8832,4.3,371.0,0.274626,0.012496
NES-LTER_AE2426_ag_202411110300_004m_R1.sb,20241111,03:00:02,41.031,-70.8832,4.3,372.0,0.269336,0.012266
NES-LTER_AE2426_ag_202411110300_004m_R1.sb,20241111,03:00:02,41.031,-70.8832,4.3,373.0,0.264276,0.012046
NES-LTER_AE2426_ag_202411110300_004m_R1.sb,20241111,03:00:02,41.031,-70.8832,4.3,374.0,0.259101,0.011821
NES-LTER_AE2426_ag_202411110300_004m_R1.sb,20241111,03:00:02,41.031,-70.8832,4.3,375.0,0.255398,0.01166
NES-LTER_AE2426_ag_202411110300_004m_R1.sb,20241111,03:00:02,41.031,-70.8832,4.3,376.0,0.251281,0.011481
NES-LTER_AE2426_ag_202411110300_004m_R1.sb,20241111,03:00:02,41.031,-70.8832,4.3,377.0,0.24721,0.011304
NES-LTER_AE2426_ag_202411110300_004m_R1.sb,20241111,03:00:02,41.031,-70.8832,4.3,378.0,0.24353,0.011144
NES-LTER_AE2426_ag_202411110300_004m_R1.sb,20241111,03:00:02,41.031,-70.8832,4.3,379.0,0.239873,0.010985
NES-LTER_AE2426_ag_202411110300_004m_R1.sb,20241111,03:00:02,41.031,-70.8832,4.3,380.0,0.236492,0.010838
NES-LTER_AE2426_ag_202411110300_004m_R1.sb,20241111,03:00:02,41.031,-70.8832,4.3,381.0,0.232582,0.010668
NES-LTER_AE2426_ag_202411110300_004m_R1.sb,20241111,03:00:02,41.031,-70.8832,4.3,382.0,0.228833,0.010505
NES-LTER_AE2426_ag_202411110300_004m_R1.sb,20241111,03:00:02,41.031,-70.8832,4.3,383.0,0.225015,0.010339
NES-LTER_AE2426_ag_202411110300_004m_R1.sb,20241111,03:00:02,41.031,-70.8832,4.3,384.0,0.221105,0.010169
NES-LTER_AE2426_ag_202411110300_004m_R1.sb,20241111,03:00:02,41.031,-70.8832,4.3,385.0,0.21754,0.010014
NES-LTER_AE2426_ag_202411110300_004m_R1.sb,20241111,03:00:02,41.031,-70.8832,4.3,386.0,0.214389,0.009877
NES-LTER_AE2426_ag_202411110300_004m_R1.sb,20241111,03:00:02,41.031,-70.8832,4.3,387.0,0.211767,0.009763
NES-LTER_AE2426_ag_202411110300_004m_R1.sb,20241111,03:00:02,41.031,-70.8832,4.3,388.0,0.209122,0.009648
NES-LTER_AE2426_ag_202411110300_004m_R1.sb,20241111,03:00:02,41.031,-70.8832,4.3,389.0,0.20604,0.009514
NES-LTER_AE2426_ag_202411110300_004m_R1.sb,20241111,03:00:02,41.031,-70.8832,4.3,390.0,0.202521,0.009361
NES-LTER_AE2426_ag_202411110300_004m_R1.sb,20241111,03:00:02,41.031,-70.8832,4.3,391.0,0.199508,0.00923
NES-LTER_AE2426_ag_202411110300_004m_R1.sb,20241111,03:00:02,41.031,-70.8832,4.3,392.0,0.196495,0.009099
NES-LTER_AE2426_ag_202411110300_004m_R1.sb,20241111,03:00:02,41.031,-70.8832,4.3,393.0,0.194241,0.009001
NES-LTER_AE2426_ag_202411110300_004m_R1.sb,20241111,03:00:02,41.031,-70.8832,4.3,394.0,0.190998,0.00886
NES-LTER_AE2426_ag_202411110300_004m_R1.sb,20241111,03:00:02,41.031,-70.8832,4.3,395.0,0.188054,0.008732
NES-LTER_AE2426_ag_202411110300_004m_R1.sb,20241111,03:00:02,41.031,-70.8832,4.3,396.0,0.184949,0.008597
NES-LTER_AE2426_ag_202411110300_004m_R1.sb,20241111,03:00:02,41.031,-70.8832,4.3,397.0,0.182649,0.008497
NES-LTER_AE2426_ag_202411110300_004m_R1.sb,20241111,03:00:02,41.031,-70.8832,4.3,398.0,0.180648,0.00841
NES-LTER_AE2426_ag_202411110300_004m_R1.sb,20241111,03:00:02,41.031,-70.8832,4.3,399.0,0.178325,0.008309
NES-LTER_AE2426_ag_202411110300_004m_R1.sb,20241111,03:00:02,41.031,-70.8832,4.3,400.0,0.17591,0.008204
NES-LTER_AE2426_ag_202411110300_004m_R1.sb,20241111,03:00:02,41.031,-70.8832,4.3,401.0,0.173196,0.008086
NES-LTER_AE2426_ag_202411110300_004m_R1.sb,20241111,03:00:02,41.031,-70.8832,4.3,402.0,0.17062,0.007974
NES-LTER_AE2426_ag_202411110300_004m_R1.sb,20241111,03:00:02,41.031,-70.8832,4.3,403.0,0.168734,0.007892
NES-LTER_AE2426_ag_202411110300_004m_R1.sb,20241111,03:00:02,41.031,-70.8832,4.3,404.0,0.166756,0.007806
NES-LTER_AE2426_ag_202411110300_004m_R1.sb,20241111,03:00:02,41.031,-70.8832,4.3,405.0,0.164709,0.007717
NES-LTER_AE2426_ag_202411110300_004m_R1.sb,20241111,03:00:02,41.031,-70.8832,4.3,406.0,0.162133,0.007605
NES-LTER_AE2426_ag_202411110300_004m_R1.sb,20241111,03:00:02,41.031,-70.8832,4.3,407.0,0.159672,0.007498
NES-LTER_AE2426_ag_202411110300_004m_R1.sb,20241111,03:00:02,41.031,-70.8832,4.3,408.0,0.157441,0.007401
NES-LTER_AE2426_ag_202411110300_004m_R1.sb,20241111,03:00:02,41.031,-70.8832,4.3,409.0,0.155187,0.007303
NES-LTER_AE2426_ag_202411110300_004m_R1.sb,20241111,03:00:02,41.031,-70.8832,4.3,410.0,0.153071,0.007211
NES-LTER_AE2426_ag_202411110300_004m_R1.sb,20241111,03:00:02,41.031,-70.8832,4.3,411.0,0.151024,0.007122
NES-LTER_AE2426_ag_202411110300_004m_R1.sb,20241111,03:00:02,41.031,-70.8832,4.3,412.0,0.149115,0.007039
NES-LTER_AE2426_ag_202411110300_004m_R1.sb,20241111,03:00:02,41.031,-70.8832,4.3,413.0,0.146769,0.006937
NES-LTER_AE2426_ag_202411110300_004m_R1.sb,20241111,03:00:02,41.031,-70.8832,4.3,414.0,0.144607,0.006843
NES-LTER_AE2426_ag_202411110300_004m_R1.sb,20241111,03:00:02,41.031,-70.8832,4.3,415.0,0.142353,0.006745
NES-LTER_AE2426_ag_202411110300_004m_R1.sb,20241111,03:00:02,41.031,-70.8832,4.3,416.0,0.140168,0.00665
NES-LTER_AE2426_ag_202411110300_004m_R1.sb,20241111,03:00:02,41.031,-70.8832,4.3,417.0,0.138052,0.006558
NES-LTER_AE2426_ag_202411110300_004m_R1.sb,20241111,03:00:02,41.031,-70.8832,4.3,418.0,0.135706,0.006456
NES-LTER_AE2426_ag_202411110300_004m_R1.sb,20241111,03:00:02,41.031,-70.8832,4.3,419.0,0.133958,0.00638
NES-LTER_AE2426_ag_202411110300_004m_R1.sb,20241111,03:00:02,41.031,-70.8832,4.3,420.0,0.131934,0.006292
NES-LTER_AE2426_ag_202411110300_004m_R1.sb,20241111,03:00:02,41.031,-70.8832,4.3,421.0,0.129726,0.006196
NES-LTER_AE2426_ag_202411110300_004m_R1.sb,20241111,03:00:02,41.031,-70.8832,4.3,422.0,0.128047,0.006123
NES-LTER_AE2426_ag_202411110300_004m_R1.sb,20241111,03:00:02,41.031,-70.8832,4.3,423.0,0.126,0.006034
NES-LTER_AE2426_ag_202411110300_004m_R1.sb,20241111,03:00:02,41.031,-70.8832,4.3,424.0,0.124344,0.005962
NES-LTER_AE2426_ag_202411110300_004m_R1.sb,20241111,03:00:02,41.031,-70.8832,4.3,425.0,0.121745,0.005849
NES-LTER_AE2426_ag_202411110300_004m_R1.sb,20241111,03:00:02,41.031,-70.8832,4.3,426.0,0.119491,0.005751
NES-LTER_AE2426_ag_202411110300_004m_R1.sb,20241111,03:00:02,41.031,-70.8832,4.3,427.0,0.116938,0.00564
NES-LTER_AE2426_ag_202411110300_004m_R1.sb,20241111,03:00:02,41.031,-70.8832,4.3,428.0,0.114799,0.005547
NES-LTER_AE2426_ag_202411110300_004m_R1.sb,20241111,03:00:02,41.031,-70.8832,4.3,429.0,0.112844,0.005462
NES-LTER_AE2426_ag_202411110300_004m_R1.sb,20241111,03:00:02,41.031,-70.8832,4.3,430.0,0.110981,0.005381
NES-LTER_AE2426_ag_202411110300_004m_R1.sb,20241111,03:00:02,41.031,-70.8832,4.3,431.0,0.109256,0.005306
NES-LTER_AE2426_ag_202411110300_004m_R1.sb,20241111,03:00:02,41.031,-70.8832,4.3,432.0,0.107485,0.005229
NES-LTER_AE2426_ag_202411110300_004m_R1.sb,20241111,03:00:02,41.031,-70.8832,4.3,433.0,0.106151,0.005171
NES-LTER_AE2426_ag_202411110300_004m_R1.sb,20241111,03:00:02,41.031,-70.8832,4.3,434.0,0.104518,0.0051
NES-LTER_AE2426_ag_202411110300_004m_R1.sb,20241111,03:00:02,41.031,-70.8832,4.3,435.0,0.102586,0.005016
NES-LTER_AE2426_ag_202411110300_004m_R1.sb,20241111,03:00:02,41.031,-70.8832,4.3,436.0,0.100539,0.004927
NES-LTER_AE2426_ag_202411110300_004m_R1.sb,20241111,03:00:02,41.031,-70.8832,4.3,437.0,0.098216,0.004826
NES-LTER_AE2426_ag_202411110300_004m_R1.sb,20241111,03:00:02,41.031,-70.8832,4.3,438.0,0.096882,0.004768
NES-LTER_AE2426_ag_202411110300_004m_R1.sb,20241111,03:00:02,41.031,-70.8832,4.3,439.0,0.094996,0.004686
NES-LTER_AE2426_ag_202411110300_004m_R1.sb,20241111,03:00:02,41.031,-70.8832,4.3,440.0,0.093363,0.004615
NES-LTER_AE2426_ag_202411110300_004m_R1.sb,20241111,03:00:02,41.031,-70.8832,4.3,441.0,0.090833,0.004505
NES-LTER_AE2426_ag_202411110300_004m_R1.sb,20241111,03:00:02,41.031,-70.8832,4.3,442.0,0.089315,0.004439
NES-LTER_AE2426_ag_202411110300_004m_R1.sb,20241111,03:00:02,41.031,-70.8832,4.3,443.0,0.088027,0.004383
NES-LTER_AE2426_ag_202411110300_004m_R1.sb,20241111,03:00:02,41.031,-70.8832,4.3,444.0,0.086923,0.004335
NES-LTER_AE2426_ag_202411110300_004m_R1.sb,20241111,03:00:02,41.031,-70.8832,4.3,445.0,0.085405,0.004269
NES-LTER_AE2426_ag_202411110300_004m_R1.sb,20241111,03:00:02,41.031,-70.8832,4.3,446.0,0.083427,0.004183
NES-LTER_AE2426_ag_202411110300_004m_R1.sb,20241111,03:00:02,41.031,-70.8832,4.3,447.0,0.082231,0.004131
NES-LTER_AE2426_ag_202411110300_004m_R1.sb,20241111,03:00:02,41.031,-70.8832,4.3,448.0,0.080828,0.00407
NES-LTER_AE2426_ag_202411110300_004m_R1.sb,20241111,03:00:02,41.031,-70.8832,4.3,449.0,0.079839,0.004027
NES-LTER_AE2426_ag_202411110300_004m_R1.sb,20241111,03:00:02,41.031,-70.8832,4.3,450.0,0.078137,0.003953
NES-LTER_AE2426_ag_202411110300_004m_R1.sb,20241111,03:00:02,41.031,-70.8832,4.3,451.0,0.077171,0.003911
NES-LTER_AE2426_ag_202411110300_004m_R1.sb,20241111,03:00:02,41.031,-70.8832,4.3,452.0,0.075998,0.00386
NES-LTER_AE2426_ag_202411110300_004m_R1.sb,20241111,03:00:02,41.031,-70.8832,4.3,453.0,0.075032,0.003818
NES-LTER_AE2426_ag_202411110300_004m_R1.sb,20241111,03:00:02,41.031,-70.8832,4.3,454.0,0.07356,0.003754
NES-LTER_AE2426_ag_202411110300_004m_R1.sb,20241111,03:00:02,41.031,-70.8832,4.3,455.0,0.072456,0.003706
NES-LTER_AE2426_ag_202411110300_004m_R1.sb,20241111,03:00:02,41.031,-70.8832,4.3,456.0,0.071398,0.00366
NES-LTER_AE2426_ag_202411110300_004m_R1.sb,20241111,03:00:02,41.031,-70.8832,4.3,457.0,0.07057,0.003624
NES-LTER_AE2426_ag_202411110300_004m_R1.sb,20241111,03:00:02,41.031,-70.8832,4.3,458.0,0.069213,0.003565
NES-LTER_AE2426_ag_202411110300_004m_R1.sb,20241111,03:00:02,41.031,-70.8832,4.3,459.0,0.068086,0.003516
NES-LTER_AE2426_ag_202411110300_004m_R1.sb,20241111,03:00:02,41.031,-70.8832,4.3,460.0,0.06689,0.003464
NES-LTER_AE2426_ag_202411110300_004m_R1.sb,20241111,03:00:02,41.031,-70.8832,4.3,461.0,0.066131,0.003431
NES-LTER_AE2426_ag_202411110300_004m_R1.sb,20241111,03:00:02,41.031,-70.8832,4.3,462.0,0.064912,0.003378
NES-LTER_AE2426_ag_202411110300_004m_R1.sb,20241111,03:00:02,41.031,-70.8832,4.3,463.0,0.063785,0.003329
NES-LTER_AE2426_ag_202411110300_004m_R1.sb,20241111,03:00:02,41.031,-70.8832,4.3,464.0,0.062589,0.003277
NES-LTER_AE2426_ag_202411110300_004m_R1.sb,20241111,03:00:02,41.031,-70.8832,4.3,465.0,0.061278,0.00322
NES-LTER_AE2426_ag_202411110300_004m_R1.sb,20241111,03:00:02,41.031,-70.8832,4.3,466.0,0.059967,0.003163
NES-LTER_AE2426_ag_202411110300_004m_R1.sb,20241111,03:00:02,41.031,-70.8832,4.3,467.0,0.058702,0.003108
NES-LTER_AE2426_ag_202411110300_004m_R1.sb,20241111,03:00:02,41.031,-70.8832,4.3,468.0,0.057759,0.003067
NES-LTER_AE2426_ag_202411110300_004m_R1.sb,20241111,03:00:02,41.031,-70.8832,4.3,469.0,0.056908,0.00303
NES-LTER_AE2426_ag_202411110300_004m_R1.sb,20241111,03:00:02,41.031,-70.8832,4.3,470.0,0.056172,0.002998
NES-LTER_AE2426_ag_202411110300_004m_R1.sb,20241111,03:00:02,41.031,-70.8832,4.3,471.0,0.055022,0.002948
NES-LTER_AE2426_ag_202411110300_004m_R1.sb,20241111,03:00:02,41.031,-70.8832,4.3,472.0,0.053941,0.002901
NES-LTER_AE2426_ag_202411110300_004m_R1.sb,20241111,03:00:02,41.031,-70.8832,4.3,473.0,0.052883,0.002855
NES-LTER_AE2426_ag_202411110300_004m_R1.sb,20241111,03:00:02,41.031,-70.8832,4.3,474.0,0.052538,0.00284
NES-LTER_AE2426_ag_202411110300_004m_R1.sb,20241111,03:00:02,41.031,-70.8832,4.3,475.0,0.051641,0.002801
NES-LTER_AE2426_ag_202411110300_004m_R1.sb,20241111,03:00:02,41.031,-70.8832,4.3,476.0,0.050767,0.002763
NES-LTER_AE2426_ag_202411110300_004m_R1.sb,20241111,03:00:02,41.031,-70.8832,4.3,477.0,0.049088,0.00269
NES-LTER_AE2426_ag_202411110300_004m_R1.sb,20241111,03:00:02,41.031,-70.8832,4.3,478.0,0.048467,0.002663
NES-LTER_AE2426_ag_202411110300_004m_R1.sb,20241111,03:00:02,41.031,-70.8832,4.3,479.0,0.047662,0.002628
NES-LTER_AE2426_ag_202411110300_004m_R1.sb,20241111,03:00:02,41.031,-70.8832,4.3,480.0,0.047386,0.002616
NES-LTER_AE2426_ag_202411110300_004m_R1.sb,20241111,03:00:02,41.031,-70.8832,4.3,481.0,0.046351,0.002571
NES-LTER_AE2426_ag_202411110300_004m_R1.sb,20241111,03:00:02,41.031,-70.8832,4.3,482.0,0.045799,0.002547
NES-LTER_AE2426_ag_202411110300_004m_R1.sb,20241111,03:00:02,41.031,-70.8832,4.3,483.0,0.044971,0.002511
NES-LTER_AE2426_ag_202411110300_004m_R1.sb,20241111,03:00:02,41.031,-70.8832,4.3,484.0,0.044534,0.002492
NES-LTER_AE2426_ag_202411110300_004m_R1.sb,20241111,03:00:02,41.031,-70.8832,4.3,485.0,0.04343,0.002444
NES-LTER_AE2426_ag_202411110300_004m_R1.sb,20241111,03:00:02,41.031,-70.8832,4.3,486.0,0.042533,0.002405
NES-LTER_AE2426_ag_202411110300_004m_R1.sb,20241111,03:00:02,41.031,-70.8832,4.3,487.0,0.04159,0.002364
NES-LTER_AE2426_ag_202411110300_004m_R1.sb,20241111,03:00:02,41.031,-70.8832,4.3,488.0,0.040969,0.002337
NES-LTER_AE2426_ag_202411110300_004m_R1.sb,20241111,03:00:02,41.031,-70.8832,4.3,489.0,0.040509,0.002317
NES-LTER_AE2426_ag_202411110300_004m_R1.sb,20241111,03:00:02,41.031,-70.8832,4.3,490.0,0.040049,0.002297
NES-LTER_AE2426_ag_202411110300_004m_R1.sb,20241111,03:00:02,41.031,-70.8832,4.3,491.0,0.039681,0.002281
NES-LTER_AE2426_ag_202411110300_004m_R1.sb,20241111,03:00:02,41.031,-70.8832,4.3,492.0,0.039566,0.002276
NES-LTER_AE2426_ag_202411110300_004m_R1.sb,20241111,03:00:02,41.031,-70.8832,4.3,493.0,0.038945,0.002249
NES-LTER_AE2426_ag_202411110300_004m_R1.sb,20241111,03:00:02,41.031,-70.8832,4.3,494.0,0.038255,0.002219
NES-LTER_AE2426_ag_202411110300_004m_R1.sb,20241111,03:00:02,41.031,-70.8832,4.3,495.0,0.037174,0.002172
NES-LTER_AE2426_ag_202411110300_004m_R1.sb,20241111,03:00:02,41.031,-70.8832,4.3,496.0,0.036438,0.00214
NES-LTER_AE2426_ag_202411110300_004m_R1.sb,20241111,03:00:02,41.031,-70.8832,4.3,497.0,0.035771,0.002111
NES-LTER_AE2426_ag_202411110300_004m_R1.sb,20241111,03:00:02,41.031,-70.8832,4.3,498.0,0.035357,0.002093
NES-LTER_AE2426_ag_202411110300_004m_R1.sb,20241111,03:00:02,41.031,-70.8832,4.3,499.0,0.03492,0.002074
NES-LTER_AE2426_ag_202411110300_004m_R1.sb,20241111,03:00:02,41.031,-70.8832,4.3,500.0,0.034506,0.002056
NES-LTER_AE2426_ag_202411110300_004m_R1.sb,20241111,03:00:02,41.031,-70.8832,4.3,501.0,0.034023,0.002035
NES-LTER_AE2426_ag_202411110300_004m_R1.sb,20241111,03:00:02,41.031,-70.8832,4.3,502.0,0.03354,0.002014
NES-LTER_AE2426_ag_202411110300_004m_R1.sb,20241111,03:00:02,41.031,-70.8832,4.3,503.0,0.032965,0.001989
NES-LTER_AE2426_ag_202411110300_004m_R1.sb,20241111,03:00:02,41.031,-70.8832,4.3,504.0,0.032551,0.001971
NES-LTER_AE2426_ag_202411110300_004m_R1.sb,20241111,03:00:02,41.031,-70.8832,4.3,505.0,0.032045,0.001949
NES-LTER_AE2426_ag_202411110300_004m_R1.sb,20241111,03:00:02,41.031,-70.8832,4.3,506.0,0.031746,0.001936
NES-LTER_AE2426_ag_202411110300_004m_R1.sb,20241111,03:00:02,41.031,-70.8832,4.3,507.0,0.031194,0.001912
NES-LTER_AE2426_ag_202411110300_004m_R1.sb,20241111,03:00:02,41.031,-70.8832,4.3,508.0,0.030688,0.00189
NES-LTER_AE2426_ag_202411110300_004m_R1.sb,20241111,03:00:02,41.031,-70.8832,4.3,509.0,0.030159,0.001867
NES-LTER_AE2426_ag_202411110300_004m_R1.sb,20241111,03:00:02,41.031,-70.8832,4.3,510.0,0.029699,0.001847
NES-LTER_AE2426_ag_202411110300_004m_R1.sb,20241111,03:00:02,41.031,-70.8832,4.3,511.0,0.029492,0.001838
NES-LTER_AE2426_ag_202411110300_004m_R1.sb,20241111,03:00:02,41.031,-70.8832,4.3,512.0,0.029262,0.001828
NES-LTER_AE2426_ag_202411110300_004m_R1.sb,20241111,03:00:02,41.031,-70.8832,4.3,513.0,0.028664,0.001802
NES-LTER_AE2426_ag_202411110300_004m_R1.sb,20241111,03:00:02,41.031,-70.8832,4.3,514.0,0.028135,0.001779
NES-LTER_AE2426_ag_202411110300_004m_R1.sb,20241111,03:00:02,41.031,-70.8832,4.3,515.0,0.027721,0.001761
NES-LTER_AE2426_ag_202411110300_004m_R1.sb,20241111,03:00:02,41.031,-70.8832,4.3,516.0,0.02756,0.001754
NES-LTER_AE2426_ag_202411110300_004m_R1.sb,20241111,03:00:02,41.031,-70.8832,4.3,517.0,0.02756,0.001754
NES-LTER_AE2426_ag_202411110300_004m_R1.sb,20241111,03:00:02,41.031,-70.8832,4.3,518.0,0.027284,0.001742
NES-LTER_AE2426_ag_202411110300_004m_R1.sb,20241111,03:00:02,41.031,-70.8832,4.3,519.0,0.026985,0.001729
NES-LTER_AE2426_ag_202411110300_004m_R1.sb,20241111,03:00:02,41.031,-70.8832,4.3,520.0,0.026502,0.001708
NES-LTER_AE2426_ag_202411110300_004m_R1.sb,20241111,03:00:02,41.031,-70.8832,4.3,521.0,0.026433,0.001705
NES-LTER_AE2426_ag_202411110300_004m_R1.sb,20241111,03:00:02,41.031,-70.8832,4.3,522.0,0.026226,0.001696
NES-LTER_AE2426_ag_202411110300_004m_R1.sb,20241111,03:00:02,41.031,-70.8832,4.3,523.0,0.025697,0.001673
NES-LTER_AE2426_ag_202411110300_004m_R1.sb,20241111,03:00:02,41.031,-70.8832,4.3,524.0,0.024984,0.001642
NES-LTER_AE2426_ag_202411110300_004m_R1.sb,20241111,03:00:02,41.031,-70.8832,4.3,525.0,0.024639,0.001627
NES-LTER_AE2426_ag_202411110300_004m_R1.sb,20241111,03:00:02,41.031,-70.8832,4.3,526.0,0.024432,0.001618
NES-LTER_AE2426_ag_202411110300_004m_R1.sb,20241111,03:00:02,41.031,-70.8832,4.3,527.0,0.024386,0.001616
NES-LTER_AE2426_ag_202411110300_004m_R1.sb,20241111,03:00:02,41.031,-70.8832,4.3,528.0,0.023949,0.001597
NES-LTER_AE2426_ag_202411110300_004m_R1.sb,20241111,03:00:02,41.031,-70.8832,4.3,529.0,0.023903,0.001595
NES-LTER_AE2426_ag_202411110300_004m_R1.sb,20241111,03:00:02,41.031,-70.8832,4.3,530.0,0.023512,0.001578
NES-LTER_AE2426_ag_202411110300_004m_R1.sb,20241111,03:00:02,41.031,-70.8832,4.3,531.0,0.023397,0.001573
NES-LTER_AE2426_ag_202411110300_004m_R1.sb,20241111,03:00:02,41.031,-70.8832,4.3,532.0,0.0225,0.001534
NES-LTER_AE2426_ag_202411110300_004m_R1.sb,20241111,03:00:02,41.031,-70.8832,4.3,533.0,0.022132,0.001518
NES-LTER_AE2426_ag_202411110300_004m_R1.sb,20241111,03:00:02,41.031,-70.8832,4.3,534.0,0.021626,0.001496
NES-LTER_AE2426_ag_202411110300_004m_R1.sb,20241111,03:00:02,41.031,-70.8832,4.3,535.0,0.021511,0.001491
NES-LTER_AE2426_ag_202411110300_004m_R1.sb,20241111,03:00:02,41.031,-70.8832,4.3,536.0,0.021235,0.001479
NES-LTER_AE2426_ag_202411110300_004m_R1.sb,20241111,03:00:02,41.031,-70.8832,4.3,537.0,0.021189,0.001477
NES-LTER_AE2426_ag_202411110300_004m_R1.sb,20241111,03:00:02,41.031,-70.8832,4.3,538.0,0.021143,0.001475
NES-LTER_AE2426_ag_202411110300_004m_R1.sb,20241111,03:00:02,41.031,-70.8832,4.3,539.0,0.020614,0.001452
NES-LTER_AE2426_ag_202411110300_004m_R1.sb,20241111,03:00:02,41.031,-70.8832,4.3,540.0,0.020246,0.001436
NES-LTER_AE2426_ag_202411110300_004m_R1.sb,20241111,03:00:02,41.031,-70.8832,4.3,541.0,0.020016,0.001426
NES-LTER_AE2426_ag_202411110300_004m_R1.sb,20241111,03:00:02,41.031,-70.8832,4.3,542.0,0.019993,0.001425
NES-LTER_AE2426_ag_202411110300_004m_R1.sb,20241111,03:00:02,41.031,-70.8832,4.3,543.0,0.019832,0.001418
NES-LTER_AE2426_ag_202411110300_004m_R1.sb,20241111,03:00:02,41.031,-70.8832,4.3,544.0,0.019717,0.001413
NES-LTER_AE2426_ag_202411110300_004m_R1.sb,20241111,03:00:02,41.031,-70.8832,4.3,545.0,0.019349,0.001397
NES-LTER_AE2426_ag_202411110300_004m_R1.sb,20241111,03:00:02,41.031,-70.8832,4.3,546.0,0.019073,0.001385
NES-LTER_AE2426_ag_202411110300_004m_R1.sb,20241111,03:00:02,41.031,-70.8832,4.3,547.0,0.018659,0.001367
NES-LTER_AE2426_ag_202411110300_004m_R1.sb,20241111,03:00:02,41.031,-70.8832,4.3,548.0,0.018337,0.001353
NES-LTER_AE2426_ag_202411110300_004m_R1.sb,20241111,03:00:02,41.031,-70.8832,4.3,549.0,0.017969,0.001337
NES-LTER_AE2426_ag_202411110300_004m_R1.sb,20241111,03:00:02,41.031,-70.8832,4.3,550.0,0.017647,0.001323
NES-LTER_AE2426_ag_202411110300_004m_R1.sb,20241111,03:00:02,41.031,-70.8832,4.3,551.0,0.017463,0.001315
NES-LTER_AE2426_ag_202411110300_004m_R1.sb,20241111,03:00:02,41.031,-70.8832,4.3,552.0,0.017256,0.001306
NES-LTER_AE2426_ag_202411110300_004m_R1.sb,20241111,03:00:02,41.031,-70.8832,4.3,553.0,0.017049,0.001297
NES-LTER_AE2426_ag_202411110300_004m_R1.sb,20241111,03:00:02,41.031,-70.8832,4.3,554.0,0.016865,0.001289
NES-LTER_AE2426_ag_202411110300_004m_R1.sb,20241111,03:00:02,41.031,-70.8832,4.3,555.0,0.016474,0.001272
NES-LTER_AE2426_ag_202411110300_004m_R1.sb,20241111,03:00:02,41.031,-70.8832,4.3,556.0,0.015876,0.001246
NES-LTER_AE2426_ag_202411110300_004m_R1.sb,20241111,03:00:02,41.031,-70.8832,4.3,557.0,0.01583,0.001244
NES-LTER_AE2426_ag_202411110300_004m_R1.sb,20241111,03:00:02,41.031,-70.8832,4.3,558.0,0.01583,0.001244
NES-LTER_AE2426_ag_202411110300_004m_R1.sb,20241111,03:00:02,41.031,-70.8832,4.3,559.0,0.016014,0.001252
NES-LTER_AE2426_ag_202411110300_004m_R1.sb,20241111,03:00:02,41.031,-70.8832,4.3,560.0,0.015876,0.001246
NES-LTER_AE2426_ag_202411110300_004m_R1.sb,20241111,03:00:02,41.031,-70.8832,4.3,561.0,0.015301,0.001221
NES-LTER_AE2426_ag_202411110300_004m_R1.sb,20241111,03:00:02,41.031,-70.8832,4.3,562.0,0.015117,0.001213
NES-LTER_AE2426_ag_202411110300_004m_R1.sb,20241111,03:00:02,41.031,-70.8832,4.3,563.0,0.014657,0.001193
NES-LTER_AE2426_ag_202411110300_004m_R1.sb,20241111,03:00:02,41.031,-70.8832,4.3,564.0,0.014611,0.001191
NES-LTER_AE2426_ag_202411110300_004m_R1.sb,20241111,03:00:02,41.031,-70.8832,4.3,565.0,0.014427,0.001183
NES-LTER_AE2426_ag_202411110300_004m_R1.sb,20241111,03:00:02,41.031,-70.8832,4.3,566.0,0.014427,0.001183
NES-LTER_AE2426_ag_202411110300_004m_R1.sb,20241111,03:00:02,41.031,-70.8832,4.3,567.0,0.01399,0.001164
NES-LTER_AE2426_ag_202411110300_004m_R1.sb,20241111,03:00:02,41.031,-70.8832,4.3,568.0,0.013668,0.00115
NES-LTER_AE2426_ag_202411110300_004m_R1.sb,20241111,03:00:02,41.031,-70.8832,4.3,569.0,0.01307,0.001124
NES-LTER_AE2426_ag_202411110300_004m_R1.sb,20241111,03:00:02,41.031,-70.8832,4.3,570.0,0.013392,0.001138
NES-LTER_AE2426_ag_202411110300_004m_R1.sb,20241111,03:00:02,41.031,-70.8832,4.3,571.0,0.013231,0.001131
NES-LTER_AE2426_ag_202411110300_004m_R1.sb,20241111,03:00:02,41.031,-70.8832,4.3,572.0,0.013346,0.001136
NES-LTER_AE2426_ag_202411110300_004m_R1.sb,20241111,03:00:02,41.031,-70.8832,4.3,573.0,0.012932,0.001118
NES-LTER_AE2426_ag_202411110300_004m_R1.sb,20241111,03:00:02,41.031,-70.8832,4.3,574.0,0.012725,0.001109
NES-LTER_AE2426_ag_202411110300_004m_R1.sb,20241111,03:00:02,41.031,-70.8832,4.3,575.0,0.012472,0.001098
NES-LTER_AE2426_ag_202411110300_004m_R1.sb,20241111,03:00:02,41.031,-70.8832,4.3,576.0,0.012173,0.001085
NES-LTER_AE2426_ag_202411110300_004m_R1.sb,20241111,03:00:02,41.031,-70.8832,4.3,577.0,0.011736,0.001066
NES-LTER_AE2426_ag_202411110300_004m_R1.sb,20241111,03:00:02,41.031,-70.8832,4.3,578.0,0.011414,0.001052
NES-LTER_AE2426_ag_202411110300_004m_R1.sb,20241111,03:00:02,41.031,-70.8832,4.3,579.0,0.011414,0.001052
NES-LTER_AE2426_ag_202411110300_004m_R1.sb,20241111,03:00:02,41.031,-70.8832,4.3,580.0,0.011414,0.001052
NES-LTER_AE2426_ag_202411110300_004m_R1.sb,20241111,03:00:02,41.031,-70.8832,4.3,581.0,0.011184,0.001042
NES-LTER_AE2426_ag_202411110300_004m_R1.sb,20241111,03:00:02,41.031,-70.8832,4.3,582.0,0.010862,0.001028
NES-LTER_AE2426_ag_202411110300_004m_R1.sb,20241111,03:00:02,41.031,-70.8832,4.3,583.0,0.010839,0.001027
NES-LTER_AE2426_ag_202411110300_004m_R1.sb,20241111,03:00:02,41.031,-70.8832,4.3,584.0,0.010609,0.001017
NES-LTER_AE2426_ag_202411110300_004m_R1.sb,20241111,03:00:02,41.031,-70.8832,4.3,585.0,0.010011,0.000991
NES-LTER_AE2426_ag_202411110300_004m_R1.sb,20241111,03:00:02,41.031,-70.8832,4.3,586.0,0.009666,0.000976
NES-LTER_AE2426_ag_202411110300_004m_R1.sb,20241111,03:00:02,41.031,-70.8832,4.3,587.0,0.009551,0.000971
NES-LTER_AE2426_ag_202411110300_004m_R1.sb,20241111,03:00:02,41.031,-70.8832,4.3,588.0,0.009689,0.000977
NES-LTER_AE2426_ag_202411110300_004m_R1.sb,20241111,03:00:02,41.031,-70.8832,4.3,589.0,0.009252,0.000958
NES-LTER_AE2426_ag_202411110300_004m_R1.sb,20241111,03:00:02,41.031,-70.8832,4.3,590.0,0.008884,0.000942
NES-LTER_AE2426_ag_202411110300_004m_R1.sb,20241111,03:00:02,41.031,-70.8832,4.3,591.0,0.008723,0.000935
NES-LTER_AE2426_ag_202411110300_004m_R1.sb,20241111,03:00:02,41.031,-70.8832,4.3,592.0,0.0087,0.000934
NES-LTER_AE2426_ag_202411110300_004m_R1.sb,20241111,03:00:02,41.031,-70.8832,4.3,593.0,0.008424,0.000922
NES-LTER_AE2426_ag_202411110300_004m_R1.sb,20241111,03:00:02,41.031,-70.8832,4.3,594.0,0.007849,0.000897
NES-LTER_AE2426_ag_202411110300_004m_R1.sb,20241111,03:00:02,41.031,-70.8832,4.3,595.0,0.007343,0.000875
NES-LTER_AE2426_ag_202411110300_004m_R1.sb,20241111,03:00:02,41.031,-70.8832,4.3,596.0,0.006952,0.000858
NES-LTER_AE2426_ag_202411110300_004m_R1.sb,20241111,03:00:02,41.031,-70.8832,4.3,597.0,0.00663,0.000844
NES-LTER_AE2426_ag_202411110300_004m_R1.sb,20241111,03:00:02,41.031,-70.8832,4.3,598.0,0.006032,0.000818
NES-LTER_AE2426_ag_202411110300_004m_R1.sb,20241111,03:00:02,41.031,-70.8832,4.3,599.0,0.005756,0.000806
NES-LTER_AE2426_ag_202411110300_004m_R1.sb,20241111,03:00:02,41.031,-70.8832,4.3,600.0,0.005112,0.000778
NES-LTER_AE2426_ag_202411110300_004m_R1.sb,20241111,03:00:02,41.031,-70.8832,4.3,601.0,0.004882,0.000768
NES-LTER_AE2426_ag_202411110300_004m_R1.sb,20241111,03:00:02,41.031,-70.8832,4.3,602.0,0.004307,0.000743
NES-LTER_AE2426_ag_202411110300_004m_R1.sb,20241111,03:00:02,41.031,-70.8832,4.3,603.0,0.004491,0.000751
NES-LTER_AE2426_ag_202411110300_004m_R1.sb,20241111,03:00:02,41.031,-70.8832,4.3,604.0,0.004675,0.000759
NES-LTER_AE2426_ag_202411110300_004m_R1.sb,20241111,03:00:02,41.031,-70.8832,4.3,605.0,0.005227,0.000783
NES-LTER_AE2426_ag_202411110300_004m_R1.sb,20241111,03:00:02,41.031,-70.8832,4.3,606.0,0.005365,0.000789
NES-LTER_AE2426_ag_202411110300_004m_R1.sb,20241111,03:00:02,41.031,-70.8832,4.3,607.0,0.005779,0.000807
NES-LTER_AE2426_ag_202411110300_004m_R1.sb,20241111,03:00:02,41.031,-70.8832,4.3,608.0,0.005779,0.000807
NES-LTER_AE2426_ag_202411110300_004m_R1.sb,20241111,03:00:02,41.031,-70.8832,4.3,609.0,0.006009,0.000817
NES-LTER_AE2426_ag_202411110300_004m_R1.sb,20241111,03:00:02,41.031,-70.8832,4.3,610.0,0.005802,0.000808
NES-LTER_AE2426_ag_202411110300_004m_R1.sb,20241111,03:00:02,41.031,-70.8832,4.3,611.0,0.005963,0.000815
NES-LTER_AE2426_ag_202411110300_004m_R1.sb,20241111,03:00:02,41.031,-70.8832,4.3,612.0,0.005894,0.000812
NES-LTER_AE2426_ag_202411110300_004m_R1.sb,20241111,03:00:02,41.031,-70.8832,4.3,613.0,0.006078,0.00082
NES-LTER_AE2426_ag_202411110300_004m_R1.sb,20241111,03:00:02,41.031,-70.8832,4.3,614.0,0.0064,0.000834
NES-LTER_AE2426_ag_202411110300_004m_R1.sb,20241111,03:00:02,41.031,-70.8832,4.3,615.0,0.006561,0.000841
NES-LTER_AE2426_ag_202411110300_004m_R1.sb,20241111,03:00:02,41.031,-70.8832,4.3,616.0,0.006492,0.000838
NES-LTER_AE2426_ag_202411110300_004m_R1.sb,20241111,03:00:02,41.031,-70.8832,4.3,617.0,0.006101,0.000821
NES-LTER_AE2426_ag_202411110300_004m_R1.sb,20241111,03:00:02,41.031,-70.8832,4.3,618.0,0.006055,0.000819
NES-LTER_AE2426_ag_202411110300_004m_R1.sb,20241111,03:00:02,41.031,-70.8832,4.3,619.0,0.005825,0.000809
NES-LTER_AE2426_ag_202411110300_004m_R1.sb,20241111,03:00:02,41.031,-70.8832,4.3,620.0,0.005894,0.000812
NES-LTER_AE2426_ag_202411110300_004m_R1.sb,20241111,03:00:02,41.031,-70.8832,4.3,621.0,0.005917,0.000813
NES-LTER_AE2426_ag_202411110300_004m_R1.sb,20241111,03:00:02,41.031,-70.8832,4.3,622.0,0.006078,0.00082
NES-LTER_AE2426_ag_202411110300_004m_R1.sb,20241111,03:00:02,41.031,-70.8832,4.3,623.0,0.005917,0.000813
NES-LTER_AE2426_ag_202411110300_004m_R1.sb,20241111,03:00:02,41.031,-70.8832,4.3,624.0,0.005779,0.000807
NES-LTER_AE2426_ag_202411110300_004m_R1.sb,20241111,03:00:02,41.031,-70.8832,4.3,625.0,0.005664,0.000802
NES-LTER_AE2426_ag_202411110300_004m_R1.sb,20241111,03:00:02,41.031,-70.8832,4.3,626.0,0.005664,0.000802
NES-LTER_AE2426_ag_202411110300_004m_R1.sb,20241111,03:00:02,41.031,-70.8832,4.3,627.0,0.00548,0.000794
NES-LTER_AE2426_ag_202411110300_004m_R1.sb,20241111,03:00:02,41.031,-70.8832,4.3,628.0,0.005595,0.000799
NES-LTER_AE2426_ag_202411110300_004m_R1.sb,20241111,03:00:02,41.031,-70.8832,4.3,629.0,0.00525,0.000784
NES-LTER_AE2426_ag_202411110300_004m_R1.sb,20241111,03:00:02,41.031,-70.8832,4.3,630.0,0.004974,0.000772
NES-LTER_AE2426_ag_202411110300_004m_R1.sb,20241111,03:00:02,41.031,-70.8832,4.3,631.0,0.00456,0.000754
NES-LTER_AE2426_ag_202411110300_004m_R1.sb,20241111,03:00:02,41.031,-70.8832,4.3,632.0,0.004307,0.000743
NES-LTER_AE2426_ag_202411110300_004m_R1.sb,20241111,03:00:02,41.031,-70.8832,4.3,633.0,0.004238,0.00074
NES-LTER_AE2426_ag_202411110300_004m_R1.sb,20241111,03:00:02,41.031,-70.8832,4.3,634.0,0.004123,0.000735
NES-LTER_AE2426_ag_202411110300_004m_R1.sb,20241111,03:00:02,41.031,-70.8832,4.3,635.0,0.004238,0.00074
NES-LTER_AE2426_ag_202411110300_004m_R1.sb,20241111,03:00:02,41.031,-70.8832,4.3,636.0,0.004123,0.000735
NES-LTER_AE2426_ag_202411110300_004m_R1.sb,20241111,03:00:02,41.031,-70.8832,4.3,637.0,0.004261,0.000741
NES-LTER_AE2426_ag_202411110300_004m_R1.sb,20241111,03:00:02,41.031,-70.8832,4.3,638.0,0.004123,0.000735
NES-LTER_AE2426_ag_202411110300_004m_R1.sb,20241111,03:00:02,41.031,-70.8832,4.3,639.0,0.004629,0.000757
NES-LTER_AE2426_ag_202411110300_004m_R1.sb,20241111,03:00:02,41.031,-70.8832,4.3,640.0,0.004123,0.000735
NES-LTER_AE2426_ag_202411110300_004m_R1.sb,20241111,03:00:02,41.031,-70.8832,4.3,641.0,0.00433,0.000744
NES-LTER_AE2426_ag_202411110300_004m_R1.sb,20241111,03:00:02,41.031,-70.8832,4.3,642.0,0.003801,0.000721
NES-LTER_AE2426_ag_202411110300_004m_R1.sb,20241111,03:00:02,41.031,-70.8832,4.3,643.0,0.003916,0.000726
NES-LTER_AE2426_ag_202411110300_004m_R1.sb,20241111,03:00:02,41.031,-70.8832,4.3,644.0,0.003502,0.000708
NES-LTER_AE2426_ag_202411110300_004m_R1.sb,20241111,03:00:02,41.031,-70.8832,4.3,645.0,0.003203,0.000695
NES-LTER_AE2426_ag_202411110300_004m_R1.sb,20241111,03:00:02,41.031,-70.8832,4.3,646.0,0.003111,0.000691
NES-LTER_AE2426_ag_202411110300_004m_R1.sb,20241111,03:00:02,41.031,-70.8832,4.3,647.0,0.003088,0.00069
NES-LTER_AE2426_ag_202411110300_004m_R1.sb,20241111,03:00:02,41.031,-70.8832,4.3,648.0,0.002904,0.000682
NES-LTER_AE2426_ag_202411110300_004m_R1.sb,20241111,03:00:02,41.031,-70.8832,4.3,649.0,0.002582,0.000668
NES-LTER_AE2426_ag_202411110300_004m_R1.sb,20241111,03:00:02,41.031,-70.8832,4.3,650.0,0.00226,0.000654
NES-LTER_AE2426_ag_202411110300_004m_R1.sb,20241111,03:00:02,41.031,-70.8832,4.3,651.0,0.001892,0.000638
NES-LTER_AE2426_ag_202411110300_004m_R1.sb,20241111,03:00:02,41.031,-70.8832,4.3,652.0,0.001685,0.000629
NES-LTER_AE2426_ag_202411110300_004m_R1.sb,20241111,03:00:02,41.031,-70.8832,4.3,653.0,0.001616,0.000626
NES-LTER_AE2426_ag_202411110300_004m_R1.sb,20241111,03:00:02,41.031,-70.8832,4.3,654.0,0.001616,0.000626
NES-LTER_AE2426_ag_202411110300_004m_R1.sb,20241111,03:00:02,41.031,-70.8832,4.3,655.0,0.001248,0.00061
NES-LTER_AE2426_ag_202411110300_004m_R1.sb,20241111,03:00:02,41.031,-70.8832,4.3,656.0,0.000581,0.000581
NES-LTER_AE2426_ag_202411110300_004m_R1.sb,20241111,03:00:02,41.031,-70.8832,4.3,657.0,0.000236,0.000566
NES-LTER_AE2426_ag_202411110300_004m_R1.sb,20241111,03:00:02,41.031,-70.8832,4.3,658.0,2.9e-05,0.000557
NES-LTER_AE2426_ag_202411110300_004m_R1.sb,20241111,03:00:02,41.031,-70.8832,4.3,659.0,5.2e-05,0.000558
NES-LTER_AE2426_ag_202411110300_004m_R1.sb,20241111,03:00:02,41.031,-70.8832,4.3,660.0,9.8e-05,0.00056
NES-LTER_AE2426_ag_202411110300_004m_R1.sb,20241111,03:00:02,41.031,-70.8832,4.3,661.0,-0.000247,0.000545
NES-LTER_AE2426_ag_202411110300_004m_R1.sb,20241111,03:00:02,41.031,-70.8832,4.3,662.0,-0.000454,0.000536
NES-LTER_AE2426_ag_202411110300_004m_R1.sb,20241111,03:00:02,41.031,-70.8832,4.3,663.0,-0.000684,0.000526
NES-LTER_AE2426_ag_202411110300_004m_R1.sb,20241111,03:00:02,41.031,-70.8832,4.3,664.0,-0.000454,0.000536
NES-LTER_AE2426_ag_202411110300_004m_R1.sb,20241111,03:00:02,41.031,-70.8832,4.3,665.0,0.000236,0.000566
NES-LTER_AE2426_ag_202411110300_004m_R1.sb,20241111,03:00:02,41.031,-70.8832,4.3,666.0,0.000581,0.000581
NES-LTER_AE2426_ag_202411110300_004m_R1.sb,20241111,03:00:02,41.031,-70.8832,4.3,667.0,0.000558,0.00058
NES-LTER_AE2426_ag_202411110300_004m_R1.sb,20241111,03:00:02,41.031,-70.8832,4.3,668.0,0.000121,0.000561
NES-LTER_AE2426_ag_202411110300_004m_R1.sb,20241111,03:00:02,41.031,-70.8832,4.3,669.0,6e-06,0.000556
NES-LTER_AE2426_ag_202411110300_004m_R1.sb,20241111,03:00:02,41.031,-70.8832,4.3,670.0,0.000236,0.000566
NES-LTER_AE2426_ag_202411110300_004m_R1.sb,20241111,03:00:02,41.031,-70.8832,4.3,671.0,0.000121,0.000561
NES-LTER_AE2426_ag_202411110300_004m_R1.sb,20241111,03:00:02,41.031,-70.8832,4.3,672.0,-0.000155,0.000549
NES-LTER_AE2426_ag_202411110300_004m_R1.sb,20241111,03:00:02,41.031,-70.8832,4.3,673.0,-0.000546,0.000532
NES-LTER_AE2426_ag_202411110300_004m_R1.sb,20241111,03:00:02,41.031,-70.8832,4.3,674.0,-0.001052,0.00051
NES-LTER_AE2426_ag_202411110300_004m_R1.sb,20241111,03:00:02,41.031,-70.8832,4.3,675.0,-0.001374,0.000496
NES-LTER_AE2426_ag_202411110300_004m_R1.sb,20241111,03:00:02,41.031,-70.8832,4.3,676.0,-0.001328,0.000498
NES-LTER_AE2426_ag_202411110300_004m_R1.sb,20241111,03:00:02,41.031,-70.8832,4.3,677.0,-0.001328,0.000498
NES-LTER_AE2426_ag_202411110300_004m_R1.sb,20241111,03:00:02,41.031,-70.8832,4.3,678.0,-0.001397,0.000495
NES-LTER_AE2426_ag_202411110300_004m_R1.sb,20241111,03:00:02,41.031,-70.8832,4.3,679.0,-0.001811,0.000477
NES-LTER_AE2426_ag_202411110300_004m_R1.sb,20241111,03:00:02,41.031,-70.8832,4.3,680.0,-0.001857,0.000475
NES-LTER_AE2426_ag_202411110300_004m_R1.sb,20241111,03:00:02,41.031,-70.8832,4.3,681.0,-0.002018,0.000468
NES-LTER_AE2426_ag_202411110300_004m_R1.sb,20241111,03:00:02,41.031,-70.8832,4.3,682.0,-0.001972,0.00047
NES-LTER_AE2426_ag_202411110300_004m_R1.sb,20241111,03:00:02,41.031,-70.8832,4.3,683.0,-0.002202,0.00046
NES-LTER_AE2426_ag_202411110300_004m_R1.sb,20241111,03:00:02,41.031,-70.8832,4.3,684.0,-0.002363,0.000453
NES-LTER_AE2426_ag_202411110300_004m_R1.sb,20241111,03:00:02,41.031,-70.8832,4.3,685.0,-0.002616,0.000442
NES-LTER_AE2426_ag_202411110300_004m_R1.sb,20241111,03:00:02,41.031,-70.8832,4.3,686.0,-0.003168,0.000418
NES-LTER_AE2426_ag_202411110300_004m_R1.sb,20241111,03:00:02,41.031,-70.8832,4.3,687.0,-0.003191,0.000417
NES-LTER_AE2426_ag_202411110300_004m_R1.sb,20241111,03:00:02,41.031,-70.8832,4.3,688.0,-0.003513,0.000403
NES-LTER_AE2426_ag_202411110300_004m_R1.sb,20241111,03:00:02,41.031,-70.8832,4.3,689.0,-0.003444,0.000406
NES-LTER_AE2426_ag_202411110300_004m_R1.sb,20241111,03:00:02,41.031,-70.8832,4.3,690.0,-0.003973,0.000383
NES-LTER_AE2426_ag_202411110300_004m_R1.sb,20241111,03:00:02,41.031,-70.8832,4.3,691.0,-0.004433,0.000363
NES-LTER_AE2426_ag_202411110300_004m_R1.sb,20241111,03:00:02,41.031,-70.8832,4.3,692.0,-0.005192,0.00033
NES-LTER_AE2426_ag_202411110300_004m_R1.sb,20241111,03:00:02,41.031,-70.8832,4.3,693.0,-0.005882,0.0003
NES-LTER_AE2426_ag_202411110300_004m_R1.sb,20241111,03:00:02,41.031,-70.8832,4.3,694.0,-0.006503,0.000273
NES-LTER_AE2426_ag_202411110300_004m_R1.sb,20241111,03:00:02,41.031,-70.8832,4.3,695.0,-0.006779,0.000261
NES-LTER_AE2426_ag_202411110300_004m_R1.sb,20241111,03:00:02,41.031,-70.8832,4.3,696.0,-0.006963,0.000253
NES-LTER_AE2426_ag_202411110300_004m_R1.sb,20241111,03:00:02,41.031,-70.8832,4.3,697.0,-0.007538,0.000228
NES-LTER_AE2426_ag_202411110300_004m_R1.sb,20241111,03:00:02,41.031,-70.8832,4.3,698.0,-0.008136,0.000202
NES-LTER_AE2426_ag_202411110300_004m_R1.sb,20241111,03:00:02,41.031,-70.8832,4.3,699.0,-0.008734,0.000176
NES-LTER_AE2426_ag_202411110300_004m_R1.sb,20241111,03:00:02,41.031,-70.8832,4.3,700.0,-0.008688,0.000178
NES-LTER_AE2426_ag_202411110300_004m_R1.sb,20241111,03:00:02,41.031,-70.8832,4.3,701.0,-0.009217,0.000155
NES-LTER_AE2426_ag_202411110300_004m_R1.sb,20241111,03:00:02,41.031,-70.8832,4.3,702.0,-0.009654,0.000136
NES-LTER_AE2426_ag_202411110300_004m_R1.sb,20241111,03:00:02,41.031,-70.8832,4.3,703.0,-0.01039,0.000104
NES-LTER_AE2426_ag_202411110300_004m_R1.sb,20241111,03:00:02,41.031,-70.8832,4.3,704.0,-0.010827,8.5e-05
NES-LTER_AE2426_ag_202411110300_004m_R1.sb,20241111,03:00:02,41.031,-70.8832,4.3,705.0,-0.011218,6.8e-05
NES-LTER_AE2426_ag_202411110300_004m_R1.sb,20241111,03:00:02,41.031,-70.8832,4.3,706.0,-0.011885,3.9e-05
NES-LTER_AE2426_ag_202411110300_004m_R1.sb,20241111,03:00:02,41.031,-70.8832,4.3,707.0,-0.012506,1.2e-05
NES-LTER_AE2426_ag_202411110300_004m_R1.sb,20241111,03:00:02,41.031,-70.8832,4.3,708.0,-0.013196,-1.8e-05
NES-LTER_AE2426_ag_202411110300_004m_R1.sb,20241111,03:00:02,41.031,-70.8832,4.3,709.0,-0.014024,-5.4e-05
NES-LTER_AE2426_ag_202411110300_004m_R1.sb,20241111,03:00:02,41.031,-70.8832,4.3,710.0,-0.014553,-7.7e-05
NES-LTER_AE2426_ag_202411110300_004m_R1.sb,20241111,03:00:02,41.031,-70.8832,4.3,711.0,-0.015404,-0.000114
NES-LTER_AE2426_ag_202411110300_004m_R1.sb,20241111,03:00:02,41.031,-70.8832,4.3,712.0,-0.016347,-0.000155
NES-LTER_AE2426_ag_202411110300_004m_R1.sb,20241111,03:00:02,41.031,-70.8832,4.3,713.0,-0.017451,-0.000203
NES-LTER_AE2426_ag_202411110300_004m_R1.sb,20241111,03:00:02,41.031,-70.8832,4.3,714.0,-0.01844,-0.000246
NES-LTER_AE2426_ag_202411110300_004m_R1.sb,20241111,03:00:02,41.031,-70.8832,4.3,715.0,-0.019383,-0.000287
NES-LTER_AE2426_ag_202411110300_004m_R1.sb,20241111,03:00:02,41.031,-70.8832,4.3,716.0,-0.020349,-0.000329
NES-LTER_AE2426_ag_202411110300_004m_R1.sb,20241111,03:00:02,41.031,-70.8832,4.3,717.0,-0.02143,-0.000376
NES-LTER_AE2426_ag_202411110300_004m_R1.sb,20241111,03:00:02,41.031,-70.8832,4.3,718.0,-0.022764,-0.000434
NES-LTER_AE2426_ag_202411110300_004m_R1.sb,20241111,03:00:02,41.031,-70.8832,4.3,719.0,-0.023661,-0.000473
NES-LTER_AE2426_ag_202411110300_004m_R1.sb,20241111,03:00:02,41.031,-70.8832,4.3,720.0,-0.024535,-0.000511
NES-LTER_AE2426_ag_202411110300_004m_R1.sb,20241111,03:00:02,41.031,-70.8832,4.3,721.0,-0.024926,-0.000528
NES-LTER_AE2426_ag_202411110300_004m_R1.sb,20241111,03:00:02,41.031,-70.8832,4.3,722.0,-0.026306,-0.000588
NES-LTER_AE2426_ag_202411110300_004m_R1.sb,20241111,03:00:02,41.031,-70.8832,4.3,723.0,-0.027755,-0.000651
NES-LTER_AE2426_ag_202411110300_004m_R1.sb,20241111,03:00:02,41.031,-70.8832,4.3,724.0,-0.028951,-0.000703
NES-LTER_AE2426_ag_202411110300_004m_R1.sb,20241111,03:00:02,41.031,-70.8832,4.3,725.0,-0.030676,-0.000778
NES-LTER_AE2426_ag_202411110300_004m_R1.sb,20241111,03:00:02,41.031,-70.8832,4.3,726.0,-0.032194,-0.000844
NES-LTER_AE2426_ag_202411110300_004m_R1.sb,20241111,03:00:02,41.031,-70.8832,4.3,727.0,-0.034908,-0.000962
NES-LTER_AE2426_ag_202411110300_004m_R1.sb,20241111,03:00:02,41.031,-70.8832,4.3,728.0,-0.037668,-0.001082
NES-LTER_AE2426_ag_202411110300_004m_R1.sb,20241111,03:00:02,41.031,-70.8832,4.3,729.0,-0.041325,-0.001241
NES-LTER_AE2426_ag_202411110300_004m_R1.sb,20241111,03:00:02,41.031,-70.8832,4.3,730.0,-0.044614,-0.001384
NES-LTER_AE2426_ag_202411110300_004m_R1.sb,20241111,03:00:02,41.031,-70.8832,4.3,731.0,-0.047696,-0.001518
NES-LTER_AE2426_ag_202411110300_004m_R1.sb,20241111,03:00:02,41.031,-70.8832,4.3,732.0,-0.050663,-0.001647
NES-LTER_AE2426_ag_202411110300_004m_R1.sb,20241111,03:00:02,41.031,-70.8832,4.3,733.0,-0.052618,-0.001732
NES-LTER_AE2426_ag_202411110300_004m_R1.sb,20241111,03:00:02,41.031,-70.8832,4.3,734.0,-0.053584,-0.001774
NES-LTER_AE2426_ag_202411110300_004m_R1.sb,20241111,03:00:02,41.031,-70.8832,4.3,735.0,-0.053078,-0.001752
NES-LTER_AE2426_ag_202411110300_004m_R1.sb,20241111,03:00:02,41.031,-70.8832,4.3,736.0,-0.051675,-0.001691
NES-LTER_AE2426_ag_202411110300_004m_R1.sb,20241111,03:00:02,41.031,-70.8832,4.3,737.0,-0.049398,-0.001592
NES-LTER_AE2426_ag_202411110300_004m_R1.sb,20241111,03:00:02,41.031,-70.8832,4.3,738.0,-0.046385,-0.001461
NES-LTER_AE2426_ag_202411110300_004m_R1.sb,20241111,03:00:02,41.031,-70.8832,4.3,739.0,-0.043349,-0.001329
NES-LTER_AE2426_ag_202411110300_004m_R1.sb,20241111,03:00:02,41.031,-70.8832,4.3,740.0,-0.039485,-0.001161
NES-LTER_AE2426_ag_202411110300_004m_R1.sb,20241111,03:00:02,41.031,-70.8832,4.3,741.0,-0.035667,-0.000995
NES-LTER_AE2426_ag_202411110300_004m_R1.sb,20241111,03:00:02,41.031,-70.8832,4.3,742.0,-0.032033,-0.000837
NES-LTER_AE2426_ag_202411110300_004m_R1.sb,20241111,03:00:02,41.031,-70.8832,4.3,743.0,-0.028882,-0.0007
NES-LTER_AE2426_ag_202411110300_004m_R1.sb,20241111,03:00:02,41.031,-70.8832,4.3,744.0,-0.02603,-0.000576
NES-LTER_AE2426_ag_202411110300_004m_R1.sb,20241111,03:00:02,41.031,-70.8832,4.3,745.0,-0.022925,-0.000441
NES-LTER_AE2426_ag_202411110300_004m_R1.sb,20241111,03:00:02,41.031,-70.8832,4.3,746.0,-0.020418,-0.000332
NES-LTER_AE2426_ag_202411110300_004m_R1.sb,20241111,03:00:02,41.031,-70.8832,4.3,747.0,-0.017911,-0.000223
NES-LTER_AE2426_ag_202411110300_004m_R1.sb,20241111,03:00:02,41.031,-70.8832,4.3,748.0,-0.015473,-0.000117
NES-LTER_AE2426_ag_202411110300_004m_R1.sb,20241111,03:00:02,41.031,-70.8832,4.3,749.0,-0.013633,-3.7e-05
NES-LTER_AE2426_ag_202411110300_004m_R1.sb,20241111,03:00:02,41.031,-70.8832,4.3,750.0,-0.011816,4.2e-05
NES-LTER_AE2426_ag_202411110300_004m_R1.sb,20241111,03:00:02,41.031,-70.8832,4.3,751.0,-0.01062,9.4e-05
NES-LTER_AE2426_ag_202411110300_004m_R1.sb,20241111,03:00:02,41.031,-70.8832,4.3,752.0,-0.009424,0.000146
NES-LTER_AE2426_ag_202411110300_004m_R1.sb,20241111,03:00:02,41.031,-70.8832,4.3,753.0,-0.008136,0.000202
NES-LTER_AE2426_ag_202411110300_004m_R1.sb,20241111,03:00:02,41.031,-70.8832,4.3,754.0,-0.006779,0.000261
NES-LTER_AE2426_ag_202411110300_004m_R1.sb,20241111,03:00:02,41.031,-70.8832,4.3,755.0,-0.00487,0.000344
NES-LTER_AE2426_ag_202411110300_004m_R1.sb,20241111,03:00:02,41.031,-70.8832,4.3,756.0,-0.004111,0.000377
NES-LTER_AE2426_ag_202411110300_004m_R1.sb,20241111,03:00:02,41.031,-70.8832,4.3,757.0,-0.003122,0.00042
NES-LTER_AE2426_ag_202411110300_004m_R1.sb,20241111,03:00:02,41.031,-70.8832,4.3,758.0,-0.002846,0.000432
NES-LTER_AE2426_ag_202411110300_004m_R1.sb,20241111,03:00:02,41.031,-70.8832,4.3,759.0,-0.001972,0.00047
NES-LTER_AE2426_ag_202411110300_004m_R1.sb,20241111,03:00:02,41.031,-70.8832,4.3,760.0,-0.001581,0.000487
NES-LTER_AE2426_ag_202411110300_004m_R1.sb,20241111,03:00:02,41.031,-70.8832,4.3,761.0,-0.000638,0.000528
NES-LTER_AE2426_ag_202411110300_004m_R1.sb,20241111,03:00:02,41.031,-70.8832,4.3,762.0,0.000236,0.000566
NES-LTER_AE2426_ag_202411110300_004m_R1.sb,20241111,03:00:02,41.031,-70.8832,4.3,763.0,0.000995,0.000599
NES-LTER_AE2426_ag_202411110300_004m_R1.sb,20241111,03:00:02,41.031,-70.8832,4.3,764.0,0.001501,0.000621
NES-LTER_AE2426_ag_202411110300_004m_R1.sb,20241111,03:00:02,41.031,-70.8832,4.3,765.0,0.002145,0.000649
NES-LTER_AE2426_ag_202411110300_004m_R1.sb,20241111,03:00:02,41.031,-70.8832,4.3,766.0,0.002674,0.000672
NES-LTER_AE2426_ag_202411110300_004m_R1.sb,20241111,03:00:02,41.031,-70.8832,4.3,767.0,0.003364,0.000702
NES-LTER_AE2426_ag_202411110300_004m_R1.sb,20241111,03:00:02,41.031,-70.8832,4.3,768.0,0.003801,0.000721
NES-LTER_AE2426_ag_202411110300_004m_R1.sb,20241111,03:00:02,41.031,-70.8832,4.3,769.0,0.004422,0.000748
NES-LTER_AE2426_ag_202411110300_004m_R1.sb,20241111,03:00:02,41.031,-70.8832,4.3,770.0,0.00456,0.000754
NES-LTER_AE2426_ag_202411110300_004m_R1.sb,20241111,03:00:02,41.031,-70.8832,4.3,771.0,0.004652,0.000758
NES-LTER_AE2426_ag_202411110300_004m_R1.sb,20241111,03:00:02,41.031,-70.8832,4.3,772.0,0.005066,0.000776
NES-LTER_AE2426_ag_202411110300_004m_R1.sb,20241111,03:00:02,41.031,-70.8832,4.3,773.0,0.005526,0.000796
NES-LTER_AE2426_ag_202411110300_004m_R1.sb,20241111,03:00:02,41.031,-70.8832,4.3,774.0,0.006124,0.000822
NES-LTER_AE2426_ag_202411110300_004m_R1.sb,20241111,03:00:02,41.031,-70.8832,4.3,775.0,0.006354,0.000832
NES-LTER_AE2426_ag_202411110300_004m_R1.sb,20241111,03:00:02,41.031,-70.8832,4.3,776.0,0.006561,0.000841
NES-LTER_AE2426_ag_202411110300_004m_R1.sb,20241111,03:00:02,41.031,-70.8832,4.3,777.0,0.006538,0.00084
NES-LTER_AE2426_ag_202411110300_004m_R1.sb,20241111,03:00:02,41.031,-70.8832,4.3,778.0,0.006607,0.000843
NES-LTER_AE2426_ag_202411110300_004m_R1.sb,20241111,03:00:02,41.031,-70.8832,4.3,779.0,0.006446,0.000836
NES-LTER_AE2426_ag_202411110300_004m_R1.sb,20241111,03:00:02,41.031,-70.8832,4.3,780.0,0.006262,0.000828
NES-LTER_AE2426_ag_202411110300_004m_R1.sb,20241111,03:00:02,41.031,-70.8832,4.3,781.0,0.006101,0.000821
NES-LTER_AE2426_ag_202411110300_004m_R1.sb,20241111,03:00:02,41.031,-70.8832,4.3,782.0,0.005963,0.000815
NES-LTER_AE2426_ag_202411110300_004m_R1.sb,20241111,03:00:02,41.031,-70.8832,4.3,783.0,0.005825,0.000809
NES-LTER_AE2426_ag_202411110300_004m_R1.sb,20241111,03:00:02,41.031,-70.8832,4.3,784.0,0.005549,0.000797
NES-LTER_AE2426_ag_202411110300_004m_R1.sb,20241111,03:00:02,41.031,-70.8832,4.3,785.0,0.005457,0.000793
NES-LTER_AE2426_ag_202411110300_004m_R1.sb,20241111,03:00:02,41.031,-70.8832,4.3,786.0,0.005089,0.000777
NES-LTER_AE2426_ag_202411110300_004m_R1.sb,20241111,03:00:02,41.031,-70.8832,4.3,787.0,0.004905,0.000769
NES-LTER_AE2426_ag_202411110300_004m_R1.sb,20241111,03:00:02,41.031,-70.8832,4.3,788.0,0.004284,0.000742
NES-LTER_AE2426_ag_202411110300_004m_R1.sb,20241111,03:00:02,41.031,-70.8832,4.3,789.0,0.004284,0.000742
NES-LTER_AE2426_ag_202411110300_004m_R1.sb,20241111,03:00:02,41.031,-70.8832,4.3,790.0,0.003663,0.000715
NES-LTER_AE2426_ag_202411110300_004m_R1.sb,20241111,03:00:02,41.031,-70.8832,4.3,791.0,0.003502,0.000708
NES-LTER_AE2426_ag_202411110300_004m_R1.sb,20241111,03:00:02,41.031,-70.8832,4.3,792.0,0.00295,0.000684
NES-LTER_AE2426_ag_202411110300_004m_R1.sb,20241111,03:00:02,41.031,-70.8832,4.3,793.0,0.002421,0.000661
NES-LTER_AE2426_ag_202411110300_004m_R1.sb,20241111,03:00:02,41.031,-70.8832,4.3,794.0,0.001662,0.000628
NES-LTER_AE2426_ag_202411110300_004m_R1.sb,20241111,03:00:02,41.031,-70.8832,4.3,795.0,0.000995,0.000599
NES-LTER_AE2426_ag_202411110300_004m_R1.sb,20241111,03:00:02,41.031,-70.8832,4.3,796.0,0.000121,0.000561
NES-LTER_AE2426_ag_202411110300_004m_R1.sb,20241111,03:00:02,41.031,-70.8832,4.3,797.0,-0.000983,0.000513
NES-LTER_AE2426_ag_202411110300_004m_R1.sb,20241111,03:00:02,41.031,-70.8832,4.3,798.0,-0.00234,0.000454
NES-LTER_AE2426_ag_202411110300_004m_R1.sb,20241111,03:00:02,41.031,-70.8832,4.3,799.0,-0.003375,0.000409
NES-LTER_AE2426_ag_202411110300_004m_R1.sb,20241111,03:00:02,41.031,-70.8832,4.3,800.0,-0.00441,0.000364
NES-LTER_AE2426_ag_202411110300_004m_R1.sb,20241111,03:00:02,41.031,-70.8832,4.3,801.0,-0.005284,0.000326
NES-LTER_AE2426_ag_202411110300_004m_R1.sb,20241111,03:00:02,41.031,-70.8832,4.3,802.0,-0.006457,0.000275
NES-LTER_AE2426_ag_202411110300_004m_R1.sb,20241111,03:00:02,41.031,-70.8832,4.3,803.0,-0.007354,0.000236
NES-LTER_AE2426_ag_202411110300_004m_R1.sb,20241111,03:00:02,41.031,-70.8832,4.3,804.0,-0.008366,0.000192
NES-LTER_AE2426_ag_202411110300_004m_R1.sb,20241111,03:00:02,41.031,-70.8832,4.3,805.0,-0.0097,0.000134
NES-LTER_AE2426_ag_202411110300_004m_R1.sb,20241111,03:00:02,41.031,-70.8832,4.3,806.0,-0.010965,7.9e-05
NES-LTER_AE2426_ag_202411110300_004m_R1.sb,20241111,03:00:02,41.031,-70.8832,4.3,807.0,-0.01246,1.4e-05
NES-LTER_AE2426_ag_202411110300_004m_R1.sb,20241111,03:00:02,41.031,-70.8832,4.3,808.0,-0.013794,-4.4e-05
NES-LTER_AE2426_ag_202411110300_004m_R1.sb,20241111,03:00:02,41.031,-70.8832,4.3,809.0,-0.015542,-0.00012
NES-LTER_AE2426_ag_202411110300_004m_R1.sb,20241111,03:00:02,41.031,-70.8832,4.3,810.0,-0.017428,-0.000202
NES-LTER_AE2426_ag_202411110300_004m_R1.sb,20241111,03:00:02,41.031,-70.8832,4.3,811.0,-0.019176,-0.000278
NES-LTER_AE2426_ag_202411110300_004m_R1.sb,20241111,03:00:02,41.031,-70.8832,4.3,812.0,-0.020832,-0.00035
NES-LTER_AE2426_ag_202411110300_004m_R1.sb,20241111,03:00:02,41.031,-70.8832,4.3,813.0,-0.021844,-0.000394
NES-LTER_AE2426_ag_202411110300_004m_R1.sb,20241111,03:00:02,41.031,-70.8832,4.3,814.0,-0.022603,-0.000427
NES-LTER_AE2426_ag_202411110300_004m_R1.sb,20241111,03:00:02,41.031,-70.8832,4.3,815.0,-0.023914,-0.000484
NES-LTER_AE2426_ag_202411110300_004m_R1.sb,20241111,03:00:02,41.031,-70.8832,4.3,816.0,-0.025041,-0.000533
NES-LTER_AE2426_ag_202411110300_004m_R1.sb,20241111,03:00:02,41.031,-70.8832,4.3,817.0,-0.026697,-0.000605
NES-LTER_AE2426_ag_202411110300_004m_R1.sb,20241111,03:00:02,41.031,-70.8832,4.3,818.0,-0.028123,-0.000667
NES-LTER_AE2426_ag_202411110300_004m_R1.sb,20241111,03:00:02,41.031,-70.8832,4.3,819.0,-0.030032,-0.00075
NES-LTER_AE2426_ag_202411110300_004m_R1.sb,20241111,03:00:02,41.031,-70.8832,4.3,820.0,-0.031757,-0.000825
NES-LTER_AE2426_ag_202411110300_004m_R1.sb,20241111,03:00:02,41.031,-70.8832,4.3,821.0,-0.033482,-0.0009
NES-LTER_AE2426_ag_202411110300_004m_R1.sb,20241111,03:00:02,41.031,-70.8832,4.3,822.0,-0.035874,-0.001004
NES-LTER_AE2426_ag_202411110300_004m_R1.sb,20241111,03:00:02,41.031,-70.8832,4.3,823.0,-0.039301,-0.001153
NES-LTER_AE2426_ag_202411110300_004m_R1.sb,20241111,03:00:02,41.031,-70.8832,4.3,824.0,-0.042866,-0.001308
NES-LTER_AE2426_ag_202411110300_004m_R1.sb,20241111,03:00:02,41.031,-70.8832,4.3,825.0,-0.047259,-0.001499
NES-LTER_AE2426_ag_202411110300_004m_R1.sb,20241111,03:00:02,41.031,-70.8832,4.3,826.0,-0.051882,-0.0017
NES-LTER_AE2426_ag_202411110300_004m_R1.sb,20241111,03:00:02,41.031,-70.8832,4.3,827.0,-0.057448,-0.001942
NES-LTER_AE2426_ag_202411110300_004m_R1.sb,20241111,03:00:02,41.031,-70.8832,4.3,828.0,-0.063129,-0.002189
NES-LTER_AE2426_ag_202411110300_004m_R1.sb,20241111,03:00:02,41.031,-70.8832,4.3,829.0,-0.068212,-0.00241
NES-LTER_AE2426_ag_202411110300_004m_R1.sb,20241111,03:00:02,41.031,-70.8832,4.3,830.0,-0.072191,-0.002583
NES-LTER_AE2426_ag_202411110300_004m_R1.sb,20241111,03:00:02,41.031,-70.8832,4.3,831.0,-0.074376,-0.002678
NES-LTER_AE2426_ag_202411110300_004m_R1.sb,20241111,03:00:02,41.031,-70.8832,4.3,832.0,-0.075503,-0.002727
NES-LTER_AE2426_ag_202411110300_004m_R1.sb,20241111,03:00:02,41.031,-70.8832,4.3,833.0,-0.075089,-0.002709
NES-LTER_AE2426_ag_202411110300_004m_R1.sb,20241111,03:00:02,41.031,-70.8832,4.3,834.0,-0.073019,-0.002619
NES-LTER_AE2426_ag_202411110300_004m_R1.sb,20241111,03:00:02,41.031,-70.8832,4.3,835.0,-0.070098,-0.002492
NES-LTER_AE2426_ag_202411110300_004m_R1.sb,20241111,03:00:02,41.031,-70.8832,4.3,836.0,-0.066901,-0.002353
NES-LTER_AE2426_ag_202411110300_004m_R1.sb,20241111,03:00:02,41.031,-70.8832,4.3,837.0,-0.063106,-0.002188
NES-LTER_AE2426_ag_202411110300_004m_R1.sb,20241111,03:00:02,41.031,-70.8832,4.3,838.0,-0.058736,-0.001998
NES-LTER_AE2426_ag_202411110300_004m_R1.sb,20241111,03:00:02,41.031,-70.8832,4.3,839.0,-0.054205,-0.001801
NES-LTER_AE2426_ag_202411110300_004m_R1.sb,20241111,03:00:02,41.031,-70.8832,4.3,840.0,-0.051491,-0.001683
NES-LTER_AE2426_ag_202411110300_004m_R1.sb,20241111,03:00:02,41.031,-70.8832,4.3,841.0,-0.048754,-0.001564
NES-LTER_AE2426_ag_202411110300_004m_R1.sb,20241111,03:00:02,41.031,-70.8832,4.3,842.0,-0.046431,-0.001463
NES-LTER_AE2426_ag_202411110300_004m_R1.sb,20241111,03:00:02,41.031,-70.8832,4.3,843.0,-0.043625,-0.001341
NES-LTER_AE2426_ag_202411110300_004m_R1.sb,20241111,03:00:02,41.031,-70.8832,4.3,844.0,-0.041509,-0.001249
NES-LTER_AE2426_ag_202411110300_004m_R1.sb,20241111,03:00:02,41.031,-70.8832,4.3,845.0,-0.039968,-0.001182
NES-LTER_AE2426_ag_202411110300_004m_R1.sb,20241111,03:00:02,41.031,-70.8832,4.3,846.0,-0.039807,-0.001175
NES-LTER_AE2426_ag_202411110300_004m_R1.sb,20241111,03:00:02,41.031,-70.8832,4.3,847.0,-0.037737,-0.001085
NES-LTER_AE2426_ag_202411110300_004m_R1.sb,20241111,03:00:02,41.031,-70.8832,4.3,848.0,-0.035161,-0.000973
NES-LTER_AE2426_ag_202411110300_004m_R1.sb,20241111,03:00:02,41.031,-70.8832,4.3,849.0,-0.032171,-0.000843
NES-LTER_AE2426_ag_202411110300_004m_R1.sb,20241111,03:00:02,41.031,-70.8832,4.3,850.0,-0.031435,-0.000811
NES-LTER_AE2426_ag_202411110643_003m_R1.sb,20241111,06:43:59,41.323,-70.5496,3.3,300.0,1.354744,0.059445
NES-LTER_AE2426_ag_202411110643_003m_R1.sb,20241111,06:43:59,41.323,-70.5496,3.3,301.0,1.322797,0.058056
NES-LTER_AE2426_ag_202411110643_003m_R1.sb,20241111,06:43:59,41.323,-70.5496,3.3,302.0,1.292092,0.056721
NES-LTER_AE2426_ag_202411110643_003m_R1.sb,20241111,06:43:59,41.323,-70.5496,3.3,303.0,1.262675,0.055442
NES-LTER_AE2426_ag_202411110643_003m_R1.sb,20241111,06:43:59,41.323,-70.5496,3.3,304.0,1.23404,0.054197
NES-LTER_AE2426_ag_202411110643_003m_R1.sb,20241111,06:43:59,41.323,-70.5496,3.3,305.0,1.20667,0.053007
NES-LTER_AE2426_ag_202411110643_003m_R1.sb,20241111,06:43:59,41.323,-70.5496,3.3,306.0,1.17976,0.051837
NES-LTER_AE2426_ag_202411110643_003m_R1.sb,20241111,06:43:59,41.323,-70.5496,3.3,307.0,1.154483,0.050738
NES-LTER_AE2426_ag_202411110643_003m_R1.sb,20241111,06:43:59,41.323,-70.5496,3.3,308.0,1.130172,0.049681
NES-LTER_AE2426_ag_202411110643_003m_R1.sb,20241111,06:43:59,41.323,-70.5496,3.3,309.0,1.107609,0.0487
NES-LTER_AE2426_ag_202411110643_003m_R1.sb,20241111,06:43:59,41.323,-70.5496,3.3,310.0,1.085759,0.04775
NES-LTER_AE2426_ag_202411110643_003m_R1.sb,20241111,06:43:59,41.323,-70.5496,3.3,311.0,1.064001,0.046804
NES-LTER_AE2426_ag_202411110643_003m_R1.sb,20241111,06:43:59,41.323,-70.5496,3.3,312.0,1.042059,0.04585
NES-LTER_AE2426_ag_202411110643_003m_R1.sb,20241111,06:43:59,41.323,-70.5496,3.3,313.0,1.0206,0.044917
NES-LTER_AE2426_ag_202411110643_003m_R1.sb,20241111,06:43:59,41.323,-70.5496,3.3,314.0,1.000199,0.04403
NES-LTER_AE2426_ag_202411110643_003m_R1.sb,20241111,06:43:59,41.323,-70.5496,3.3,315.0,0.980856,0.043189
NES-LTER_AE2426_ag_202411110643_003m_R1.sb,20241111,06:43:59,41.323,-70.5496,3.3,316.0,0.960961,0.042324
NES-LTER_AE2426_ag_202411110643_003m_R1.sb,20241111,06:43:59,41.323,-70.5496,3.3,317.0,0.941802,0.041491
NES-LTER_AE2426_ag_202411110643_003m_R1.sb,20241111,06:43:59,41.323,-70.5496,3.3,318.0,0.922735,0.040662
NES-LTER_AE2426_ag_202411110643_003m_R1.sb,20241111,06:43:59,41.323,-70.5496,3.3,319.0,0.90445,0.039867
NES-LTER_AE2426_ag_202411110643_003m_R1.sb,20241111,06:43:59,41.323,-70.5496,3.3,320.0,0.887039,0.03911
NES-LTER_AE2426_ag_202411110643_003m_R1.sb,20241111,06:43:59,41.323,-70.5496,3.3,321.0,0.869766,0.038359
NES-LTER_AE2426_ag_202411110643_003m_R1.sb,20241111,06:43:59,41.323,-70.5496,3.3,322.0,0.85339,0.037647
NES-LTER_AE2426_ag_202411110643_003m_R1.sb,20241111,06:43:59,41.323,-70.5496,3.3,323.0,0.836623,0.036918
NES-LTER_AE2426_ag_202411110643_003m_R1.sb,20241111,06:43:59,41.323,-70.5496,3.3,324.0,0.82073,0.036227
NES-LTER_AE2426_ag_202411110643_003m_R1.sb,20241111,06:43:59,41.323,-70.5496,3.3,325.0,0.805182,0.035551
NES-LTER_AE2426_ag_202411110643_003m_R1.sb,20241111,06:43:59,41.323,-70.5496,3.3,326.0,0.789887,0.034886
NES-LTER_AE2426_ag_202411110643_003m_R1.sb,20241111,06:43:59,41.323,-70.5496,3.3,327.0,0.774546,0.034219
NES-LTER_AE2426_ag_202411110643_003m_R1.sb,20241111,06:43:59,41.323,-70.5496,3.3,328.0,0.759711,0.033574
NES-LTER_AE2426_ag_202411110643_003m_R1.sb,20241111,06:43:59,41.323,-70.5496,3.3,329.0,0.74529,0.032947
NES-LTER_AE2426_ag_202411110643_003m_R1.sb,20241111,06:43:59,41.323,-70.5496,3.3,330.0,0.731559,0.03235
NES-LTER_AE2426_ag_202411110643_003m_R1.sb,20241111,06:43:59,41.323,-70.5496,3.3,331.0,0.717437,0.031736
NES-LTER_AE2426_ag_202411110643_003m_R1.sb,20241111,06:43:59,41.323,-70.5496,3.3,332.0,0.703637,0.031136
NES-LTER_AE2426_ag_202411110643_003m_R1.sb,20241111,06:43:59,41.323,-70.5496,3.3,333.0,0.689929,0.03054
NES-LTER_AE2426_ag_202411110643_003m_R1.sb,20241111,06:43:59,41.323,-70.5496,3.3,334.0,0.676957,0.029976
NES-LTER_AE2426_ag_202411110643_003m_R1.sb,20241111,06:43:59,41.323,-70.5496,3.3,335.0,0.664583,0.029438
NES-LTER_AE2426_ag_202411110643_003m_R1.sb,20241111,06:43:59,41.323,-70.5496,3.3,336.0,0.652715,0.028922
NES-LTER_AE2426_ag_202411110643_003m_R1.sb,20241111,06:43:59,41.323,-70.5496,3.3,337.0,0.640709,0.0284
NES-LTER_AE2426_ag_202411110643_003m_R1.sb,20241111,06:43:59,41.323,-70.5496,3.3,338.0,0.629416,0.027909
NES-LTER_AE2426_ag_202411110643_003m_R1.sb,20241111,06:43:59,41.323,-70.5496,3.3,339.0,0.617548,0.027393
NES-LTER_AE2426_ag_202411110643_003m_R1.sb,20241111,06:43:59,41.323,-70.5496,3.3,340.0,0.606347,0.026906
NES-LTER_AE2426_ag_202411110643_003m_R1.sb,20241111,06:43:59,41.323,-70.5496,3.3,341.0,0.59464,0.026397
NES-LTER_AE2426_ag_202411110643_003m_R1.sb,20241111,06:43:59,41.323,-70.5496,3.3,342.0,0.583945,0.025932
NES-LTER_AE2426_ag_202411110643_003m_R1.sb,20241111,06:43:59,41.323,-70.5496,3.3,343.0,0.573503,0.025478
NES-LTER_AE2426_ag_202411110643_003m_R1.sb,20241111,06:43:59,41.323,-70.5496,3.3,344.0,0.562877,0.025016
NES-LTER_AE2426_ag_202411110643_003m_R1.sb,20241111,06:43:59,41.323,-70.5496,3.3,345.0,0.552734,0.024575
NES-LTER_AE2426_ag_202411110643_003m_R1.sb,20241111,06:43:59,41.323,-70.5496,3.3,346.0,0.542637,0.024136
NES-LTER_AE2426_ag_202411110643_003m_R1.sb,20241111,06:43:59,41.323,-70.5496,3.3,347.0,0.533322,0.023731
NES-LTER_AE2426_ag_202411110643_003m_R1.sb,20241111,06:43:59,41.323,-70.5496,3.3,348.0,0.523777,0.023316
NES-LTER_AE2426_ag_202411110643_003m_R1.sb,20241111,06:43:59,41.323,-70.5496,3.3,349.0,0.514094,0.022895
NES-LTER_AE2426_ag_202411110643_003m_R1.sb,20241111,06:43:59,41.323,-70.5496,3.3,350.0,0.505285,0.022512
NES-LTER_AE2426_ag_202411110643_003m_R1.sb,20241111,06:43:59,41.323,-70.5496,3.3,351.0,0.496683,0.022138
NES-LTER_AE2426_ag_202411110643_003m_R1.sb,20241111,06:43:59,41.323,-70.5496,3.3,352.0,0.488472,0.021781
NES-LTER_AE2426_ag_202411110643_003m_R1.sb,20241111,06:43:59,41.323,-70.5496,3.3,353.0,0.479341,0.021384
NES-LTER_AE2426_ag_202411110643_003m_R1.sb,20241111,06:43:59,41.323,-70.5496,3.3,354.0,0.470923,0.021018
NES-LTER_AE2426_ag_202411110643_003m_R1.sb,20241111,06:43:59,41.323,-70.5496,3.3,355.0,0.463172,0.020681
NES-LTER_AE2426_ag_202411110643_003m_R1.sb,20241111,06:43:59,41.323,-70.5496,3.3,356.0,0.455122,0.020331
NES-LTER_AE2426_ag_202411110643_003m_R1.sb,20241111,06:43:59,41.323,-70.5496,3.3,357.0,0.446911,0.019974
NES-LTER_AE2426_ag_202411110643_003m_R1.sb,20241111,06:43:59,41.323,-70.5496,3.3,358.0,0.438999,0.01963
NES-LTER_AE2426_ag_202411110643_003m_R1.sb,20241111,06:43:59,41.323,-70.5496,3.3,359.0,0.431731,0.019314
NES-LTER_AE2426_ag_202411110643_003m_R1.sb,20241111,06:43:59,41.323,-70.5496,3.3,360.0,0.424256,0.018989
NES-LTER_AE2426_ag_202411110643_003m_R1.sb,20241111,06:43:59,41.323,-70.5496,3.3,361.0,0.416367,0.018646
NES-LTER_AE2426_ag_202411110643_003m_R1.sb,20241111,06:43:59,41.323,-70.5496,3.3,362.0,0.409421,0.018344
NES-LTER_AE2426_ag_202411110643_003m_R1.sb,20241111,06:43:59,41.323,-70.5496,3.3,363.0,0.402544,0.018045
NES-LTER_AE2426_ag_202411110643_003m_R1.sb,20241111,06:43:59,41.323,-70.5496,3.3,364.0,0.396242,0.017771
NES-LTER_AE2426_ag_202411110643_003m_R1.sb,20241111,06:43:59,41.323,-70.5496,3.3,365.0,0.389848,0.017493
NES-LTER_AE2426_ag_202411110643_003m_R1.sb,20241111,06:43:59,41.323,-70.5496,3.3,366.0,0.383845,0.017232
NES-LTER_AE2426_ag_202411110643_003m_R1.sb,20241111,06:43:59,41.323,-70.5496,3.3,367.0,0.377819,0.01697
NES-LTER_AE2426_ag_202411110643_003m_R1.sb,20241111,06:43:59,41.323,-70.5496,3.3,368.0,0.371287,0.016686
NES-LTER_AE2426_ag_202411110643_003m_R1.sb,20241111,06:43:59,41.323,-70.5496,3.3,369.0,0.36487,0.016407
NES-LTER_AE2426_ag_202411110643_003m_R1.sb,20241111,06:43:59,41.323,-70.5496,3.3,370.0,0.358752,0.016141
NES-LTER_AE2426_ag_202411110643_003m_R1.sb,20241111,06:43:59,41.323,-70.5496,3.3,371.0,0.3536,0.015917
NES-LTER_AE2426_ag_202411110643_003m_R1.sb,20241111,06:43:59,41.323,-70.5496,3.3,372.0,0.346907,0.015626
NES-LTER_AE2426_ag_202411110643_003m_R1.sb,20241111,06:43:59,41.323,-70.5496,3.3,373.0,0.340559,0.01535
NES-LTER_AE2426_ag_202411110643_003m_R1.sb,20241111,06:43:59,41.323,-70.5496,3.3,374.0,0.333567,0.015046
NES-LTER_AE2426_ag_202411110643_003m_R1.sb,20241111,06:43:59,41.323,-70.5496,3.3,375.0,0.32853,0.014827
NES-LTER_AE2426_ag_202411110643_003m_R1.sb,20241111,06:43:59,41.323,-70.5496,3.3,376.0,0.322849,0.01458
NES-LTER_AE2426_ag_202411110643_003m_R1.sb,20241111,06:43:59,41.323,-70.5496,3.3,377.0,0.317513,0.014348
NES-LTER_AE2426_ag_202411110643_003m_R1.sb,20241111,06:43:59,41.323,-70.5496,3.3,378.0,0.312223,0.014118
NES-LTER_AE2426_ag_202411110643_003m_R1.sb,20241111,06:43:59,41.323,-70.5496,3.3,379.0,0.307255,0.013902
NES-LTER_AE2426_ag_202411110643_003m_R1.sb,20241111,06:43:59,41.323,-70.5496,3.3,380.0,0.302793,0.013708
NES-LTER_AE2426_ag_202411110643_003m_R1.sb,20241111,06:43:59,41.323,-70.5496,3.3,381.0,0.298078,0.013503
NES-LTER_AE2426_ag_202411110643_003m_R1.sb,20241111,06:43:59,41.323,-70.5496,3.3,382.0,0.293133,0.013288
NES-LTER_AE2426_ag_202411110643_003m_R1.sb,20241111,06:43:59,41.323,-70.5496,3.3,383.0,0.287797,0.013056
NES-LTER_AE2426_ag_202411110643_003m_R1.sb,20241111,06:43:59,41.323,-70.5496,3.3,384.0,0.282898,0.012843
NES-LTER_AE2426_ag_202411110643_003m_R1.sb,20241111,06:43:59,41.323,-70.5496,3.3,385.0,0.278298,0.012643
NES-LTER_AE2426_ag_202411110643_003m_R1.sb,20241111,06:43:59,41.323,-70.5496,3.3,386.0,0.274066,0.012459
NES-LTER_AE2426_ag_202411110643_003m_R1.sb,20241111,06:43:59,41.323,-70.5496,3.3,387.0,0.269834,0.012275
NES-LTER_AE2426_ag_202411110643_003m_R1.sb,20241111,06:43:59,41.323,-70.5496,3.3,388.0,0.26574,0.012097
NES-LTER_AE2426_ag_202411110643_003m_R1.sb,20241111,06:43:59,41.323,-70.5496,3.3,389.0,0.261899,0.01193
NES-LTER_AE2426_ag_202411110643_003m_R1.sb,20241111,06:43:59,41.323,-70.5496,3.3,390.0,0.25769,0.011747
NES-LTER_AE2426_ag_202411110643_003m_R1.sb,20241111,06:43:59,41.323,-70.5496,3.3,391.0,0.253895,0.011582
NES-LTER_AE2426_ag_202411110643_003m_R1.sb,20241111,06:43:59,41.323,-70.5496,3.3,392.0,0.249663,0.011398
NES-LTER_AE2426_ag_202411110643_003m_R1.sb,20241111,06:43:59,41.323,-70.5496,3.3,393.0,0.246305,0.011252
NES-LTER_AE2426_ag_202411110643_003m_R1.sb,20241111,06:43:59,41.323,-70.5496,3.3,394.0,0.242372,0.011081
NES-LTER_AE2426_ag_202411110643_003m_R1.sb,20241111,06:43:59,41.323,-70.5496,3.3,395.0,0.238807,0.010926
NES-LTER_AE2426_ag_202411110643_003m_R1.sb,20241111,06:43:59,41.323,-70.5496,3.3,396.0,0.235012,0.010761
NES-LTER_AE2426_ag_202411110643_003m_R1.sb,20241111,06:43:59,41.323,-70.5496,3.3,397.0,0.231769,0.01062
NES-LTER_AE2426_ag_202411110643_003m_R1.sb,20241111,06:43:59,41.323,-70.5496,3.3,398.0,0.228457,0.010476
NES-LTER_AE2426_ag_202411110643_003m_R1.sb,20241111,06:43:59,41.323,-70.5496,3.3,399.0,0.224961,0.010324
NES-LTER_AE2426_ag_202411110643_003m_R1.sb,20241111,06:43:59,41.323,-70.5496,3.3,400.0,0.221511,0.010174
NES-LTER_AE2426_ag_202411110643_003m_R1.sb,20241111,06:43:59,41.323,-70.5496,3.3,401.0,0.218406,0.010039
NES-LTER_AE2426_ag_202411110643_003m_R1.sb,20241111,06:43:59,41.323,-70.5496,3.3,402.0,0.21537,0.009907
NES-LTER_AE2426_ag_202411110643_003m_R1.sb,20241111,06:43:59,41.323,-70.5496,3.3,403.0,0.212472,0.009781
NES-LTER_AE2426_ag_202411110643_003m_R1.sb,20241111,06:43:59,41.323,-70.5496,3.3,404.0,0.209367,0.009646
NES-LTER_AE2426_ag_202411110643_003m_R1.sb,20241111,06:43:59,41.323,-70.5496,3.3,405.0,0.206446,0.009519
NES-LTER_AE2426_ag_202411110643_003m_R1.sb,20241111,06:43:59,41.323,-70.5496,3.3,406.0,0.203617,0.009396
NES-LTER_AE2426_ag_202411110643_003m_R1.sb,20241111,06:43:59,41.323,-70.5496,3.3,407.0,0.200903,0.009278
NES-LTER_AE2426_ag_202411110643_003m_R1.sb,20241111,06:43:59,41.323,-70.5496,3.3,408.0,0.197729,0.00914
NES-LTER_AE2426_ag_202411110643_003m_R1.sb,20241111,06:43:59,41.323,-70.5496,3.3,409.0,0.19444,0.008997
NES-LTER_AE2426_ag_202411110643_003m_R1.sb,20241111,06:43:59,41.323,-70.5496,3.3,410.0,0.191611,0.008874
NES-LTER_AE2426_ag_202411110643_003m_R1.sb,20241111,06:43:59,41.323,-70.5496,3.3,411.0,0.18869,0.008747
NES-LTER_AE2426_ag_202411110643_003m_R1.sb,20241111,06:43:59,41.323,-70.5496,3.3,412.0,0.186022,0.008631
NES-LTER_AE2426_ag_202411110643_003m_R1.sb,20241111,06:43:59,41.323,-70.5496,3.3,413.0,0.182572,0.008481
NES-LTER_AE2426_ag_202411110643_003m_R1.sb,20241111,06:43:59,41.323,-70.5496,3.3,414.0,0.17995,0.008367
NES-LTER_AE2426_ag_202411110643_003m_R1.sb,20241111,06:43:59,41.323,-70.5496,3.3,415.0,0.176891,0.008234
NES-LTER_AE2426_ag_202411110643_003m_R1.sb,20241111,06:43:59,41.323,-70.5496,3.3,416.0,0.173947,0.008106
NES-LTER_AE2426_ag_202411110643_003m_R1.sb,20241111,06:43:59,41.323,-70.5496,3.3,417.0,0.17075,0.007967
NES-LTER_AE2426_ag_202411110643_003m_R1.sb,20241111,06:43:59,41.323,-70.5496,3.3,418.0,0.167967,0.007846
NES-LTER_AE2426_ag_202411110643_003m_R1.sb,20241111,06:43:59,41.323,-70.5496,3.3,419.0,0.165713,0.007748
NES-LTER_AE2426_ag_202411110643_003m_R1.sb,20241111,06:43:59,41.323,-70.5496,3.3,420.0,0.162953,0.007628
NES-LTER_AE2426_ag_202411110643_003m_R1.sb,20241111,06:43:59,41.323,-70.5496,3.3,421.0,0.159802,0.007491
NES-LTER_AE2426_ag_202411110643_003m_R1.sb,20241111,06:43:59,41.323,-70.5496,3.3,422.0,0.157249,0.00738
NES-LTER_AE2426_ag_202411110643_003m_R1.sb,20241111,06:43:59,41.323,-70.5496,3.3,423.0,0.154305,0.007252
NES-LTER_AE2426_ag_202411110643_003m_R1.sb,20241111,06:43:59,41.323,-70.5496,3.3,424.0,0.151568,0.007133
NES-LTER_AE2426_ag_202411110643_003m_R1.sb,20241111,06:43:59,41.323,-70.5496,3.3,425.0,0.147773,0.006968
NES-LTER_AE2426_ag_202411110643_003m_R1.sb,20241111,06:43:59,41.323,-70.5496,3.3,426.0,0.144875,0.006842
NES-LTER_AE2426_ag_202411110643_003m_R1.sb,20241111,06:43:59,41.323,-70.5496,3.3,427.0,0.141862,0.006711
NES-LTER_AE2426_ag_202411110643_003m_R1.sb,20241111,06:43:59,41.323,-70.5496,3.3,428.0,0.13924,0.006597
NES-LTER_AE2426_ag_202411110643_003m_R1.sb,20241111,06:43:59,41.323,-70.5496,3.3,429.0,0.136388,0.006473
NES-LTER_AE2426_ag_202411110643_003m_R1.sb,20241111,06:43:59,41.323,-70.5496,3.3,430.0,0.133766,0.006359
NES-LTER_AE2426_ag_202411110643_003m_R1.sb,20241111,06:43:59,41.323,-70.5496,3.3,431.0,0.131006,0.006239
NES-LTER_AE2426_ag_202411110643_003m_R1.sb,20241111,06:43:59,41.323,-70.5496,3.3,432.0,0.128476,0.006129
NES-LTER_AE2426_ag_202411110643_003m_R1.sb,20241111,06:43:59,41.323,-70.5496,3.3,433.0,0.126153,0.006028
NES-LTER_AE2426_ag_202411110643_003m_R1.sb,20241111,06:43:59,41.323,-70.5496,3.3,434.0,0.123876,0.005929
NES-LTER_AE2426_ag_202411110643_003m_R1.sb,20241111,06:43:59,41.323,-70.5496,3.3,435.0,0.121553,0.005828
NES-LTER_AE2426_ag_202411110643_003m_R1.sb,20241111,06:43:59,41.323,-70.5496,3.3,436.0,0.119023,0.005718
NES-LTER_AE2426_ag_202411110643_003m_R1.sb,20241111,06:43:59,41.323,-70.5496,3.3,437.0,0.116401,0.005604
NES-LTER_AE2426_ag_202411110643_003m_R1.sb,20241111,06:43:59,41.323,-70.5496,3.3,438.0,0.114101,0.005504
NES-LTER_AE2426_ag_202411110643_003m_R1.sb,20241111,06:43:59,41.323,-70.5496,3.3,439.0,0.111364,0.005385
NES-LTER_AE2426_ag_202411110643_003m_R1.sb,20241111,06:43:59,41.323,-70.5496,3.3,440.0,0.108903,0.005278
NES-LTER_AE2426_ag_202411110643_003m_R1.sb,20241111,06:43:59,41.323,-70.5496,3.3,441.0,0.106235,0.005162
NES-LTER_AE2426_ag_202411110643_003m_R1.sb,20241111,06:43:59,41.323,-70.5496,3.3,442.0,0.104487,0.005086
NES-LTER_AE2426_ag_202411110643_003m_R1.sb,20241111,06:43:59,41.323,-70.5496,3.3,443.0,0.102578,0.005003
NES-LTER_AE2426_ag_202411110643_003m_R1.sb,20241111,06:43:59,41.323,-70.5496,3.3,444.0,0.100669,0.00492
NES-LTER_AE2426_ag_202411110643_003m_R1.sb,20241111,06:43:59,41.323,-70.5496,3.3,445.0,0.098645,0.004832
NES-LTER_AE2426_ag_202411110643_003m_R1.sb,20241111,06:43:59,41.323,-70.5496,3.3,446.0,0.096759,0.00475
NES-LTER_AE2426_ag_202411110643_003m_R1.sb,20241111,06:43:59,41.323,-70.5496,3.3,447.0,0.095241,0.004684
NES-LTER_AE2426_ag_202411110643_003m_R1.sb,20241111,06:43:59,41.323,-70.5496,3.3,448.0,0.093447,0.004606
NES-LTER_AE2426_ag_202411110643_003m_R1.sb,20241111,06:43:59,41.323,-70.5496,3.3,449.0,0.091906,0.004539
NES-LTER_AE2426_ag_202411110643_003m_R1.sb,20241111,06:43:59,41.323,-70.5496,3.3,450.0,0.089951,0.004454
NES-LTER_AE2426_ag_202411110643_003m_R1.sb,20241111,06:43:59,41.323,-70.5496,3.3,451.0,0.088456,0.004389
NES-LTER_AE2426_ag_202411110643_003m_R1.sb,20241111,06:43:59,41.323,-70.5496,3.3,452.0,0.086777,0.004316
NES-LTER_AE2426_ag_202411110643_003m_R1.sb,20241111,06:43:59,41.323,-70.5496,3.3,453.0,0.085305,0.004252
NES-LTER_AE2426_ag_202411110643_003m_R1.sb,20241111,06:43:59,41.323,-70.5496,3.3,454.0,0.083281,0.004164
NES-LTER_AE2426_ag_202411110643_003m_R1.sb,20241111,06:43:59,41.323,-70.5496,3.3,455.0,0.08197,0.004107
NES-LTER_AE2426_ag_202411110643_003m_R1.sb,20241111,06:43:59,41.323,-70.5496,3.3,456.0,0.080567,0.004046
NES-LTER_AE2426_ag_202411110643_003m_R1.sb,20241111,06:43:59,41.323,-70.5496,3.3,457.0,0.079417,0.003996
NES-LTER_AE2426_ag_202411110643_003m_R1.sb,20241111,06:43:59,41.323,-70.5496,3.3,458.0,0.077922,0.003931
NES-LTER_AE2426_ag_202411110643_003m_R1.sb,20241111,06:43:59,41.323,-70.5496,3.3,459.0,0.076772,0.003881
NES-LTER_AE2426_ag_202411110643_003m_R1.sb,20241111,06:43:59,41.323,-70.5496,3.3,460.0,0.075484,0.003825
NES-LTER_AE2426_ag_202411110643_003m_R1.sb,20241111,06:43:59,41.323,-70.5496,3.3,461.0,0.073989,0.00376
NES-LTER_AE2426_ag_202411110643_003m_R1.sb,20241111,06:43:59,41.323,-70.5496,3.3,462.0,0.072448,0.003693
NES-LTER_AE2426_ag_202411110643_003m_R1.sb,20241111,06:43:59,41.323,-70.5496,3.3,463.0,0.071091,0.003634
NES-LTER_AE2426_ag_202411110643_003m_R1.sb,20241111,06:43:59,41.323,-70.5496,3.3,464.0,0.069895,0.003582
NES-LTER_AE2426_ag_202411110643_003m_R1.sb,20241111,06:43:59,41.323,-70.5496,3.3,465.0,0.068584,0.003525
NES-LTER_AE2426_ag_202411110643_003m_R1.sb,20241111,06:43:59,41.323,-70.5496,3.3,466.0,0.067296,0.003469
NES-LTER_AE2426_ag_202411110643_003m_R1.sb,20241111,06:43:59,41.323,-70.5496,3.3,467.0,0.066146,0.003419
NES-LTER_AE2426_ag_202411110643_003m_R1.sb,20241111,06:43:59,41.323,-70.5496,3.3,468.0,0.064789,0.00336
NES-LTER_AE2426_ag_202411110643_003m_R1.sb,20241111,06:43:59,41.323,-70.5496,3.3,469.0,0.063846,0.003319
NES-LTER_AE2426_ag_202411110643_003m_R1.sb,20241111,06:43:59,41.323,-70.5496,3.3,470.0,0.062788,0.003273
NES-LTER_AE2426_ag_202411110643_003m_R1.sb,20241111,06:43:59,41.323,-70.5496,3.3,471.0,0.061753,0.003228
NES-LTER_AE2426_ag_202411110643_003m_R1.sb,20241111,06:43:59,41.323,-70.5496,3.3,472.0,0.060212,0.003161
NES-LTER_AE2426_ag_202411110643_003m_R1.sb,20241111,06:43:59,41.323,-70.5496,3.3,473.0,0.059062,0.003111
NES-LTER_AE2426_ag_202411110643_003m_R1.sb,20241111,06:43:59,41.323,-70.5496,3.3,474.0,0.058648,0.003093
NES-LTER_AE2426_ag_202411110643_003m_R1.sb,20241111,06:43:59,41.323,-70.5496,3.3,475.0,0.057866,0.003059
NES-LTER_AE2426_ag_202411110643_003m_R1.sb,20241111,06:43:59,41.323,-70.5496,3.3,476.0,0.056716,0.003009
NES-LTER_AE2426_ag_202411110643_003m_R1.sb,20241111,06:43:59,41.323,-70.5496,3.3,477.0,0.055198,0.002943
NES-LTER_AE2426_ag_202411110643_003m_R1.sb,20241111,06:43:59,41.323,-70.5496,3.3,478.0,0.054416,0.002909
NES-LTER_AE2426_ag_202411110643_003m_R1.sb,20241111,06:43:59,41.323,-70.5496,3.3,479.0,0.053887,0.002886
NES-LTER_AE2426_ag_202411110643_003m_R1.sb,20241111,06:43:59,41.323,-70.5496,3.3,480.0,0.053059,0.00285
NES-LTER_AE2426_ag_202411110643_003m_R1.sb,20241111,06:43:59,41.323,-70.5496,3.3,481.0,0.051978,0.002803
NES-LTER_AE2426_ag_202411110643_003m_R1.sb,20241111,06:43:59,41.323,-70.5496,3.3,482.0,0.050966,0.002759
NES-LTER_AE2426_ag_202411110643_003m_R1.sb,20241111,06:43:59,41.323,-70.5496,3.3,483.0,0.050299,0.00273
NES-LTER_AE2426_ag_202411110643_003m_R1.sb,20241111,06:43:59,41.323,-70.5496,3.3,484.0,0.04977,0.002707
NES-LTER_AE2426_ag_202411110643_003m_R1.sb,20241111,06:43:59,41.323,-70.5496,3.3,485.0,0.048942,0.002671
NES-LTER_AE2426_ag_202411110643_003m_R1.sb,20241111,06:43:59,41.323,-70.5496,3.3,486.0,0.048252,0.002641
NES-LTER_AE2426_ag_202411110643_003m_R1.sb,20241111,06:43:59,41.323,-70.5496,3.3,487.0,0.047033,0.002588
NES-LTER_AE2426_ag_202411110643_003m_R1.sb,20241111,06:43:59,41.323,-70.5496,3.3,488.0,0.046297,0.002556
NES-LTER_AE2426_ag_202411110643_003m_R1.sb,20241111,06:43:59,41.323,-70.5496,3.3,489.0,0.045032,0.002501
NES-LTER_AE2426_ag_202411110643_003m_R1.sb,20241111,06:43:59,41.323,-70.5496,3.3,490.0,0.044641,0.002484
NES-LTER_AE2426_ag_202411110643_003m_R1.sb,20241111,06:43:59,41.323,-70.5496,3.3,491.0,0.044158,0.002463
NES-LTER_AE2426_ag_202411110643_003m_R1.sb,20241111,06:43:59,41.323,-70.5496,3.3,492.0,0.04402,0.002457
NES-LTER_AE2426_ag_202411110643_003m_R1.sb,20241111,06:43:59,41.323,-70.5496,3.3,493.0,0.043123,0.002418
NES-LTER_AE2426_ag_202411110643_003m_R1.sb,20241111,06:43:59,41.323,-70.5496,3.3,494.0,0.042318,0.002383
NES-LTER_AE2426_ag_202411110643_003m_R1.sb,20241111,06:43:59,41.323,-70.5496,3.3,495.0,0.041237,0.002336
NES-LTER_AE2426_ag_202411110643_003m_R1.sb,20241111,06:43:59,41.323,-70.5496,3.3,496.0,0.040501,0.002304
NES-LTER_AE2426_ag_202411110643_003m_R1.sb,20241111,06:43:59,41.323,-70.5496,3.3,497.0,0.039788,0.002273
NES-LTER_AE2426_ag_202411110643_003m_R1.sb,20241111,06:43:59,41.323,-70.5496,3.3,498.0,0.039535,0.002262
NES-LTER_AE2426_ag_202411110643_003m_R1.sb,20241111,06:43:59,41.323,-70.5496,3.3,499.0,0.039213,0.002248
NES-LTER_AE2426_ag_202411110643_003m_R1.sb,20241111,06:43:59,41.323,-70.5496,3.3,500.0,0.038477,0.002216
NES-LTER_AE2426_ag_202411110643_003m_R1.sb,20241111,06:43:59,41.323,-70.5496,3.3,501.0,0.037948,0.002193
NES-LTER_AE2426_ag_202411110643_003m_R1.sb,20241111,06:43:59,41.323,-70.5496,3.3,502.0,0.037488,0.002173
NES-LTER_AE2426_ag_202411110643_003m_R1.sb,20241111,06:43:59,41.323,-70.5496,3.3,503.0,0.03712,0.002157
NES-LTER_AE2426_ag_202411110643_003m_R1.sb,20241111,06:43:59,41.323,-70.5496,3.3,504.0,0.036361,0.002124
NES-LTER_AE2426_ag_202411110643_003m_R1.sb,20241111,06:43:59,41.323,-70.5496,3.3,505.0,0.035487,0.002086
NES-LTER_AE2426_ag_202411110643_003m_R1.sb,20241111,06:43:59,41.323,-70.5496,3.3,506.0,0.035027,0.002066
NES-LTER_AE2426_ag_202411110643_003m_R1.sb,20241111,06:43:59,41.323,-70.5496,3.3,507.0,0.034636,0.002049
NES-LTER_AE2426_ag_202411110643_003m_R1.sb,20241111,06:43:59,41.323,-70.5496,3.3,508.0,0.034383,0.002038
NES-LTER_AE2426_ag_202411110643_003m_R1.sb,20241111,06:43:59,41.323,-70.5496,3.3,509.0,0.033693,0.002008
NES-LTER_AE2426_ag_202411110643_003m_R1.sb,20241111,06:43:59,41.323,-70.5496,3.3,510.0,0.032957,0.001976
NES-LTER_AE2426_ag_202411110643_003m_R1.sb,20241111,06:43:59,41.323,-70.5496,3.3,511.0,0.03252,0.001957
NES-LTER_AE2426_ag_202411110643_003m_R1.sb,20241111,06:43:59,41.323,-70.5496,3.3,512.0,0.032198,0.001943
NES-LTER_AE2426_ag_202411110643_003m_R1.sb,20241111,06:43:59,41.323,-70.5496,3.3,513.0,0.031761,0.001924
NES-LTER_AE2426_ag_202411110643_003m_R1.sb,20241111,06:43:59,41.323,-70.5496,3.3,514.0,0.030887,0.001886
NES-LTER_AE2426_ag_202411110643_003m_R1.sb,20241111,06:43:59,41.323,-70.5496,3.3,515.0,0.030519,0.00187
NES-LTER_AE2426_ag_202411110643_003m_R1.sb,20241111,06:43:59,41.323,-70.5496,3.3,516.0,0.030381,0.001864
NES-LTER_AE2426_ag_202411110643_003m_R1.sb,20241111,06:43:59,41.323,-70.5496,3.3,517.0,0.030473,0.001868
NES-LTER_AE2426_ag_202411110643_003m_R1.sb,20241111,06:43:59,41.323,-70.5496,3.3,518.0,0.029921,0.001844
NES-LTER_AE2426_ag_202411110643_003m_R1.sb,20241111,06:43:59,41.323,-70.5496,3.3,519.0,0.029277,0.001816
NES-LTER_AE2426_ag_202411110643_003m_R1.sb,20241111,06:43:59,41.323,-70.5496,3.3,520.0,0.028978,0.001803
NES-LTER_AE2426_ag_202411110643_003m_R1.sb,20241111,06:43:59,41.323,-70.5496,3.3,521.0,0.029024,0.001805
NES-LTER_AE2426_ag_202411110643_003m_R1.sb,20241111,06:43:59,41.323,-70.5496,3.3,522.0,0.029047,0.001806
NES-LTER_AE2426_ag_202411110643_003m_R1.sb,20241111,06:43:59,41.323,-70.5496,3.3,523.0,0.028587,0.001786
NES-LTER_AE2426_ag_202411110643_003m_R1.sb,20241111,06:43:59,41.323,-70.5496,3.3,524.0,0.027782,0.001751
NES-LTER_AE2426_ag_202411110643_003m_R1.sb,20241111,06:43:59,41.323,-70.5496,3.3,525.0,0.02723,0.001727
NES-LTER_AE2426_ag_202411110643_003m_R1.sb,20241111,06:43:59,41.323,-70.5496,3.3,526.0,0.026448,0.001693
NES-LTER_AE2426_ag_202411110643_003m_R1.sb,20241111,06:43:59,41.323,-70.5496,3.3,527.0,0.02608,0.001677
NES-LTER_AE2426_ag_202411110643_003m_R1.sb,20241111,06:43:59,41.323,-70.5496,3.3,528.0,0.025827,0.001666
NES-LTER_AE2426_ag_202411110643_003m_R1.sb,20241111,06:43:59,41.323,-70.5496,3.3,529.0,0.026103,0.001678
NES-LTER_AE2426_ag_202411110643_003m_R1.sb,20241111,06:43:59,41.323,-70.5496,3.3,530.0,0.025988,0.001673
NES-LTER_AE2426_ag_202411110643_003m_R1.sb,20241111,06:43:59,41.323,-70.5496,3.3,531.0,0.025643,0.001658
NES-LTER_AE2426_ag_202411110643_003m_R1.sb,20241111,06:43:59,41.323,-70.5496,3.3,532.0,0.02493,0.001627
NES-LTER_AE2426_ag_202411110643_003m_R1.sb,20241111,06:43:59,41.323,-70.5496,3.3,533.0,0.024585,0.001612
NES-LTER_AE2426_ag_202411110643_003m_R1.sb,20241111,06:43:59,41.323,-70.5496,3.3,534.0,0.023826,0.001579
NES-LTER_AE2426_ag_202411110643_003m_R1.sb,20241111,06:43:59,41.323,-70.5496,3.3,535.0,0.023182,0.001551
NES-LTER_AE2426_ag_202411110643_003m_R1.sb,20241111,06:43:59,41.323,-70.5496,3.3,536.0,0.022791,0.001534
NES-LTER_AE2426_ag_202411110643_003m_R1.sb,20241111,06:43:59,41.323,-70.5496,3.3,537.0,0.022837,0.001536
NES-LTER_AE2426_ag_202411110643_003m_R1.sb,20241111,06:43:59,41.323,-70.5496,3.3,538.0,0.022929,0.00154
NES-LTER_AE2426_ag_202411110643_003m_R1.sb,20241111,06:43:59,41.323,-70.5496,3.3,539.0,0.022239,0.00151
NES-LTER_AE2426_ag_202411110643_003m_R1.sb,20241111,06:43:59,41.323,-70.5496,3.3,540.0,0.021894,0.001495
NES-LTER_AE2426_ag_202411110643_003m_R1.sb,20241111,06:43:59,41.323,-70.5496,3.3,541.0,0.021457,0.001476
NES-LTER_AE2426_ag_202411110643_003m_R1.sb,20241111,06:43:59,41.323,-70.5496,3.3,542.0,0.021457,0.001476
NES-LTER_AE2426_ag_202411110643_003m_R1.sb,20241111,06:43:59,41.323,-70.5496,3.3,543.0,0.021181,0.001464
NES-LTER_AE2426_ag_202411110643_003m_R1.sb,20241111,06:43:59,41.323,-70.5496,3.3,544.0,0.02102,0.001457
NES-LTER_AE2426_ag_202411110643_003m_R1.sb,20241111,06:43:59,41.323,-70.5496,3.3,545.0,0.020859,0.00145
NES-LTER_AE2426_ag_202411110643_003m_R1.sb,20241111,06:43:59,41.323,-70.5496,3.3,546.0,0.020583,0.001438
NES-LTER_AE2426_ag_202411110643_003m_R1.sb,20241111,06:43:59,41.323,-70.5496,3.3,547.0,0.02056,0.001437
NES-LTER_AE2426_ag_202411110643_003m_R1.sb,20241111,06:43:59,41.323,-70.5496,3.3,548.0,0.020054,0.001415
NES-LTER_AE2426_ag_202411110643_003m_R1.sb,20241111,06:43:59,41.323,-70.5496,3.3,549.0,0.019663,0.001398
NES-LTER_AE2426_ag_202411110643_003m_R1.sb,20241111,06:43:59,41.323,-70.5496,3.3,550.0,0.019019,0.00137
NES-LTER_AE2426_ag_202411110643_003m_R1.sb,20241111,06:43:59,41.323,-70.5496,3.3,551.0,0.018674,0.001355
NES-LTER_AE2426_ag_202411110643_003m_R1.sb,20241111,06:43:59,41.323,-70.5496,3.3,552.0,0.018421,0.001344
NES-LTER_AE2426_ag_202411110643_003m_R1.sb,20241111,06:43:59,41.323,-70.5496,3.3,553.0,0.017961,0.001324
NES-LTER_AE2426_ag_202411110643_003m_R1.sb,20241111,06:43:59,41.323,-70.5496,3.3,554.0,0.017777,0.001316
NES-LTER_AE2426_ag_202411110643_003m_R1.sb,20241111,06:43:59,41.323,-70.5496,3.3,555.0,0.01757,0.001307
NES-LTER_AE2426_ag_202411110643_003m_R1.sb,20241111,06:43:59,41.323,-70.5496,3.3,556.0,0.01734,0.001297
NES-LTER_AE2426_ag_202411110643_003m_R1.sb,20241111,06:43:59,41.323,-70.5496,3.3,557.0,0.017432,0.001301
NES-LTER_AE2426_ag_202411110643_003m_R1.sb,20241111,06:43:59,41.323,-70.5496,3.3,558.0,0.017179,0.00129
NES-LTER_AE2426_ag_202411110643_003m_R1.sb,20241111,06:43:59,41.323,-70.5496,3.3,559.0,0.017041,0.001284
NES-LTER_AE2426_ag_202411110643_003m_R1.sb,20241111,06:43:59,41.323,-70.5496,3.3,560.0,0.016765,0.001272
NES-LTER_AE2426_ag_202411110643_003m_R1.sb,20241111,06:43:59,41.323,-70.5496,3.3,561.0,0.016351,0.001254
NES-LTER_AE2426_ag_202411110643_003m_R1.sb,20241111,06:43:59,41.323,-70.5496,3.3,562.0,0.016236,0.001249
NES-LTER_AE2426_ag_202411110643_003m_R1.sb,20241111,06:43:59,41.323,-70.5496,3.3,563.0,0.015868,0.001233
NES-LTER_AE2426_ag_202411110643_003m_R1.sb,20241111,06:43:59,41.323,-70.5496,3.3,564.0,0.015845,0.001232
NES-LTER_AE2426_ag_202411110643_003m_R1.sb,20241111,06:43:59,41.323,-70.5496,3.3,565.0,0.015592,0.001221
NES-LTER_AE2426_ag_202411110643_003m_R1.sb,20241111,06:43:59,41.323,-70.5496,3.3,566.0,0.015178,0.001203
NES-LTER_AE2426_ag_202411110643_003m_R1.sb,20241111,06:43:59,41.323,-70.5496,3.3,567.0,0.014879,0.00119
NES-LTER_AE2426_ag_202411110643_003m_R1.sb,20241111,06:43:59,41.323,-70.5496,3.3,568.0,0.014465,0.001172
NES-LTER_AE2426_ag_202411110643_003m_R1.sb,20241111,06:43:59,41.323,-70.5496,3.3,569.0,0.014373,0.001168
NES-LTER_AE2426_ag_202411110643_003m_R1.sb,20241111,06:43:59,41.323,-70.5496,3.3,570.0,0.014281,0.001164
NES-LTER_AE2426_ag_202411110643_003m_R1.sb,20241111,06:43:59,41.323,-70.5496,3.3,571.0,0.014281,0.001164
NES-LTER_AE2426_ag_202411110643_003m_R1.sb,20241111,06:43:59,41.323,-70.5496,3.3,572.0,0.014143,0.001158
NES-LTER_AE2426_ag_202411110643_003m_R1.sb,20241111,06:43:59,41.323,-70.5496,3.3,573.0,0.014097,0.001156
NES-LTER_AE2426_ag_202411110643_003m_R1.sb,20241111,06:43:59,41.323,-70.5496,3.3,574.0,0.01389,0.001147
NES-LTER_AE2426_ag_202411110643_003m_R1.sb,20241111,06:43:59,41.323,-70.5496,3.3,575.0,0.013706,0.001139
NES-LTER_AE2426_ag_202411110643_003m_R1.sb,20241111,06:43:59,41.323,-70.5496,3.3,576.0,0.013177,0.001116
NES-LTER_AE2426_ag_202411110643_003m_R1.sb,20241111,06:43:59,41.323,-70.5496,3.3,577.0,0.012671,0.001094
NES-LTER_AE2426_ag_202411110643_003m_R1.sb,20241111,06:43:59,41.323,-70.5496,3.3,578.0,0.012188,0.001073
NES-LTER_AE2426_ag_202411110643_003m_R1.sb,20241111,06:43:59,41.323,-70.5496,3.3,579.0,0.012165,0.001072
NES-LTER_AE2426_ag_202411110643_003m_R1.sb,20241111,06:43:59,41.323,-70.5496,3.3,580.0,0.012119,0.00107
NES-LTER_AE2426_ag_202411110643_003m_R1.sb,20241111,06:43:59,41.323,-70.5496,3.3,581.0,0.011866,0.001059
NES-LTER_AE2426_ag_202411110643_003m_R1.sb,20241111,06:43:59,41.323,-70.5496,3.3,582.0,0.01159,0.001047
NES-LTER_AE2426_ag_202411110643_003m_R1.sb,20241111,06:43:59,41.323,-70.5496,3.3,583.0,0.011659,0.00105
NES-LTER_AE2426_ag_202411110643_003m_R1.sb,20241111,06:43:59,41.323,-70.5496,3.3,584.0,0.011452,0.001041
NES-LTER_AE2426_ag_202411110643_003m_R1.sb,20241111,06:43:59,41.323,-70.5496,3.3,585.0,0.010992,0.001021
NES-LTER_AE2426_ag_202411110643_003m_R1.sb,20241111,06:43:59,41.323,-70.5496,3.3,586.0,0.010394,0.000995
NES-LTER_AE2426_ag_202411110643_003m_R1.sb,20241111,06:43:59,41.323,-70.5496,3.3,587.0,0.010003,0.000978
NES-LTER_AE2426_ag_202411110643_003m_R1.sb,20241111,06:43:59,41.323,-70.5496,3.3,588.0,0.010026,0.000979
NES-LTER_AE2426_ag_202411110643_003m_R1.sb,20241111,06:43:59,41.323,-70.5496,3.3,589.0,0.009704,0.000965
NES-LTER_AE2426_ag_202411110643_003m_R1.sb,20241111,06:43:59,41.323,-70.5496,3.3,590.0,0.009704,0.000965
NES-LTER_AE2426_ag_202411110643_003m_R1.sb,20241111,06:43:59,41.323,-70.5496,3.3,591.0,0.009359,0.00095
NES-LTER_AE2426_ag_202411110643_003m_R1.sb,20241111,06:43:59,41.323,-70.5496,3.3,592.0,0.00929,0.000947
NES-LTER_AE2426_ag_202411110643_003m_R1.sb,20241111,06:43:59,41.323,-70.5496,3.3,593.0,0.008784,0.000925
NES-LTER_AE2426_ag_202411110643_003m_R1.sb,20241111,06:43:59,41.323,-70.5496,3.3,594.0,0.008439,0.00091
NES-LTER_AE2426_ag_202411110643_003m_R1.sb,20241111,06:43:59,41.323,-70.5496,3.3,595.0,0.008002,0.000891
NES-LTER_AE2426_ag_202411110643_003m_R1.sb,20241111,06:43:59,41.323,-70.5496,3.3,596.0,0.007519,0.00087
NES-LTER_AE2426_ag_202411110643_003m_R1.sb,20241111,06:43:59,41.323,-70.5496,3.3,597.0,0.006898,0.000843
NES-LTER_AE2426_ag_202411110643_003m_R1.sb,20241111,06:43:59,41.323,-70.5496,3.3,598.0,0.006254,0.000815
NES-LTER_AE2426_ag_202411110643_003m_R1.sb,20241111,06:43:59,41.323,-70.5496,3.3,599.0,0.006047,0.000806
NES-LTER_AE2426_ag_202411110643_003m_R1.sb,20241111,06:43:59,41.323,-70.5496,3.3,600.0,0.005656,0.000789
NES-LTER_AE2426_ag_202411110643_003m_R1.sb,20241111,06:43:59,41.323,-70.5496,3.3,601.0,0.005518,0.000783
NES-LTER_AE2426_ag_202411110643_003m_R1.sb,20241111,06:43:59,41.323,-70.5496,3.3,602.0,0.005012,0.000761
NES-LTER_AE2426_ag_202411110643_003m_R1.sb,20241111,06:43:59,41.323,-70.5496,3.3,603.0,0.005127,0.000766
NES-LTER_AE2426_ag_202411110643_003m_R1.sb,20241111,06:43:59,41.323,-70.5496,3.3,604.0,0.005012,0.000761
NES-LTER_AE2426_ag_202411110643_003m_R1.sb,20241111,06:43:59,41.323,-70.5496,3.3,605.0,0.00538,0.000777
NES-LTER_AE2426_ag_202411110643_003m_R1.sb,20241111,06:43:59,41.323,-70.5496,3.3,606.0,0.005656,0.000789
NES-LTER_AE2426_ag_202411110643_003m_R1.sb,20241111,06:43:59,41.323,-70.5496,3.3,607.0,0.006185,0.000812
NES-LTER_AE2426_ag_202411110643_003m_R1.sb,20241111,06:43:59,41.323,-70.5496,3.3,608.0,0.006277,0.000816
NES-LTER_AE2426_ag_202411110643_003m_R1.sb,20241111,06:43:59,41.323,-70.5496,3.3,609.0,0.00653,0.000827
NES-LTER_AE2426_ag_202411110643_003m_R1.sb,20241111,06:43:59,41.323,-70.5496,3.3,610.0,0.006461,0.000824
NES-LTER_AE2426_ag_202411110643_003m_R1.sb,20241111,06:43:59,41.323,-70.5496,3.3,611.0,0.006622,0.000831
NES-LTER_AE2426_ag_202411110643_003m_R1.sb,20241111,06:43:59,41.323,-70.5496,3.3,612.0,0.0063,0.000817
NES-LTER_AE2426_ag_202411110643_003m_R1.sb,20241111,06:43:59,41.323,-70.5496,3.3,613.0,0.006553,0.000828
NES-LTER_AE2426_ag_202411110643_003m_R1.sb,20241111,06:43:59,41.323,-70.5496,3.3,614.0,0.006599,0.00083
NES-LTER_AE2426_ag_202411110643_003m_R1.sb,20241111,06:43:59,41.323,-70.5496,3.3,615.0,0.006645,0.000832
NES-LTER_AE2426_ag_202411110643_003m_R1.sb,20241111,06:43:59,41.323,-70.5496,3.3,616.0,0.00653,0.000827
NES-LTER_AE2426_ag_202411110643_003m_R1.sb,20241111,06:43:59,41.323,-70.5496,3.3,617.0,0.006162,0.000811
NES-LTER_AE2426_ag_202411110643_003m_R1.sb,20241111,06:43:59,41.323,-70.5496,3.3,618.0,0.006047,0.000806
NES-LTER_AE2426_ag_202411110643_003m_R1.sb,20241111,06:43:59,41.323,-70.5496,3.3,619.0,0.00584,0.000797
NES-LTER_AE2426_ag_202411110643_003m_R1.sb,20241111,06:43:59,41.323,-70.5496,3.3,620.0,0.006139,0.00081
NES-LTER_AE2426_ag_202411110643_003m_R1.sb,20241111,06:43:59,41.323,-70.5496,3.3,621.0,0.006093,0.000808
NES-LTER_AE2426_ag_202411110643_003m_R1.sb,20241111,06:43:59,41.323,-70.5496,3.3,622.0,0.005932,0.000801
NES-LTER_AE2426_ag_202411110643_003m_R1.sb,20241111,06:43:59,41.323,-70.5496,3.3,623.0,0.005564,0.000785
NES-LTER_AE2426_ag_202411110643_003m_R1.sb,20241111,06:43:59,41.323,-70.5496,3.3,624.0,0.005472,0.000781
NES-LTER_AE2426_ag_202411110643_003m_R1.sb,20241111,06:43:59,41.323,-70.5496,3.3,625.0,0.005357,0.000776
NES-LTER_AE2426_ag_202411110643_003m_R1.sb,20241111,06:43:59,41.323,-70.5496,3.3,626.0,0.005633,0.000788
NES-LTER_AE2426_ag_202411110643_003m_R1.sb,20241111,06:43:59,41.323,-70.5496,3.3,627.0,0.005495,0.000782
NES-LTER_AE2426_ag_202411110643_003m_R1.sb,20241111,06:43:59,41.323,-70.5496,3.3,628.0,0.005656,0.000789
NES-LTER_AE2426_ag_202411110643_003m_R1.sb,20241111,06:43:59,41.323,-70.5496,3.3,629.0,0.005104,0.000765
NES-LTER_AE2426_ag_202411110643_003m_R1.sb,20241111,06:43:59,41.323,-70.5496,3.3,630.0,0.004851,0.000754
NES-LTER_AE2426_ag_202411110643_003m_R1.sb,20241111,06:43:59,41.323,-70.5496,3.3,631.0,0.004391,0.000734
NES-LTER_AE2426_ag_202411110643_003m_R1.sb,20241111,06:43:59,41.323,-70.5496,3.3,632.0,0.004506,0.000739
NES-LTER_AE2426_ag_202411110643_003m_R1.sb,20241111,06:43:59,41.323,-70.5496,3.3,633.0,0.004483,0.000738
NES-LTER_AE2426_ag_202411110643_003m_R1.sb,20241111,06:43:59,41.323,-70.5496,3.3,634.0,0.004368,0.000733
NES-LTER_AE2426_ag_202411110643_003m_R1.sb,20241111,06:43:59,41.323,-70.5496,3.3,635.0,0.004253,0.000728
NES-LTER_AE2426_ag_202411110643_003m_R1.sb,20241111,06:43:59,41.323,-70.5496,3.3,636.0,0.004115,0.000722
NES-LTER_AE2426_ag_202411110643_003m_R1.sb,20241111,06:43:59,41.323,-70.5496,3.3,637.0,0.003954,0.000715
NES-LTER_AE2426_ag_202411110643_003m_R1.sb,20241111,06:43:59,41.323,-70.5496,3.3,638.0,0.003678,0.000703
NES-LTER_AE2426_ag_202411110643_003m_R1.sb,20241111,06:43:59,41.323,-70.5496,3.3,639.0,0.003954,0.000715
NES-LTER_AE2426_ag_202411110643_003m_R1.sb,20241111,06:43:59,41.323,-70.5496,3.3,640.0,0.003977,0.000716
NES-LTER_AE2426_ag_202411110643_003m_R1.sb,20241111,06:43:59,41.323,-70.5496,3.3,641.0,0.004115,0.000722
NES-LTER_AE2426_ag_202411110643_003m_R1.sb,20241111,06:43:59,41.323,-70.5496,3.3,642.0,0.003793,0.000708
NES-LTER_AE2426_ag_202411110643_003m_R1.sb,20241111,06:43:59,41.323,-70.5496,3.3,643.0,0.003701,0.000704
NES-LTER_AE2426_ag_202411110643_003m_R1.sb,20241111,06:43:59,41.323,-70.5496,3.3,644.0,0.003356,0.000689
NES-LTER_AE2426_ag_202411110643_003m_R1.sb,20241111,06:43:59,41.323,-70.5496,3.3,645.0,0.003057,0.000676
NES-LTER_AE2426_ag_202411110643_003m_R1.sb,20241111,06:43:59,41.323,-70.5496,3.3,646.0,0.003057,0.000676
NES-LTER_AE2426_ag_202411110643_003m_R1.sb,20241111,06:43:59,41.323,-70.5496,3.3,647.0,0.003011,0.000674
NES-LTER_AE2426_ag_202411110643_003m_R1.sb,20241111,06:43:59,41.323,-70.5496,3.3,648.0,0.002942,0.000671
NES-LTER_AE2426_ag_202411110643_003m_R1.sb,20241111,06:43:59,41.323,-70.5496,3.3,649.0,0.002689,0.00066
NES-LTER_AE2426_ag_202411110643_003m_R1.sb,20241111,06:43:59,41.323,-70.5496,3.3,650.0,0.002689,0.00066
NES-LTER_AE2426_ag_202411110643_003m_R1.sb,20241111,06:43:59,41.323,-70.5496,3.3,651.0,0.00239,0.000647
NES-LTER_AE2426_ag_202411110643_003m_R1.sb,20241111,06:43:59,41.323,-70.5496,3.3,652.0,0.002229,0.00064
NES-LTER_AE2426_ag_202411110643_003m_R1.sb,20241111,06:43:59,41.323,-70.5496,3.3,653.0,0.001815,0.000622
NES-LTER_AE2426_ag_202411110643_003m_R1.sb,20241111,06:43:59,41.323,-70.5496,3.3,654.0,0.001769,0.00062
NES-LTER_AE2426_ag_202411110643_003m_R1.sb,20241111,06:43:59,41.323,-70.5496,3.3,655.0,0.001424,0.000605
NES-LTER_AE2426_ag_202411110643_003m_R1.sb,20241111,06:43:59,41.323,-70.5496,3.3,656.0,0.000941,0.000584
NES-LTER_AE2426_ag_202411110643_003m_R1.sb,20241111,06:43:59,41.323,-70.5496,3.3,657.0,0.00078,0.000577
NES-LTER_AE2426_ag_202411110643_003m_R1.sb,20241111,06:43:59,41.323,-70.5496,3.3,658.0,0.000228,0.000553
NES-LTER_AE2426_ag_202411110643_003m_R1.sb,20241111,06:43:59,41.323,-70.5496,3.3,659.0,4.4e-05,0.000545
NES-LTER_AE2426_ag_202411110643_003m_R1.sb,20241111,06:43:59,41.323,-70.5496,3.3,660.0,-0.000347,0.000528
NES-LTER_AE2426_ag_202411110643_003m_R1.sb,20241111,06:43:59,41.323,-70.5496,3.3,661.0,-0.000255,0.000532
NES-LTER_AE2426_ag_202411110643_003m_R1.sb,20241111,06:43:59,41.323,-70.5496,3.3,662.0,-0.000209,0.000534
NES-LTER_AE2426_ag_202411110643_003m_R1.sb,20241111,06:43:59,41.323,-70.5496,3.3,663.0,-0.000163,0.000536
NES-LTER_AE2426_ag_202411110643_003m_R1.sb,20241111,06:43:59,41.323,-70.5496,3.3,664.0,-0.000485,0.000522
NES-LTER_AE2426_ag_202411110643_003m_R1.sb,20241111,06:43:59,41.323,-70.5496,3.3,665.0,-2e-06,0.000543
NES-LTER_AE2426_ag_202411110643_003m_R1.sb,20241111,06:43:59,41.323,-70.5496,3.3,666.0,-4.8e-05,0.000541
NES-LTER_AE2426_ag_202411110643_003m_R1.sb,20241111,06:43:59,41.323,-70.5496,3.3,667.0,0.000274,0.000555
NES-LTER_AE2426_ag_202411110643_003m_R1.sb,20241111,06:43:59,41.323,-70.5496,3.3,668.0,0.000366,0.000559
NES-LTER_AE2426_ag_202411110643_003m_R1.sb,20241111,06:43:59,41.323,-70.5496,3.3,669.0,0.000481,0.000564
NES-LTER_AE2426_ag_202411110643_003m_R1.sb,20241111,06:43:59,41.323,-70.5496,3.3,670.0,0.000389,0.00056
NES-LTER_AE2426_ag_202411110643_003m_R1.sb,20241111,06:43:59,41.323,-70.5496,3.3,671.0,-4.8e-05,0.000541
NES-LTER_AE2426_ag_202411110643_003m_R1.sb,20241111,06:43:59,41.323,-70.5496,3.3,672.0,-0.000278,0.000531
NES-LTER_AE2426_ag_202411110643_003m_R1.sb,20241111,06:43:59,41.323,-70.5496,3.3,673.0,-0.000669,0.000514
NES-LTER_AE2426_ag_202411110643_003m_R1.sb,20241111,06:43:59,41.323,-70.5496,3.3,674.0,-0.000991,0.0005
NES-LTER_AE2426_ag_202411110643_003m_R1.sb,20241111,06:43:59,41.323,-70.5496,3.3,675.0,-0.00129,0.000487
NES-LTER_AE2426_ag_202411110643_003m_R1.sb,20241111,06:43:59,41.323,-70.5496,3.3,676.0,-0.001152,0.000493
NES-LTER_AE2426_ag_202411110643_003m_R1.sb,20241111,06:43:59,41.323,-70.5496,3.3,677.0,-0.001566,0.000475
NES-LTER_AE2426_ag_202411110643_003m_R1.sb,20241111,06:43:59,41.323,-70.5496,3.3,678.0,-0.001773,0.000466
NES-LTER_AE2426_ag_202411110643_003m_R1.sb,20241111,06:43:59,41.323,-70.5496,3.3,679.0,-0.002187,0.000448
NES-LTER_AE2426_ag_202411110643_003m_R1.sb,20241111,06:43:59,41.323,-70.5496,3.3,680.0,-0.002302,0.000443
NES-LTER_AE2426_ag_202411110643_003m_R1.sb,20241111,06:43:59,41.323,-70.5496,3.3,681.0,-0.002486,0.000435
NES-LTER_AE2426_ag_202411110643_003m_R1.sb,20241111,06:43:59,41.323,-70.5496,3.3,682.0,-0.00267,0.000427
NES-LTER_AE2426_ag_202411110643_003m_R1.sb,20241111,06:43:59,41.323,-70.5496,3.3,683.0,-0.003107,0.000408
NES-LTER_AE2426_ag_202411110643_003m_R1.sb,20241111,06:43:59,41.323,-70.5496,3.3,684.0,-0.003314,0.000399
NES-LTER_AE2426_ag_202411110643_003m_R1.sb,20241111,06:43:59,41.323,-70.5496,3.3,685.0,-0.003429,0.000394
NES-LTER_AE2426_ag_202411110643_003m_R1.sb,20241111,06:43:59,41.323,-70.5496,3.3,686.0,-0.003544,0.000389
NES-LTER_AE2426_ag_202411110643_003m_R1.sb,20241111,06:43:59,41.323,-70.5496,3.3,687.0,-0.003636,0.000385
NES-LTER_AE2426_ag_202411110643_003m_R1.sb,20241111,06:43:59,41.323,-70.5496,3.3,688.0,-0.004027,0.000368
NES-LTER_AE2426_ag_202411110643_003m_R1.sb,20241111,06:43:59,41.323,-70.5496,3.3,689.0,-0.004142,0.000363
NES-LTER_AE2426_ag_202411110643_003m_R1.sb,20241111,06:43:59,41.323,-70.5496,3.3,690.0,-0.004809,0.000334
NES-LTER_AE2426_ag_202411110643_003m_R1.sb,20241111,06:43:59,41.323,-70.5496,3.3,691.0,-0.005338,0.000311
NES-LTER_AE2426_ag_202411110643_003m_R1.sb,20241111,06:43:59,41.323,-70.5496,3.3,692.0,-0.005683,0.000296
NES-LTER_AE2426_ag_202411110643_003m_R1.sb,20241111,06:43:59,41.323,-70.5496,3.3,693.0,-0.006258,0.000271
NES-LTER_AE2426_ag_202411110643_003m_R1.sb,20241111,06:43:59,41.323,-70.5496,3.3,694.0,-0.006488,0.000261
NES-LTER_AE2426_ag_202411110643_003m_R1.sb,20241111,06:43:59,41.323,-70.5496,3.3,695.0,-0.007086,0.000235
NES-LTER_AE2426_ag_202411110643_003m_R1.sb,20241111,06:43:59,41.323,-70.5496,3.3,696.0,-0.00727,0.000227
NES-LTER_AE2426_ag_202411110643_003m_R1.sb,20241111,06:43:59,41.323,-70.5496,3.3,697.0,-0.007891,0.0002
NES-LTER_AE2426_ag_202411110643_003m_R1.sb,20241111,06:43:59,41.323,-70.5496,3.3,698.0,-0.008535,0.000172
NES-LTER_AE2426_ag_202411110643_003m_R1.sb,20241111,06:43:59,41.323,-70.5496,3.3,699.0,-0.008972,0.000153
NES-LTER_AE2426_ag_202411110643_003m_R1.sb,20241111,06:43:59,41.323,-70.5496,3.3,700.0,-0.009064,0.000149
NES-LTER_AE2426_ag_202411110643_003m_R1.sb,20241111,06:43:59,41.323,-70.5496,3.3,701.0,-0.009593,0.000126
NES-LTER_AE2426_ag_202411110643_003m_R1.sb,20241111,06:43:59,41.323,-70.5496,3.3,702.0,-0.009961,0.00011
NES-LTER_AE2426_ag_202411110643_003m_R1.sb,20241111,06:43:59,41.323,-70.5496,3.3,703.0,-0.010835,7.2e-05
NES-LTER_AE2426_ag_202411110643_003m_R1.sb,20241111,06:43:59,41.323,-70.5496,3.3,704.0,-0.011203,5.6e-05
NES-LTER_AE2426_ag_202411110643_003m_R1.sb,20241111,06:43:59,41.323,-70.5496,3.3,705.0,-0.011801,3e-05
NES-LTER_AE2426_ag_202411110643_003m_R1.sb,20241111,06:43:59,41.323,-70.5496,3.3,706.0,-0.012376,5e-06
NES-LTER_AE2426_ag_202411110643_003m_R1.sb,20241111,06:43:59,41.323,-70.5496,3.3,707.0,-0.012675,-8e-06
NES-LTER_AE2426_ag_202411110643_003m_R1.sb,20241111,06:43:59,41.323,-70.5496,3.3,708.0,-0.013503,-4.4e-05
NES-LTER_AE2426_ag_202411110643_003m_R1.sb,20241111,06:43:59,41.323,-70.5496,3.3,709.0,-0.014216,-7.5e-05
NES-LTER_AE2426_ag_202411110643_003m_R1.sb,20241111,06:43:59,41.323,-70.5496,3.3,710.0,-0.015297,-0.000122
NES-LTER_AE2426_ag_202411110643_003m_R1.sb,20241111,06:43:59,41.323,-70.5496,3.3,711.0,-0.015918,-0.000149
NES-LTER_AE2426_ag_202411110643_003m_R1.sb,20241111,06:43:59,41.323,-70.5496,3.3,712.0,-0.016815,-0.000188
NES-LTER_AE2426_ag_202411110643_003m_R1.sb,20241111,06:43:59,41.323,-70.5496,3.3,713.0,-0.017643,-0.000224
NES-LTER_AE2426_ag_202411110643_003m_R1.sb,20241111,06:43:59,41.323,-70.5496,3.3,714.0,-0.018655,-0.000268
NES-LTER_AE2426_ag_202411110643_003m_R1.sb,20241111,06:43:59,41.323,-70.5496,3.3,715.0,-0.019345,-0.000298
NES-LTER_AE2426_ag_202411110643_003m_R1.sb,20241111,06:43:59,41.323,-70.5496,3.3,716.0,-0.020334,-0.000341
NES-LTER_AE2426_ag_202411110643_003m_R1.sb,20241111,06:43:59,41.323,-70.5496,3.3,717.0,-0.021208,-0.000379
NES-LTER_AE2426_ag_202411110643_003m_R1.sb,20241111,06:43:59,41.323,-70.5496,3.3,718.0,-0.022542,-0.000437
NES-LTER_AE2426_ag_202411110643_003m_R1.sb,20241111,06:43:59,41.323,-70.5496,3.3,719.0,-0.023347,-0.000472
NES-LTER_AE2426_ag_202411110643_003m_R1.sb,20241111,06:43:59,41.323,-70.5496,3.3,720.0,-0.02429,-0.000513
NES-LTER_AE2426_ag_202411110643_003m_R1.sb,20241111,06:43:59,41.323,-70.5496,3.3,721.0,-0.024658,-0.000529
NES-LTER_AE2426_ag_202411110643_003m_R1.sb,20241111,06:43:59,41.323,-70.5496,3.3,722.0,-0.025739,-0.000576
NES-LTER_AE2426_ag_202411110643_003m_R1.sb,20241111,06:43:59,41.323,-70.5496,3.3,723.0,-0.026774,-0.000621
NES-LTER_AE2426_ag_202411110643_003m_R1.sb,20241111,06:43:59,41.323,-70.5496,3.3,724.0,-0.0282,-0.000683
NES-LTER_AE2426_ag_202411110643_003m_R1.sb,20241111,06:43:59,41.323,-70.5496,3.3,725.0,-0.029925,-0.000758
NES-LTER_AE2426_ag_202411110643_003m_R1.sb,20241111,06:43:59,41.323,-70.5496,3.3,726.0,-0.031765,-0.000838
NES-LTER_AE2426_ag_202411110643_003m_R1.sb,20241111,06:43:59,41.323,-70.5496,3.3,727.0,-0.034088,-0.000939
NES-LTER_AE2426_ag_202411110643_003m_R1.sb,20241111,06:43:59,41.323,-70.5496,3.3,728.0,-0.036687,-0.001052
NES-LTER_AE2426_ag_202411110643_003m_R1.sb,20241111,06:43:59,41.323,-70.5496,3.3,729.0,-0.03993,-0.001193
NES-LTER_AE2426_ag_202411110643_003m_R1.sb,20241111,06:43:59,41.323,-70.5496,3.3,730.0,-0.043035,-0.001328
NES-LTER_AE2426_ag_202411110643_003m_R1.sb,20241111,06:43:59,41.323,-70.5496,3.3,731.0,-0.04614,-0.001463
NES-LTER_AE2426_ag_202411110643_003m_R1.sb,20241111,06:43:59,41.323,-70.5496,3.3,732.0,-0.048693,-0.001574
NES-LTER_AE2426_ag_202411110643_003m_R1.sb,20241111,06:43:59,41.323,-70.5496,3.3,733.0,-0.050487,-0.001652
NES-LTER_AE2426_ag_202411110643_003m_R1.sb,20241111,06:43:59,41.323,-70.5496,3.3,734.0,-0.051108,-0.001679
NES-LTER_AE2426_ag_202411110643_003m_R1.sb,20241111,06:43:59,41.323,-70.5496,3.3,735.0,-0.050602,-0.001657
NES-LTER_AE2426_ag_202411110643_003m_R1.sb,20241111,06:43:59,41.323,-70.5496,3.3,736.0,-0.049452,-0.001607
NES-LTER_AE2426_ag_202411110643_003m_R1.sb,20241111,06:43:59,41.323,-70.5496,3.3,737.0,-0.04706,-0.001503
NES-LTER_AE2426_ag_202411110643_003m_R1.sb,20241111,06:43:59,41.323,-70.5496,3.3,738.0,-0.043909,-0.001366
NES-LTER_AE2426_ag_202411110643_003m_R1.sb,20241111,06:43:59,41.323,-70.5496,3.3,739.0,-0.040827,-0.001232
NES-LTER_AE2426_ag_202411110643_003m_R1.sb,20241111,06:43:59,41.323,-70.5496,3.3,740.0,-0.0374,-0.001083
NES-LTER_AE2426_ag_202411110643_003m_R1.sb,20241111,06:43:59,41.323,-70.5496,3.3,741.0,-0.033904,-0.000931
NES-LTER_AE2426_ag_202411110643_003m_R1.sb,20241111,06:43:59,41.323,-70.5496,3.3,742.0,-0.030523,-0.000784
NES-LTER_AE2426_ag_202411110643_003m_R1.sb,20241111,06:43:59,41.323,-70.5496,3.3,743.0,-0.026843,-0.000624
NES-LTER_AE2426_ag_202411110643_003m_R1.sb,20241111,06:43:59,41.323,-70.5496,3.3,744.0,-0.024152,-0.000507
NES-LTER_AE2426_ag_202411110643_003m_R1.sb,20241111,06:43:59,41.323,-70.5496,3.3,745.0,-0.020817,-0.000362
NES-LTER_AE2426_ag_202411110643_003m_R1.sb,20241111,06:43:59,41.323,-70.5496,3.3,746.0,-0.018586,-0.000265
NES-LTER_AE2426_ag_202411110643_003m_R1.sb,20241111,06:43:59,41.323,-70.5496,3.3,747.0,-0.01624,-0.000163
NES-LTER_AE2426_ag_202411110643_003m_R1.sb,20241111,06:43:59,41.323,-70.5496,3.3,748.0,-0.013963,-6.4e-05
NES-LTER_AE2426_ag_202411110643_003m_R1.sb,20241111,06:43:59,41.323,-70.5496,3.3,749.0,-0.012353,6e-06
NES-LTER_AE2426_ag_202411110643_003m_R1.sb,20241111,06:43:59,41.323,-70.5496,3.3,750.0,-0.010697,7.8e-05
NES-LTER_AE2426_ag_202411110643_003m_R1.sb,20241111,06:43:59,41.323,-70.5496,3.3,751.0,-0.009524,0.000129
NES-LTER_AE2426_ag_202411110643_003m_R1.sb,20241111,06:43:59,41.323,-70.5496,3.3,752.0,-0.008144,0.000189
NES-LTER_AE2426_ag_202411110643_003m_R1.sb,20241111,06:43:59,41.323,-70.5496,3.3,753.0,-0.006948,0.000241
NES-LTER_AE2426_ag_202411110643_003m_R1.sb,20241111,06:43:59,41.323,-70.5496,3.3,754.0,-0.005752,0.000293
NES-LTER_AE2426_ag_202411110643_003m_R1.sb,20241111,06:43:59,41.323,-70.5496,3.3,755.0,-0.005062,0.000323
NES-LTER_AE2426_ag_202411110643_003m_R1.sb,20241111,06:43:59,41.323,-70.5496,3.3,756.0,-0.004234,0.000359
NES-LTER_AE2426_ag_202411110643_003m_R1.sb,20241111,06:43:59,41.323,-70.5496,3.3,757.0,-0.003797,0.000378
NES-LTER_AE2426_ag_202411110643_003m_R1.sb,20241111,06:43:59,41.323,-70.5496,3.3,758.0,-0.002555,0.000432
NES-LTER_AE2426_ag_202411110643_003m_R1.sb,20241111,06:43:59,41.323,-70.5496,3.3,759.0,-0.001589,0.000474
NES-LTER_AE2426_ag_202411110643_003m_R1.sb,20241111,06:43:59,41.323,-70.5496,3.3,760.0,-0.000876,0.000505
NES-LTER_AE2426_ag_202411110643_003m_R1.sb,20241111,06:43:59,41.323,-70.5496,3.3,761.0,-0.000531,0.00052
NES-LTER_AE2426_ag_202411110643_003m_R1.sb,20241111,06:43:59,41.323,-70.5496,3.3,762.0,6.7e-05,0.000546
NES-LTER_AE2426_ag_202411110643_003m_R1.sb,20241111,06:43:59,41.323,-70.5496,3.3,763.0,0.000412,0.000561
NES-LTER_AE2426_ag_202411110643_003m_R1.sb,20241111,06:43:59,41.323,-70.5496,3.3,764.0,0.000941,0.000584
NES-LTER_AE2426_ag_202411110643_003m_R1.sb,20241111,06:43:59,41.323,-70.5496,3.3,765.0,0.001263,0.000598
NES-LTER_AE2426_ag_202411110643_003m_R1.sb,20241111,06:43:59,41.323,-70.5496,3.3,766.0,0.001838,0.000623
NES-LTER_AE2426_ag_202411110643_003m_R1.sb,20241111,06:43:59,41.323,-70.5496,3.3,767.0,0.002528,0.000653
NES-LTER_AE2426_ag_202411110643_003m_R1.sb,20241111,06:43:59,41.323,-70.5496,3.3,768.0,0.003149,0.00068
NES-LTER_AE2426_ag_202411110643_003m_R1.sb,20241111,06:43:59,41.323,-70.5496,3.3,769.0,0.003287,0.000686
NES-LTER_AE2426_ag_202411110643_003m_R1.sb,20241111,06:43:59,41.323,-70.5496,3.3,770.0,0.003471,0.000694
NES-LTER_AE2426_ag_202411110643_003m_R1.sb,20241111,06:43:59,41.323,-70.5496,3.3,771.0,0.003724,0.000705
NES-LTER_AE2426_ag_202411110643_003m_R1.sb,20241111,06:43:59,41.323,-70.5496,3.3,772.0,0.004299,0.00073
NES-LTER_AE2426_ag_202411110643_003m_R1.sb,20241111,06:43:59,41.323,-70.5496,3.3,773.0,0.004667,0.000746
NES-LTER_AE2426_ag_202411110643_003m_R1.sb,20241111,06:43:59,41.323,-70.5496,3.3,774.0,0.004989,0.00076
NES-LTER_AE2426_ag_202411110643_003m_R1.sb,20241111,06:43:59,41.323,-70.5496,3.3,775.0,0.005311,0.000774
NES-LTER_AE2426_ag_202411110643_003m_R1.sb,20241111,06:43:59,41.323,-70.5496,3.3,776.0,0.005173,0.000768
NES-LTER_AE2426_ag_202411110643_003m_R1.sb,20241111,06:43:59,41.323,-70.5496,3.3,777.0,0.004966,0.000759
NES-LTER_AE2426_ag_202411110643_003m_R1.sb,20241111,06:43:59,41.323,-70.5496,3.3,778.0,0.004736,0.000749
NES-LTER_AE2426_ag_202411110643_003m_R1.sb,20241111,06:43:59,41.323,-70.5496,3.3,779.0,0.004736,0.000749
NES-LTER_AE2426_ag_202411110643_003m_R1.sb,20241111,06:43:59,41.323,-70.5496,3.3,780.0,0.004575,0.000742
NES-LTER_AE2426_ag_202411110643_003m_R1.sb,20241111,06:43:59,41.323,-70.5496,3.3,781.0,0.004759,0.00075
NES-LTER_AE2426_ag_202411110643_003m_R1.sb,20241111,06:43:59,41.323,-70.5496,3.3,782.0,0.004368,0.000733
NES-LTER_AE2426_ag_202411110643_003m_R1.sb,20241111,06:43:59,41.323,-70.5496,3.3,783.0,0.004046,0.000719
NES-LTER_AE2426_ag_202411110643_003m_R1.sb,20241111,06:43:59,41.323,-70.5496,3.3,784.0,0.004092,0.000721
NES-LTER_AE2426_ag_202411110643_003m_R1.sb,20241111,06:43:59,41.323,-70.5496,3.3,785.0,0.003885,0.000712
NES-LTER_AE2426_ag_202411110643_003m_R1.sb,20241111,06:43:59,41.323,-70.5496,3.3,786.0,0.003632,0.000701
NES-LTER_AE2426_ag_202411110643_003m_R1.sb,20241111,06:43:59,41.323,-70.5496,3.3,787.0,0.00308,0.000677
NES-LTER_AE2426_ag_202411110643_003m_R1.sb,20241111,06:43:59,41.323,-70.5496,3.3,788.0,0.002873,0.000668
NES-LTER_AE2426_ag_202411110643_003m_R1.sb,20241111,06:43:59,41.323,-70.5496,3.3,789.0,0.002574,0.000655
NES-LTER_AE2426_ag_202411110643_003m_R1.sb,20241111,06:43:59,41.323,-70.5496,3.3,790.0,0.001861,0.000624
NES-LTER_AE2426_ag_202411110643_003m_R1.sb,20241111,06:43:59,41.323,-70.5496,3.3,791.0,0.001332,0.000601
NES-LTER_AE2426_ag_202411110643_003m_R1.sb,20241111,06:43:59,41.323,-70.5496,3.3,792.0,0.000918,0.000583
NES-LTER_AE2426_ag_202411110643_003m_R1.sb,20241111,06:43:59,41.323,-70.5496,3.3,793.0,0.000504,0.000565
NES-LTER_AE2426_ag_202411110643_003m_R1.sb,20241111,06:43:59,41.323,-70.5496,3.3,794.0,-0.000186,0.000535
NES-LTER_AE2426_ag_202411110643_003m_R1.sb,20241111,06:43:59,41.323,-70.5496,3.3,795.0,-0.001244,0.000489
NES-LTER_AE2426_ag_202411110643_003m_R1.sb,20241111,06:43:59,41.323,-70.5496,3.3,796.0,-0.002417,0.000438
NES-LTER_AE2426_ag_202411110643_003m_R1.sb,20241111,06:43:59,41.323,-70.5496,3.3,797.0,-0.003268,0.000401
NES-LTER_AE2426_ag_202411110643_003m_R1.sb,20241111,06:43:59,41.323,-70.5496,3.3,798.0,-0.004073,0.000366
NES-LTER_AE2426_ag_202411110643_003m_R1.sb,20241111,06:43:59,41.323,-70.5496,3.3,799.0,-0.005039,0.000324
NES-LTER_AE2426_ag_202411110643_003m_R1.sb,20241111,06:43:59,41.323,-70.5496,3.3,800.0,-0.005982,0.000283
NES-LTER_AE2426_ag_202411110643_003m_R1.sb,20241111,06:43:59,41.323,-70.5496,3.3,801.0,-0.007017,0.000238
NES-LTER_AE2426_ag_202411110643_003m_R1.sb,20241111,06:43:59,41.323,-70.5496,3.3,802.0,-0.00773,0.000207
NES-LTER_AE2426_ag_202411110643_003m_R1.sb,20241111,06:43:59,41.323,-70.5496,3.3,803.0,-0.008765,0.000162
NES-LTER_AE2426_ag_202411110643_003m_R1.sb,20241111,06:43:59,41.323,-70.5496,3.3,804.0,-0.009984,0.000109
NES-LTER_AE2426_ag_202411110643_003m_R1.sb,20241111,06:43:59,41.323,-70.5496,3.3,805.0,-0.011548,4.1e-05
NES-LTER_AE2426_ag_202411110643_003m_R1.sb,20241111,06:43:59,41.323,-70.5496,3.3,806.0,-0.012905,-1.8e-05
NES-LTER_AE2426_ag_202411110643_003m_R1.sb,20241111,06:43:59,41.323,-70.5496,3.3,807.0,-0.0144,-8.3e-05
NES-LTER_AE2426_ag_202411110643_003m_R1.sb,20241111,06:43:59,41.323,-70.5496,3.3,808.0,-0.015849,-0.000146
NES-LTER_AE2426_ag_202411110643_003m_R1.sb,20241111,06:43:59,41.323,-70.5496,3.3,809.0,-0.01739,-0.000213
NES-LTER_AE2426_ag_202411110643_003m_R1.sb,20241111,06:43:59,41.323,-70.5496,3.3,810.0,-0.018632,-0.000267
NES-LTER_AE2426_ag_202411110643_003m_R1.sb,20241111,06:43:59,41.323,-70.5496,3.3,811.0,-0.020012,-0.000327
NES-LTER_AE2426_ag_202411110643_003m_R1.sb,20241111,06:43:59,41.323,-70.5496,3.3,812.0,-0.021116,-0.000375
NES-LTER_AE2426_ag_202411110643_003m_R1.sb,20241111,06:43:59,41.323,-70.5496,3.3,813.0,-0.022473,-0.000434
NES-LTER_AE2426_ag_202411110643_003m_R1.sb,20241111,06:43:59,41.323,-70.5496,3.3,814.0,-0.023692,-0.000487
NES-LTER_AE2426_ag_202411110643_003m_R1.sb,20241111,06:43:59,41.323,-70.5496,3.3,815.0,-0.025049,-0.000546
NES-LTER_AE2426_ag_202411110643_003m_R1.sb,20241111,06:43:59,41.323,-70.5496,3.3,816.0,-0.026038,-0.000589
NES-LTER_AE2426_ag_202411110643_003m_R1.sb,20241111,06:43:59,41.323,-70.5496,3.3,817.0,-0.027257,-0.000642
NES-LTER_AE2426_ag_202411110643_003m_R1.sb,20241111,06:43:59,41.323,-70.5496,3.3,818.0,-0.028614,-0.000701
NES-LTER_AE2426_ag_202411110643_003m_R1.sb,20241111,06:43:59,41.323,-70.5496,3.3,819.0,-0.029879,-0.000756
NES-LTER_AE2426_ag_202411110643_003m_R1.sb,20241111,06:43:59,41.323,-70.5496,3.3,820.0,-0.031604,-0.000831
NES-LTER_AE2426_ag_202411110643_003m_R1.sb,20241111,06:43:59,41.323,-70.5496,3.3,821.0,-0.033881,-0.00093
NES-LTER_AE2426_ag_202411110643_003m_R1.sb,20241111,06:43:59,41.323,-70.5496,3.3,822.0,-0.03671,-0.001053
NES-LTER_AE2426_ag_202411110643_003m_R1.sb,20241111,06:43:59,41.323,-70.5496,3.3,823.0,-0.039608,-0.001179
NES-LTER_AE2426_ag_202411110643_003m_R1.sb,20241111,06:43:59,41.323,-70.5496,3.3,824.0,-0.042966,-0.001325
NES-LTER_AE2426_ag_202411110643_003m_R1.sb,20241111,06:43:59,41.323,-70.5496,3.3,825.0,-0.047267,-0.001512
NES-LTER_AE2426_ag_202411110643_003m_R1.sb,20241111,06:43:59,41.323,-70.5496,3.3,826.0,-0.051292,-0.001687
NES-LTER_AE2426_ag_202411110643_003m_R1.sb,20241111,06:43:59,41.323,-70.5496,3.3,827.0,-0.056674,-0.001921
NES-LTER_AE2426_ag_202411110643_003m_R1.sb,20241111,06:43:59,41.323,-70.5496,3.3,828.0,-0.061435,-0.002128
NES-LTER_AE2426_ag_202411110643_003m_R1.sb,20241111,06:43:59,41.323,-70.5496,3.3,829.0,-0.066886,-0.002365
NES-LTER_AE2426_ag_202411110643_003m_R1.sb,20241111,06:43:59,41.323,-70.5496,3.3,830.0,-0.070152,-0.002507
NES-LTER_AE2426_ag_202411110643_003m_R1.sb,20241111,06:43:59,41.323,-70.5496,3.3,831.0,-0.073211,-0.00264
NES-LTER_AE2426_ag_202411110643_003m_R1.sb,20241111,06:43:59,41.323,-70.5496,3.3,832.0,-0.073579,-0.002656
NES-LTER_AE2426_ag_202411110643_003m_R1.sb,20241111,06:43:59,41.323,-70.5496,3.3,833.0,-0.072889,-0.002626
NES-LTER_AE2426_ag_202411110643_003m_R1.sb,20241111,06:43:59,41.323,-70.5496,3.3,834.0,-0.069623,-0.002484
NES-LTER_AE2426_ag_202411110643_003m_R1.sb,20241111,06:43:59,41.323,-70.5496,3.3,835.0,-0.067484,-0.002391
NES-LTER_AE2426_ag_202411110643_003m_R1.sb,20241111,06:43:59,41.323,-70.5496,3.3,836.0,-0.063873,-0.002234
NES-LTER_AE2426_ag_202411110643_003m_R1.sb,20241111,06:43:59,41.323,-70.5496,3.3,837.0,-0.060722,-0.002097
NES-LTER_AE2426_ag_202411110643_003m_R1.sb,20241111,06:43:59,41.323,-70.5496,3.3,838.0,-0.05603,-0.001893
NES-LTER_AE2426_ag_202411110643_003m_R1.sb,20241111,06:43:59,41.323,-70.5496,3.3,839.0,-0.052442,-0.001737
NES-LTER_AE2426_ag_202411110643_003m_R1.sb,20241111,06:43:59,41.323,-70.5496,3.3,840.0,-0.049015,-0.001588
NES-LTER_AE2426_ag_202411110643_003m_R1.sb,20241111,06:43:59,41.323,-70.5496,3.3,841.0,-0.047037,-0.001502
NES-LTER_AE2426_ag_202411110643_003m_R1.sb,20241111,06:43:59,41.323,-70.5496,3.3,842.0,-0.044852,-0.001407
NES-LTER_AE2426_ag_202411110643_003m_R1.sb,20241111,06:43:59,41.323,-70.5496,3.3,843.0,-0.042598,-0.001309
NES-LTER_AE2426_ag_202411110643_003m_R1.sb,20241111,06:43:59,41.323,-70.5496,3.3,844.0,-0.040068,-0.001199
NES-LTER_AE2426_ag_202411110643_003m_R1.sb,20241111,06:43:59,41.323,-70.5496,3.3,845.0,-0.03832,-0.001123
NES-LTER_AE2426_ag_202411110643_003m_R1.sb,20241111,06:43:59,41.323,-70.5496,3.3,846.0,-0.03786,-0.001103
NES-LTER_AE2426_ag_202411110643_003m_R1.sb,20241111,06:43:59,41.323,-70.5496,3.3,847.0,-0.036848,-0.001059
NES-LTER_AE2426_ag_202411110643_003m_R1.sb,20241111,06:43:59,41.323,-70.5496,3.3,848.0,-0.035468,-0.000999
NES-LTER_AE2426_ag_202411110643_003m_R1.sb,20241111,06:43:59,41.323,-70.5496,3.3,849.0,-0.033191,-0.0009
NES-LTER_AE2426_ag_202411110643_003m_R1.sb,20241111,06:43:59,41.323,-70.5496,3.3,850.0,-0.031719,-0.000836
